# https://github.com/mikedh/trimesh
v 0.01510725 -0.03432230 0.02995000 0.00000000 1.00000000 0.00000000
v 0.01329781 -0.03506306 0.00310000 0.00000000 1.00000000 0.00000000
v 0.01742724 -0.03320454 0.00310000 0.00000000 1.00000000 0.00000000
v 0.00897447 -0.03641029 0.00310000 0.00000000 1.00000000 0.00000000
v 0.00865906 -0.03442775 0.00050000 0.00000000 1.00000000 0.00000000
v 0.03722656 0.00452026 0.00310000 0.00000000 1.00000000 0.00000000
v 0.03750000 0.00000014 0.00310000 0.00000000 1.00000000 0.00000000
v 0.03548316 0.00109335 0.00050000 0.00000000 1.00000000 0.00000000
v -0.01329755 -0.03506316 0.00310000 0.00000000 1.00000000 0.00000000
v -0.00865881 -0.03442782 0.00050000 0.00000000 1.00000000 0.00000000
v -0.00897420 -0.03641036 0.00310000 0.00000000 1.00000000 0.00000000
v 0.00436266 -0.03523091 0.00050000 0.00000000 1.00000000 0.00000000
v 0.00000013 -0.03500000 -0.00000000 0.00000000 1.00000000 0.00000000
v 0.00430122 -0.03473470 -0.00000000 0.00000000 1.00000000 0.00000000
v 0.00452026 -0.03722656 0.00310000 0.00000000 1.00000000 0.00000000
v 0.00310634 -0.03737112 0.02995000 0.00000000 1.00000000 0.00000000
v 0.00000014 -0.03750000 0.00310000 0.00000000 1.00000000 0.00000000
v 0.00000013 -0.03550000 0.00050000 0.00000000 1.00000000 0.00000000
v 0.03320466 -0.01742700 0.00310000 0.00000000 1.00000000 0.00000000
v 0.04158547 -0.00781069 0.05539304 0.00000000 1.00000000 0.00000000
v 0.03086197 -0.02130231 0.00310000 0.00000000 1.00000000 0.00000000
v -0.01544996 -0.01000006 0.09000000 0.00000000 1.00000000 0.00000000
v -0.01501633 -0.03411644 0.03162559 0.00000000 1.00000000 0.00000000
v -0.01486353 -0.03376928 0.03265370 0.00000000 1.00000000 0.00000000
v 0.00000014 -0.03750000 0.02995000 0.00000000 1.00000000 0.00000000
v -0.00310607 -0.03737115 0.02995000 0.00000000 1.00000000 0.00000000
v -0.01201527 -0.03488441 0.03265370 0.00000000 1.00000000 0.00000000
v -0.01213879 -0.03524303 0.03162559 0.00000000 1.00000000 0.00000000
v -0.00908443 -0.03575979 0.03265370 0.00000000 1.00000000 0.00000000
v -0.00609115 -0.03638938 0.03265370 0.00000000 1.00000000 0.00000000
v 0.01741916 -0.03318808 0.02995000 0.00000000 1.00000000 0.00000000
v 0.02130254 -0.03086181 0.00310000 0.00000000 1.00000000 0.00000000
v 0.02056639 -0.03135719 0.02995000 0.00000000 1.00000000 0.00000000
v 0.02051108 -0.02897491 0.00050000 0.00000000 1.00000000 0.00000000
v 0.02486720 -0.02806905 0.00310000 0.00000000 1.00000000 0.00000000
v 0.02309310 -0.02954589 0.02995000 0.00000000 1.00000000 0.00000000
v 0.00923350 -0.03634546 0.02995000 0.00000000 1.00000000 0.00000000
v 0.00897239 -0.03640038 0.02995000 0.00000000 1.00000000 0.00000000
v 0.00922657 -0.03631814 0.03054759 0.00000000 1.00000000 0.00000000
v 0.00618654 -0.03695759 0.03054759 0.00000000 1.00000000 0.00000000
v 0.03506306 0.01329781 0.00310000 0.00000000 1.00000000 0.00000000
v 0.04197229 0.00677824 0.05365715 0.00000000 1.00000000 0.00000000
v 0.03641028 0.00897447 0.00310000 0.00000000 1.00000000 0.00000000
v 0.04147117 0.00786222 0.05372044 0.00000000 1.00000000 0.00000000
v 0.03320454 0.01742724 0.00310000 0.00000000 1.00000000 0.00000000
v 0.03086182 0.02130255 0.00310000 0.00000000 1.00000000 0.00000000
v 0.02832953 0.02139363 0.00050000 0.00000000 1.00000000 0.00000000
v 0.02806906 0.02486721 0.00310000 0.00000000 1.00000000 0.00000000
v -0.02548596 0.02471266 0.00050000 0.00000000 1.00000000 0.00000000
v -0.02225590 0.02765728 0.00050000 0.00000000 1.00000000 0.00000000
v -0.02194243 0.02726774 -0.00000000 0.00000000 1.00000000 0.00000000
v -0.02806924 0.02486700 0.00310000 0.00000000 1.00000000 0.00000000
v -0.02486720 0.02806906 0.00310000 0.00000000 1.00000000 0.00000000
v -0.03722660 0.00451999 0.00310000 0.00000000 1.00000000 0.00000000
v -0.03507989 0.00544528 0.00050000 0.00000000 1.00000000 0.00000000
v -0.03548317 0.00109309 0.00050000 0.00000000 1.00000000 0.00000000
v -0.03506316 0.01329755 0.00310000 0.00000000 1.00000000 0.00000000
v -0.03641035 0.00897420 0.00310000 0.00000000 1.00000000 0.00000000
v -0.04197117 0.00677823 0.05364873 0.00000000 1.00000000 0.00000000
v -0.01221208 -0.03545582 0.02995000 0.00000000 1.00000000 0.00000000
v -0.02806906 -0.02486720 0.00310000 0.00000000 1.00000000 0.00000000
v -0.02391610 -0.02623490 0.00050000 0.00000000 1.00000000 0.00000000
v -0.02486700 -0.02806924 0.00310000 0.00000000 1.00000000 0.00000000
v 0.03049999 0.00200012 -0.00273978 0.00000000 1.00000000 0.00000000
v 0.00215450 0.03493363 -0.00000000 0.00000000 1.00000000 0.00000000
v 0.03084729 0.00196973 -0.00273978 0.00000000 1.00000000 0.00000000
v 0.00643111 0.03440409 -0.00000000 0.00000000 1.00000000 0.00000000
v -0.00897447 0.03641028 0.00310000 0.00000000 1.00000000 0.00000000
v -0.01076204 0.03382940 0.00050000 0.00000000 1.00000000 0.00000000
v -0.01329781 0.03506306 0.00310000 0.00000000 1.00000000 0.00000000
v 0.00652298 0.03489557 0.00050000 0.00000000 1.00000000 0.00000000
v 0.01061022 0.03335301 -0.00000000 0.00000000 1.00000000 0.00000000
v 0.03118403 0.00187950 -0.00273978 0.00000000 1.00000000 0.00000000
v 0.03414478 0.00971516 0.00050000 0.00000000 1.00000000 0.00000000
v 0.03951536 -0.00962810 0.05820722 0.00000000 1.00000000 0.00000000
v 0.03997308 -0.00920401 0.05836188 0.00000000 1.00000000 0.00000000
v 0.03898208 -0.00959650 0.05956563 0.00000000 1.00000000 0.00000000
v 0.00109024 -0.03543276 0.00050000 0.00000000 1.00000000 0.00000000
v -0.00436241 -0.03523094 0.00050000 0.00000000 1.00000000 0.00000000
v 0.00543625 -0.03503022 0.00050000 0.00000000 1.00000000 0.00000000
v 0.00619120 -0.03698538 0.02995000 0.00000000 1.00000000 0.00000000
v -0.01264334 -0.03263658 -0.00000000 0.00000000 1.00000000 0.00000000
v -0.01282396 -0.03310281 0.00050000 0.00000000 1.00000000 0.00000000
v -0.01679471 -0.03127600 0.00050000 0.00000000 1.00000000 0.00000000
v -0.01742700 -0.03320467 0.00310000 0.00000000 1.00000000 0.00000000
v -0.03133066 -0.01560095 -0.00000000 0.00000000 1.00000000 0.00000000
v -0.03301036 -0.01163254 -0.00000000 0.00000000 1.00000000 0.00000000
v 0.02862062 -0.00068393 -0.00273978 0.00000000 1.00000000 0.00000000
v 0.02806924 -0.02486699 0.00310000 0.00000000 1.00000000 0.00000000
v 0.02546108 -0.02753149 0.02995000 0.00000000 1.00000000 0.00000000
v 0.02391629 -0.02623473 0.00050000 0.00000000 1.00000000 0.00000000
v -0.00430096 -0.03473473 -0.00000000 0.00000000 1.00000000 0.00000000
v 0.03050001 -0.00199989 -0.00273978 0.00000000 1.00000000 0.00000000
v 0.03015271 -0.00196950 -0.00273978 0.00000000 1.00000000 0.00000000
v -0.02230568 -0.00984533 0.08221553 0.00000000 1.00000000 0.00000000
v -0.03756239 -0.01014940 0.06033791 0.00000000 1.00000000 0.00000000
v -0.01779067 -0.03275536 0.03162559 0.00000000 1.00000000 0.00000000
v -0.03829673 -0.00951453 0.06086975 0.00000000 1.00000000 0.00000000
v -0.02167640 -0.00984533 0.08301292 0.00000000 1.00000000 0.00000000
v 0.01545004 -0.00999994 0.09000000 0.00000000 1.00000000 0.00000000
v 0.00609142 -0.03638934 0.03265370 0.00000000 1.00000000 0.00000000
v 0.00908470 -0.03575972 0.03265370 0.00000000 1.00000000 0.00000000
v 0.00000014 -0.03689566 0.03265370 0.00000000 1.00000000 0.00000000
v 0.00917809 -0.03612733 0.03162559 0.00000000 1.00000000 0.00000000
v 0.01221235 -0.03545573 0.02995000 0.00000000 1.00000000 0.00000000
v 0.02167647 -0.00984517 0.08301292 0.00000000 1.00000000 0.00000000
v 0.02231294 -0.00914005 0.08355933 0.00000000 1.00000000 0.00000000
v 0.01201553 -0.03488433 0.03265370 0.00000000 1.00000000 0.00000000
v 0.01509590 -0.03429651 0.03054759 0.00000000 1.00000000 0.00000000
v 0.01788488 -0.03292823 0.03054759 0.00000000 1.00000000 0.00000000
v 0.03851552 -0.00997664 0.05932486 0.00000000 1.00000000 0.00000000
v 0.02044296 -0.03116900 0.03162559 0.00000000 1.00000000 0.00000000
v 0.02295450 -0.02936856 0.03162559 0.00000000 1.00000000 0.00000000
v 0.01789833 -0.03295300 0.02995000 0.00000000 1.00000000 0.00000000
v 0.04242833 0.00470015 0.05448384 0.00000000 1.00000000 0.00000000
v 0.04237817 -0.00469984 0.05383344 0.00000000 1.00000000 0.00000000
v 0.04225461 0.00567139 0.05362149 0.00000000 1.00000000 0.00000000
v 0.04241226 -0.00511348 0.05505681 0.00000000 1.00000000 0.00000000
v 0.04244304 -0.00469984 0.05499404 0.00000000 1.00000000 0.00000000
v 0.04241462 -0.00511144 0.05510138 0.00000000 1.00000000 0.00000000
v 0.04243228 -0.00469984 0.05560276 0.00000000 1.00000000 0.00000000
v 0.04244333 0.00470015 0.05506549 0.00000000 1.00000000 0.00000000
v 0.03074384 0.01775012 0.00050000 0.00000000 1.00000000 0.00000000
v 0.04031090 0.00924144 0.05689114 0.00000000 1.00000000 0.00000000
v 0.02544175 0.02751099 0.03054759 0.00000000 1.00000000 0.00000000
v 0.02307552 0.02952384 0.03054759 0.00000000 1.00000000 0.00000000
v 0.02965684 0.02295042 0.02995000 0.00000000 1.00000000 0.00000000
v 0.04086499 0.00882202 0.05539477 0.00000000 1.00000000 0.00000000
v 0.00609115 0.03638938 0.03265370 0.00000000 1.00000000 0.00000000
v 0.00305601 0.03676887 0.03265370 0.00000000 1.00000000 0.00000000
v 0.01544996 0.01000005 0.09000000 0.00000000 1.00000000 0.00000000
v 0.00908443 0.03575979 0.03265370 0.00000000 1.00000000 0.00000000
v 0.02309288 0.02954605 0.02995000 0.00000000 1.00000000 0.00000000
v 0.02486700 0.02806924 0.00310000 0.00000000 1.00000000 0.00000000
v 0.02130232 0.03086198 0.00310000 0.00000000 1.00000000 0.00000000
v 0.01742700 0.03320466 0.00310000 0.00000000 1.00000000 0.00000000
v 0.02056616 0.03135735 0.02995000 0.00000000 1.00000000 0.00000000
v 0.01483747 0.03225057 0.00050000 0.00000000 1.00000000 0.00000000
v 0.01329755 0.03506316 0.00310000 0.00000000 1.00000000 0.00000000
v -0.01842523 0.02975754 -0.00000000 0.00000000 1.00000000 0.00000000
v 0.02921442 0.00153220 -0.00273978 0.00000000 1.00000000 0.00000000
v -0.02512701 0.02436460 -0.00000000 0.00000000 1.00000000 0.00000000
v -0.02793068 0.02109211 -0.00000000 0.00000000 1.00000000 0.00000000
v 0.02981595 0.00187950 -0.00273978 0.00000000 1.00000000 0.00000000
v -0.01462873 0.03179623 -0.00000000 0.00000000 1.00000000 0.00000000
v -0.01061047 0.03335293 -0.00000000 0.00000000 1.00000000 0.00000000
v -0.00643136 0.03440404 -0.00000000 0.00000000 1.00000000 0.00000000
v 0.03015270 0.00196972 -0.00273978 0.00000000 1.00000000 0.00000000
v -0.03320466 0.01742699 0.00310000 0.00000000 1.00000000 0.00000000
v -0.03086197 0.02130232 0.00310000 0.00000000 1.00000000 0.00000000
v -0.03074397 0.01774989 0.00050000 0.00000000 1.00000000 0.00000000
v 0.02896791 0.00128568 -0.00273978 0.00000000 1.00000000 0.00000000
v 0.02876795 0.00100011 -0.00273978 0.00000000 1.00000000 0.00000000
v -0.03544953 0.00000143 0.00050000 0.00000000 1.00000000 0.00000000
v -0.03498340 0.00107770 -0.00000000 0.00000000 1.00000000 0.00000000
v -0.03485069 -0.00322952 -0.00000000 0.00000000 1.00000000 0.00000000
v -0.04237817 0.00469984 0.05383344 0.00000000 1.00000000 0.00000000
v -0.04242833 -0.00470015 0.05448384 0.00000000 1.00000000 0.00000000
v -0.04244304 0.00469984 0.05499404 0.00000000 1.00000000 0.00000000
v -0.01221235 0.03545573 0.02995000 0.00000000 1.00000000 0.00000000
v -0.00917782 -0.03612740 0.03162559 0.00000000 1.00000000 0.00000000
v -0.01220291 -0.03542917 0.03054759 0.00000000 1.00000000 0.00000000
v -0.00923324 -0.03634552 0.02995000 0.00000000 1.00000000 0.00000000
v -0.02056616 -0.03135734 0.02995000 0.00000000 1.00000000 0.00000000
v -0.02130231 -0.03086197 0.00310000 0.00000000 1.00000000 0.00000000
v -0.00215476 0.03493361 -0.00000000 0.00000000 1.00000000 0.00000000
v -0.00652324 0.03489552 0.00050000 0.00000000 1.00000000 0.00000000
v -0.00452026 0.03722656 0.00310000 0.00000000 1.00000000 0.00000000
v 0.00451999 0.03722660 0.00310000 0.00000000 1.00000000 0.00000000
v 0.00897420 0.03641035 0.00310000 0.00000000 1.00000000 0.00000000
v 0.02793053 0.02109232 -0.00000000 0.00000000 1.00000000 0.00000000
v 0.03031083 0.01750011 -0.00000000 0.00000000 1.00000000 0.00000000
v 0.02548578 0.02471285 0.00050000 0.00000000 1.00000000 0.00000000
v 0.02512683 0.02436478 -0.00000000 0.00000000 1.00000000 0.00000000
v 0.01076179 0.03382948 0.00050000 0.00000000 1.00000000 0.00000000
v 0.01462850 0.03179634 -0.00000000 0.00000000 1.00000000 0.00000000
v 0.01842502 0.02975767 -0.00000000 0.00000000 1.00000000 0.00000000
v 0.03223204 0.00100012 -0.00273978 0.00000000 1.00000000 0.00000000
v 0.03534858 -0.00327540 0.00050000 0.00000000 1.00000000 0.00000000
v 0.03507985 0.00544553 0.00050000 0.00000000 1.00000000 0.00000000
v 0.03366386 0.00957833 -0.00000000 0.00000000 1.00000000 0.00000000
v 0.02327355 -0.00871638 0.08291647 0.00000000 1.00000000 0.00000000
v 0.03893069 -0.00873156 0.06132885 0.00000000 1.00000000 0.00000000
v 0.02355621 -0.00830119 0.08312117 0.00000000 1.00000000 0.00000000
v 0.04038774 -0.00873336 0.05850198 0.00000000 1.00000000 0.00000000
v 0.03941385 -0.00916252 0.05978844 0.00000000 1.00000000 0.00000000
v 0.03829680 -0.00951424 0.06086975 0.00000000 1.00000000 0.00000000
v 0.03756247 -0.01014913 0.06033791 0.00000000 1.00000000 0.00000000
v 0.02230575 -0.00984517 0.08221553 0.00000000 1.00000000 0.00000000
v 0.02284794 -0.00830120 0.08401863 0.00000000 1.00000000 0.00000000
v 0.02960116 -0.00469989 0.07674293 0.00000000 1.00000000 0.00000000
v 0.04013372 -0.00469985 0.06220015 0.00000000 1.00000000 0.00000000
v 0.02960116 -0.00464989 0.07674327 0.00000000 1.00000000 0.00000000
v 0.01915002 -0.00524752 0.08833487 0.00000000 1.00000000 0.00000000
v 0.01916283 -0.00464993 0.08835997 0.00000000 1.00000000 0.00000000
v 0.01914998 0.00524765 0.08833487 0.00000000 1.00000000 0.00000000
v 0.02081869 0.00524766 0.08734164 0.00000000 1.00000000 0.00000000
v 0.01916279 0.00465007 0.08835997 0.00000000 1.00000000 0.00000000
v -0.00451999 -0.03722660 0.00310000 0.00000000 1.00000000 0.00000000
v -0.00451602 -0.03719486 0.02995000 0.00000000 1.00000000 0.00000000
v -0.00619093 -0.03698543 0.02995000 0.00000000 1.00000000 0.00000000
v 0.00451629 -0.03719482 0.02995000 0.00000000 1.00000000 0.00000000
v 0.00310401 -0.03734304 0.03054759 0.00000000 1.00000000 0.00000000
v -0.02051087 -0.02897506 0.00050000 0.00000000 1.00000000 0.00000000
v -0.01178316 -0.03343391 0.00050000 0.00000000 1.00000000 0.00000000
v -0.03418966 -0.00748778 -0.00000000 0.00000000 1.00000000 0.00000000
v -0.02695879 -0.02309706 0.00050000 0.00000000 1.00000000 0.00000000
v -0.02357925 -0.02586540 -0.00000000 0.00000000 1.00000000 0.00000000
v -0.03086182 -0.02130254 0.00310000 0.00000000 1.00000000 0.00000000
v 0.04125188 -0.00833160 0.05538485 0.00000000 1.00000000 0.00000000
v 0.02965701 -0.02295021 0.02995000 0.00000000 1.00000000 0.00000000
v 0.04086514 -0.00882220 0.05537536 0.00000000 1.00000000 0.00000000
v 0.02765408 -0.02532789 0.02995000 0.00000000 1.00000000 0.00000000
v 0.04031202 -0.00924131 0.05688427 0.00000000 1.00000000 0.00000000
v 0.01381642 -0.03264623 0.00050000 0.00000000 1.00000000 0.00000000
v 0.01679494 -0.03127587 0.00050000 0.00000000 1.00000000 0.00000000
v 0.01282420 -0.03310271 0.00050000 0.00000000 1.00000000 0.00000000
v 0.02695896 -0.02309686 0.00050000 0.00000000 1.00000000 0.00000000
v -0.00853685 -0.03394292 -0.00000000 0.00000000 1.00000000 0.00000000
v -0.02657909 -0.02277173 -0.00000000 0.00000000 1.00000000 0.00000000
v -0.02917601 -0.01933288 -0.00000000 0.00000000 1.00000000 0.00000000
v 0.02876795 -0.00099990 -0.00273978 0.00000000 1.00000000 0.00000000
v -0.01655816 -0.03083549 -0.00000000 0.00000000 1.00000000 0.00000000
v -0.04074771 -0.00822333 0.05864352 0.00000000 1.00000000 0.00000000
v -0.04014294 -0.00816037 0.06017404 0.00000000 1.00000000 0.00000000
v -0.04077531 -0.00764685 0.05954973 0.00000000 1.00000000 0.00000000
v -0.02546088 -0.02753168 0.02995000 0.00000000 1.00000000 0.00000000
v -0.02544175 -0.02751100 0.03054759 0.00000000 1.00000000 0.00000000
v -0.02765390 -0.02532809 0.02995000 0.00000000 1.00000000 0.00000000
v -0.02965684 -0.02295042 0.02995000 0.00000000 1.00000000 0.00000000
v -0.04086500 -0.00882203 0.05539477 0.00000000 1.00000000 0.00000000
v -0.03941103 -0.00916260 0.05979565 0.00000000 1.00000000 0.00000000
v -0.03897939 -0.00959662 0.05957250 0.00000000 1.00000000 0.00000000
v -0.02044273 -0.03116915 0.03162559 0.00000000 1.00000000 0.00000000
v -0.02055070 -0.03133378 0.03054759 0.00000000 1.00000000 0.00000000
v 0.00308770 -0.03714683 0.03162559 0.00000000 1.00000000 0.00000000
v 0.00000014 -0.03747182 0.03054759 0.00000000 1.00000000 0.00000000
v 0.00615404 -0.03676341 0.03162559 0.00000000 1.00000000 0.00000000
v 0.00305628 -0.03676885 0.03265370 0.00000000 1.00000000 0.00000000
v -0.00305601 -0.03676887 0.03265370 0.00000000 1.00000000 0.00000000
v 0.01220317 -0.03542908 0.03054759 0.00000000 1.00000000 0.00000000
v 0.02055093 -0.03133363 0.03054759 0.00000000 1.00000000 0.00000000
v 0.04214008 0.00622383 0.05363596 0.00000000 1.00000000 0.00000000
v 0.04238509 0.00514830 0.05431739 0.00000000 1.00000000 0.00000000
v 0.04244245 0.00470015 0.05503139 0.00000000 1.00000000 0.00000000
v 0.03269209 0.01383752 0.00050000 0.00000000 1.00000000 0.00000000
v 0.02763311 0.02530905 0.03054759 0.00000000 1.00000000 0.00000000
v 0.02765389 0.02532809 0.02995000 0.00000000 1.00000000 0.00000000
v 0.02805332 0.02485394 0.02995000 0.00000000 1.00000000 0.00000000
v 0.04125172 0.00833132 0.05540498 0.00000000 1.00000000 0.00000000
v 0.02326550 0.00735379 0.08437716 0.00000000 1.00000000 0.00000000
v 0.02430911 0.00632568 0.08366650 0.00000000 1.00000000 0.00000000
v 0.02416328 0.00681374 0.08356089 0.00000000 1.00000000 0.00000000
v -0.00000014 0.03689566 0.03265370 0.00000000 1.00000000 0.00000000
v -0.00000014 0.03727494 0.03162559 0.00000000 1.00000000 0.00000000
v -0.01545004 0.00999994 0.09000000 0.00000000 1.00000000 0.00000000
v -0.00305628 0.03676885 0.03265370 0.00000000 1.00000000 0.00000000
v 0.01201528 0.03488441 0.03265370 0.00000000 1.00000000 0.00000000
v 0.00308743 0.03714686 0.03162559 0.00000000 1.00000000 0.00000000
v 0.00310374 0.03734306 0.03054759 0.00000000 1.00000000 0.00000000
v 0.00917782 0.03612740 0.03162559 0.00000000 1.00000000 0.00000000
v 0.01213879 0.03524303 0.03162559 0.00000000 1.00000000 0.00000000
v 0.02128700 0.03084061 0.02995000 0.00000000 1.00000000 0.00000000
v 0.02546088 0.02753168 0.02995000 0.00000000 1.00000000 0.00000000
v 0.01868823 0.03018278 0.00050000 0.00000000 1.00000000 0.00000000
v -0.01483771 0.03225046 0.00050000 0.00000000 1.00000000 0.00000000
v -0.01742724 0.03320454 0.00310000 0.00000000 1.00000000 0.00000000
v -0.02130254 0.03086182 0.00310000 0.00000000 1.00000000 0.00000000
v 0.02949999 0.00173216 -0.00273978 0.00000000 1.00000000 0.00000000
v -0.04244238 0.00469984 0.05503136 0.00000000 1.00000000 0.00000000
v -0.04241462 0.00511143 0.05510138 0.00000000 1.00000000 0.00000000
v -0.04244333 -0.00470015 0.05506549 0.00000000 1.00000000 0.00000000
v -0.04213896 0.00622384 0.05362741 0.00000000 1.00000000 0.00000000
v -0.04241226 0.00511348 0.05505681 0.00000000 1.00000000 0.00000000
v -0.04233929 0.00563378 0.05450973 0.00000000 1.00000000 0.00000000
v -0.04235360 0.00516437 0.05395001 0.00000000 1.00000000 0.00000000
v -0.04225350 0.00567143 0.05361286 0.00000000 1.00000000 0.00000000
v -0.02832969 0.02139343 0.00050000 0.00000000 1.00000000 0.00000000
v -0.03031095 0.01749989 -0.00000000 0.00000000 1.00000000 0.00000000
v -0.03414485 0.00971491 0.00050000 0.00000000 1.00000000 0.00000000
v -0.03269220 0.01383728 0.00050000 0.00000000 1.00000000 0.00000000
v -0.03366393 0.00957808 -0.00000000 0.00000000 1.00000000 0.00000000
v -0.04244245 -0.00470015 0.05503139 0.00000000 1.00000000 0.00000000
v -0.03750000 -0.00000014 0.00310000 0.00000000 1.00000000 0.00000000
v -0.01510725 0.03432231 0.02995000 0.00000000 1.00000000 0.00000000
v -0.00619120 0.03698539 0.02995000 0.00000000 1.00000000 0.00000000
v -0.00615377 -0.03676346 0.03162559 0.00000000 1.00000000 0.00000000
v -0.00897212 -0.03640045 0.02995000 0.00000000 1.00000000 0.00000000
v -0.01510700 -0.03432241 0.02995000 0.00000000 1.00000000 0.00000000
v -0.00000013 0.03550000 0.00050000 0.00000000 1.00000000 0.00000000
v -0.00326945 0.03529844 0.00050000 0.00000000 1.00000000 0.00000000
v 0.00218528 0.03543267 0.00050000 0.00000000 1.00000000 0.00000000
v -0.00000014 0.03750000 0.00310000 0.00000000 1.00000000 0.00000000
v 0.02136425 0.02828848 0.00050000 0.00000000 1.00000000 0.00000000
v 0.02194223 0.02726790 -0.00000000 0.00000000 1.00000000 0.00000000
v 0.02225569 0.02765744 0.00050000 0.00000000 1.00000000 0.00000000
v 0.01381904 0.03264511 0.00050000 0.00000000 1.00000000 0.00000000
v 0.03223164 0.01364262 -0.00000000 0.00000000 1.00000000 0.00000000
v 0.03203208 0.00128569 -0.00273978 0.00000000 1.00000000 0.00000000
v 0.03500000 0.00000013 -0.00000000 0.00000000 1.00000000 0.00000000
v 0.03722660 -0.00451999 0.00310000 0.00000000 1.00000000 0.00000000
v 0.03899472 -0.00861864 0.06137522 0.00000000 1.00000000 0.00000000
v 0.03944488 -0.00782486 0.06170125 0.00000000 1.00000000 0.00000000
v 0.03980373 -0.00868117 0.05998964 0.00000000 1.00000000 0.00000000
v 0.02264200 -0.00949617 0.08245907 0.00000000 1.00000000 0.00000000
v 0.02298513 -0.00914004 0.08270758 0.00000000 1.00000000 0.00000000
v 0.03863182 -0.00910058 0.06111239 0.00000000 1.00000000 0.00000000
v 0.04005571 0.00575281 0.06214368 0.00000000 1.00000000 0.00000000
v 0.03982369 0.00682197 0.06197564 0.00000000 1.00000000 0.00000000
v 0.02081873 -0.00524751 0.08734164 0.00000000 1.00000000 0.00000000
v 0.02083468 -0.00464992 0.08736487 0.00000000 1.00000000 0.00000000
v 0.02083465 0.00465008 0.08736487 0.00000000 1.00000000 0.00000000
v -0.02306519 -0.02691962 0.00050000 0.00000000 1.00000000 0.00000000
v -0.04125172 -0.00833132 0.05540498 0.00000000 1.00000000 0.00000000
v -0.04074072 -0.00878038 0.05696789 0.00000000 1.00000000 0.00000000
v -0.02959281 -0.01960906 0.00050000 0.00000000 1.00000000 0.00000000
v 0.04074188 -0.00878029 0.05696072 0.00000000 1.00000000 0.00000000
v 0.02307574 -0.02952367 0.03054759 0.00000000 1.00000000 0.00000000
v 0.02544195 -0.02751081 0.03054759 0.00000000 1.00000000 0.00000000
v 0.01772353 -0.03070091 0.00050000 0.00000000 1.00000000 0.00000000
v 0.01655839 -0.03083537 -0.00000000 0.00000000 1.00000000 0.00000000
v 0.03118405 -0.00187927 -0.00273978 0.00000000 1.00000000 0.00000000
v 0.03150000 -0.00173194 -0.00273978 0.00000000 1.00000000 0.00000000
v 0.00969986 -0.03409666 0.00050000 0.00000000 1.00000000 0.00000000
v 0.03177836 -0.01582360 0.00050000 0.00000000 1.00000000 0.00000000
v 0.02917616 -0.01933267 -0.00000000 0.00000000 1.00000000 0.00000000
v 0.03133077 -0.01560072 -0.00000000 0.00000000 1.00000000 0.00000000
v 0.04147007 -0.00786215 0.05371238 0.00000000 1.00000000 0.00000000
v 0.04174833 -0.00732702 0.05367703 0.00000000 1.00000000 0.00000000
v 0.04233929 -0.00563378 0.05450973 0.00000000 1.00000000 0.00000000
v 0.03084731 -0.00196950 -0.00273978 0.00000000 1.00000000 0.00000000
v 0.02896792 -0.00128547 -0.00273978 0.00000000 1.00000000 0.00000000
v 0.02921443 -0.00153198 -0.00273978 0.00000000 1.00000000 0.00000000
v -0.02022198 -0.02856696 -0.00000000 0.00000000 1.00000000 0.00000000
v 0.02950000 -0.00173194 -0.00273978 0.00000000 1.00000000 0.00000000
v -0.02298506 -0.00914021 0.08270758 0.00000000 1.00000000 0.00000000
v -0.03893063 -0.00873184 0.06132885 0.00000000 1.00000000 0.00000000
v -0.02327349 -0.00871655 0.08291647 0.00000000 1.00000000 0.00000000
v -0.01201553 0.03488433 0.03265370 0.00000000 1.00000000 0.00000000
v -0.00908470 0.03575972 0.03265370 0.00000000 1.00000000 0.00000000
v -0.01486378 0.03376917 0.03265370 0.00000000 1.00000000 0.00000000
v -0.04154931 -0.00716160 0.05799384 0.00000000 1.00000000 0.00000000
v -0.04131581 -0.00712171 0.05883656 0.00000000 1.00000000 0.00000000
v -0.04175586 -0.00659282 0.05804701 0.00000000 1.00000000 0.00000000
v -0.02763311 -0.02530906 0.03054759 0.00000000 1.00000000 0.00000000
v -0.02264193 -0.00949634 0.08245907 0.00000000 1.00000000 0.00000000
v -0.02231287 -0.00914021 0.08355933 0.00000000 1.00000000 0.00000000
v -0.03851295 -0.00997681 0.05933135 0.00000000 1.00000000 0.00000000
v -0.03951037 -0.00962804 0.05822309 0.00000000 1.00000000 0.00000000
v 0.00000014 -0.03727493 0.03162559 0.00000000 1.00000000 0.00000000
v 0.01501658 -0.03411632 0.03162559 0.00000000 1.00000000 0.00000000
v 0.04222750 0.00618858 0.05453163 0.00000000 1.00000000 0.00000000
v 0.04231573 0.00470015 0.05333652 0.00000000 1.00000000 0.00000000
v 0.04158528 0.00781031 0.05541379 0.00000000 1.00000000 0.00000000
v 0.04074071 0.00878038 0.05696789 0.00000000 1.00000000 0.00000000
v 0.02284788 0.00830136 0.08401863 0.00000000 1.00000000 0.00000000
v 0.02231287 0.00914021 0.08355933 0.00000000 1.00000000 0.00000000
v 0.02167640 0.00984533 0.08301292 0.00000000 1.00000000 0.00000000
v 0.02264193 0.00949634 0.08245907 0.00000000 1.00000000 0.00000000
v 0.02298506 0.00914021 0.08270758 0.00000000 1.00000000 0.00000000
v 0.02400192 0.00735379 0.08344402 0.00000000 1.00000000 0.00000000
v 0.02070723 0.00632567 0.08717935 0.00000000 1.00000000 0.00000000
v 0.02159220 0.00830136 0.08530247 0.00000000 1.00000000 0.00000000
v 0.02195990 0.00735378 0.08571203 0.00000000 1.00000000 0.00000000
v 0.02221329 0.00632568 0.08599427 0.00000000 1.00000000 0.00000000
v 0.02230568 0.00984533 0.08221553 0.00000000 1.00000000 0.00000000
v 0.01779067 0.03275536 0.03162559 0.00000000 1.00000000 0.00000000
v 0.03851295 0.00997680 0.05933135 0.00000000 1.00000000 0.00000000
v 0.02044273 0.03116915 0.03162559 0.00000000 1.00000000 0.00000000
v 0.02295428 0.02936872 0.03162559 0.00000000 1.00000000 0.00000000
v 0.01501633 0.03411644 0.03162559 0.00000000 1.00000000 0.00000000
v 0.01509565 0.03429663 0.03054759 0.00000000 1.00000000 0.00000000
v 0.03893062 0.00873184 0.06132885 0.00000000 1.00000000 0.00000000
v 0.03829673 0.00951452 0.06086975 0.00000000 1.00000000 0.00000000
v 0.03781099 0.00993447 0.06051796 0.00000000 1.00000000 0.00000000
v 0.02327349 0.00871655 0.08291647 0.00000000 1.00000000 0.00000000
v 0.02355614 0.00830137 0.08312117 0.00000000 1.00000000 0.00000000
v 0.03897939 0.00959662 0.05957250 0.00000000 1.00000000 0.00000000
v 0.01220291 0.03542917 0.03054759 0.00000000 1.00000000 0.00000000
v 0.02485102 0.02805047 0.02995000 0.00000000 1.00000000 0.00000000
v -0.01579994 0.03173375 0.00050000 0.00000000 1.00000000 0.00000000
v -0.01868845 0.03018264 0.00050000 0.00000000 1.00000000 0.00000000
v -0.03223174 0.01364239 -0.00000000 0.00000000 1.00000000 0.00000000
v 0.02853038 -0.00034719 -0.00273978 0.00000000 1.00000000 0.00000000
v 0.02853038 0.00034740 -0.00273978 0.00000000 1.00000000 0.00000000
v -0.03458581 0.00536858 -0.00000000 0.00000000 1.00000000 0.00000000
v -0.04171796 -0.00719916 0.05714239 0.00000000 1.00000000 0.00000000
v -0.04144785 -0.00775074 0.05709416 0.00000000 1.00000000 0.00000000
v -0.04182242 -0.00723441 0.05628487 0.00000000 1.00000000 0.00000000
v -0.04222750 -0.00618858 0.05453163 0.00000000 1.00000000 0.00000000
v -0.04225461 -0.00567140 0.05362149 0.00000000 1.00000000 0.00000000
v -0.04214008 -0.00622383 0.05363596 0.00000000 1.00000000 0.00000000
v -0.04224748 -0.00615043 0.05543127 0.00000000 1.00000000 0.00000000
v -0.04203967 -0.00667435 0.05630703 0.00000000 1.00000000 0.00000000
v -0.04220008 -0.00610975 0.05632340 0.00000000 1.00000000 0.00000000
v -0.04235695 -0.00559224 0.05543416 0.00000000 1.00000000 0.00000000
v -0.04230571 -0.00554842 0.05633418 0.00000000 1.00000000 0.00000000
v -0.04231573 -0.00470015 0.05333652 0.00000000 1.00000000 0.00000000
v -0.03534855 -0.00327566 0.00050000 0.00000000 1.00000000 0.00000000
v -0.02765408 0.02532789 0.02995000 0.00000000 1.00000000 0.00000000
v -0.02763330 0.02530885 0.03054759 0.00000000 1.00000000 0.00000000
v -0.02544195 0.02751080 0.03054759 0.00000000 1.00000000 0.00000000
v -0.04086514 0.00882221 0.05537536 0.00000000 1.00000000 0.00000000
v -0.04222679 0.00618894 0.05451547 0.00000000 1.00000000 0.00000000
v -0.02485123 0.02805029 0.02995000 0.00000000 1.00000000 0.00000000
v -0.02307574 0.02952368 0.03054759 0.00000000 1.00000000 0.00000000
v -0.04158547 0.00781069 0.05539304 0.00000000 1.00000000 0.00000000
v -0.04147007 0.00786215 0.05371238 0.00000000 1.00000000 0.00000000
v -0.04174833 0.00732702 0.05367703 0.00000000 1.00000000 0.00000000
v -0.04186313 0.00726796 0.05539986 0.00000000 1.00000000 0.00000000
v -0.00310634 0.03737112 0.02995000 0.00000000 1.00000000 0.00000000
v -0.00000014 0.03750000 0.02995000 0.00000000 1.00000000 0.00000000
v -0.00923350 0.03634546 0.02995000 0.00000000 1.00000000 0.00000000
v -0.00609142 0.03638934 0.03265370 0.00000000 1.00000000 0.00000000
v -0.00618628 -0.03695764 0.03054759 0.00000000 1.00000000 0.00000000
v -0.00308743 -0.03714686 0.03162559 0.00000000 1.00000000 0.00000000
v -0.01789808 -0.03295313 0.02995000 0.00000000 1.00000000 0.00000000
v -0.01509565 -0.03429662 0.03054759 0.00000000 1.00000000 0.00000000
v -0.00218554 0.03543266 0.00050000 0.00000000 1.00000000 0.00000000
v 0.00109258 0.03546634 0.00050000 0.00000000 1.00000000 0.00000000
v 0.02467865 0.02544865 0.00050000 0.00000000 1.00000000 0.00000000
v 0.03220526 0.01481520 0.00050000 0.00000000 1.00000000 0.00000000
v 0.03178556 0.00153221 -0.00273978 0.00000000 1.00000000 0.00000000
v 0.03203209 -0.00128546 -0.00273978 0.00000000 1.00000000 0.00000000
v 0.03223205 -0.00099988 -0.00273978 0.00000000 1.00000000 0.00000000
v 0.03250000 0.00000012 -0.00273978 0.00000000 1.00000000 0.00000000
v 0.03246961 0.00034741 -0.00273978 0.00000000 1.00000000 0.00000000
v 0.03246962 -0.00034718 -0.00273978 0.00000000 1.00000000 0.00000000
v 0.03538238 0.00218088 0.00050000 0.00000000 1.00000000 0.00000000
v 0.03458577 0.00536884 -0.00000000 0.00000000 1.00000000 0.00000000
v 0.03237938 0.00068416 -0.00273978 0.00000000 1.00000000 0.00000000
v 0.04061725 -0.00522948 0.06142949 0.00000000 1.00000000 0.00000000
v 0.04054835 -0.00581285 0.06138710 0.00000000 1.00000000 0.00000000
v 0.04105811 -0.00528865 0.06063696 0.00000000 1.00000000 0.00000000
v 0.04005575 -0.00575252 0.06214368 0.00000000 1.00000000 0.00000000
v 0.02378585 -0.00781303 0.08328750 0.00000000 1.00000000 0.00000000
v 0.02326555 -0.00735362 0.08437716 0.00000000 1.00000000 0.00000000
v 0.02400197 -0.00735361 0.08344402 0.00000000 1.00000000 0.00000000
v 0.03982374 -0.00682168 0.06197564 0.00000000 1.00000000 0.00000000
v 0.02416333 -0.00681356 0.08356089 0.00000000 1.00000000 0.00000000
v 0.02355333 -0.00632551 0.08462422 0.00000000 1.00000000 0.00000000
v 0.02221334 -0.00632551 0.08599427 0.00000000 1.00000000 0.00000000
v 0.02159226 -0.00830120 0.08530247 0.00000000 1.00000000 0.00000000
v 0.02195996 -0.00735362 0.08571203 0.00000000 1.00000000 0.00000000
v 0.02370271 -0.00524750 0.08475247 0.00000000 1.00000000 0.00000000
v 0.03977872 0.00694103 0.06194307 0.00000000 1.00000000 0.00000000
v 0.03944482 0.00782515 0.06170125 0.00000000 1.00000000 0.00000000
v 0.02141678 -0.00464992 0.08690684 0.00000000 1.00000000 0.00000000
v 0.02070728 -0.00632552 0.08717935 0.00000000 1.00000000 0.00000000
v -0.03506306 -0.01329781 0.00310000 0.00000000 1.00000000 0.00000000
v -0.03320454 -0.01742725 0.00310000 0.00000000 1.00000000 0.00000000
v -0.04183854 -0.00729847 0.05455092 0.00000000 1.00000000 0.00000000
v -0.03641028 -0.00897447 0.00310000 0.00000000 1.00000000 0.00000000
v -0.04197229 -0.00677824 0.05365715 0.00000000 1.00000000 0.00000000
v -0.04158528 -0.00781031 0.05541379 0.00000000 1.00000000 0.00000000
v -0.04186289 -0.00726748 0.05542112 0.00000000 1.00000000 0.00000000
v -0.04112119 -0.00828074 0.05703583 0.00000000 1.00000000 0.00000000
v -0.04038230 -0.00873309 0.05851936 0.00000000 1.00000000 0.00000000
v 0.04112239 -0.00828069 0.05702841 0.00000000 1.00000000 0.00000000
v 0.04144910 -0.00775073 0.05708651 0.00000000 1.00000000 0.00000000
v 0.02763330 -0.02530886 0.03054759 0.00000000 1.00000000 0.00000000
v 0.01264358 -0.03263648 -0.00000000 0.00000000 1.00000000 0.00000000
v 0.02959296 -0.01960884 0.00050000 0.00000000 1.00000000 0.00000000
v 0.02657926 -0.02277154 -0.00000000 0.00000000 1.00000000 0.00000000
v 0.04235360 -0.00516437 0.05395001 0.00000000 1.00000000 0.00000000
v 0.04235739 -0.00559297 0.05541199 0.00000000 1.00000000 0.00000000
v 0.04230698 -0.00554887 0.05631879 0.00000000 1.00000000 0.00000000
v 0.04220129 -0.00611015 0.05630814 0.00000000 1.00000000 0.00000000
v 0.04208763 -0.00606654 0.05720008 0.00000000 1.00000000 0.00000000
v 0.04193187 -0.00663493 0.05717238 0.00000000 1.00000000 0.00000000
v 0.04218866 -0.00550192 0.05721805 0.00000000 1.00000000 0.00000000
v 0.04222678 -0.00618894 0.05451547 0.00000000 1.00000000 0.00000000
v 0.04208375 -0.00671199 0.05540527 0.00000000 1.00000000 0.00000000
v 0.04206024 -0.00674646 0.05452396 0.00000000 1.00000000 0.00000000
v 0.02981597 -0.00187928 -0.00273978 0.00000000 1.00000000 0.00000000
v -0.03980079 -0.00868120 0.05999716 0.00000000 1.00000000 0.00000000
v -0.04003337 -0.00756984 0.06107279 0.00000000 1.00000000 0.00000000
v -0.03944482 -0.00782515 0.06170125 0.00000000 1.00000000 0.00000000
v -0.01915002 0.00524751 0.08833487 0.00000000 1.00000000 0.00000000
v -0.01916283 0.00464993 0.08835997 0.00000000 1.00000000 0.00000000
v -0.02221334 0.00632551 0.08599427 0.00000000 1.00000000 0.00000000
v -0.02370271 0.00524750 0.08475247 0.00000000 1.00000000 0.00000000
v -0.02234486 0.00524750 0.08614077 0.00000000 1.00000000 0.00000000
v -0.02070728 0.00632552 0.08717935 0.00000000 1.00000000 0.00000000
v -0.02430915 0.00632550 0.08366650 0.00000000 1.00000000 0.00000000
v -0.02355333 0.00632551 0.08462422 0.00000000 1.00000000 0.00000000
v -0.02416333 0.00681356 0.08356089 0.00000000 1.00000000 0.00000000
v -0.01501658 0.03411632 0.03162559 0.00000000 1.00000000 0.00000000
v -0.04105975 -0.00768316 0.05874955 0.00000000 1.00000000 0.00000000
v -0.04151505 -0.00654819 0.05890426 0.00000000 1.00000000 0.00000000
v -0.04190585 -0.00602036 0.05808561 0.00000000 1.00000000 0.00000000
v -0.04031090 -0.00924144 0.05689114 0.00000000 1.00000000 0.00000000
v -0.04066956 -0.00703693 0.06044630 0.00000000 1.00000000 0.00000000
v -0.04043333 -0.00760911 0.06032417 0.00000000 1.00000000 0.00000000
v -0.04121295 -0.00650172 0.05973608 0.00000000 1.00000000 0.00000000
v -0.04102212 -0.00708013 0.05965482 0.00000000 1.00000000 0.00000000
v -0.02295428 -0.02936873 0.03162559 0.00000000 1.00000000 0.00000000
v 0.01213905 -0.03524294 0.03162559 0.00000000 1.00000000 0.00000000
v 0.01486378 -0.03376917 0.03265370 0.00000000 1.00000000 0.00000000
v 0.01779091 -0.03275523 0.03162559 0.00000000 1.00000000 0.00000000
v 0.04206098 0.00674616 0.05453989 0.00000000 1.00000000 0.00000000
v 0.04233995 0.00563337 0.05452605 0.00000000 1.00000000 0.00000000
v 0.03941103 0.00916260 0.05979565 0.00000000 1.00000000 0.00000000
v 0.02355328 0.00632568 0.08462422 0.00000000 1.00000000 0.00000000
v 0.03756239 0.01014940 0.06033791 0.00000000 1.00000000 0.00000000
v 0.02055070 0.03133378 0.03054759 0.00000000 1.00000000 0.00000000
v 0.01328658 0.03503514 0.02995000 0.00000000 1.00000000 0.00000000
v 0.01510700 0.03432242 0.02995000 0.00000000 1.00000000 0.00000000
v 0.01486354 0.03376928 0.03265370 0.00000000 1.00000000 0.00000000
v 0.02378579 0.00781320 0.08328750 0.00000000 1.00000000 0.00000000
v 0.01221208 0.03545582 0.02995000 0.00000000 1.00000000 0.00000000
v 0.00923324 0.03634553 0.02995000 0.00000000 1.00000000 0.00000000
v 0.00615377 0.03676347 0.03162559 0.00000000 1.00000000 0.00000000
v 0.00451602 0.03719486 0.02995000 0.00000000 1.00000000 0.00000000
v 0.00310607 0.03737114 0.02995000 0.00000000 1.00000000 0.00000000
v -0.02546109 0.02753149 0.02995000 0.00000000 1.00000000 0.00000000
v 0.02862061 0.00068414 -0.00273978 0.00000000 1.00000000 0.00000000
v 0.02850000 0.00000010 -0.00273978 0.00000000 1.00000000 0.00000000
v -0.04233996 -0.00563337 0.05452605 0.00000000 1.00000000 0.00000000
v -0.04208345 -0.00671141 0.05542694 0.00000000 1.00000000 0.00000000
v -0.04193053 -0.00663487 0.05718035 0.00000000 1.00000000 0.00000000
v -0.04231819 -0.00503103 0.05667983 0.00000000 1.00000000 0.00000000
v -0.04238891 -0.00470015 0.05623017 0.00000000 1.00000000 0.00000000
v -0.04218724 -0.00550179 0.05722619 0.00000000 1.00000000 0.00000000
v -0.04230467 -0.00470015 0.05681581 0.00000000 1.00000000 0.00000000
v -0.04222411 -0.00470015 0.05737579 0.00000000 1.00000000 0.00000000
v -0.04241001 -0.00509246 0.05549677 0.00000000 1.00000000 0.00000000
v -0.04200147 -0.00545221 0.05811023 0.00000000 1.00000000 0.00000000
v -0.04232771 0.00469984 0.05675234 0.00000000 1.00000000 0.00000000
v -0.04013369 -0.00470015 0.06220015 0.00000000 1.00000000 0.00000000
v -0.02960113 -0.00470011 0.07674293 0.00000000 1.00000000 0.00000000
v -0.02960113 -0.00465011 0.07674327 0.00000000 1.00000000 0.00000000
v -0.04206024 0.00674646 0.05452396 0.00000000 1.00000000 0.00000000
v -0.02446860 0.00524749 0.08378199 0.00000000 1.00000000 0.00000000
v -0.04005575 0.00575252 0.06214368 0.00000000 1.00000000 0.00000000
v -0.04013372 0.00469985 0.06220015 0.00000000 1.00000000 0.00000000
v -0.04061725 0.00522948 0.06142949 0.00000000 1.00000000 0.00000000
v -0.04125188 0.00833159 0.05538485 0.00000000 1.00000000 0.00000000
v -0.04074188 0.00878029 0.05696072 0.00000000 1.00000000 0.00000000
v -0.02965701 0.02295020 0.02995000 0.00000000 1.00000000 0.00000000
v -0.01741916 0.03318808 0.02995000 0.00000000 1.00000000 0.00000000
v -0.01789833 0.03295300 0.02995000 0.00000000 1.00000000 0.00000000
v -0.02309310 0.02954588 0.02995000 0.00000000 1.00000000 0.00000000
v -0.02044296 0.03116900 0.03162559 0.00000000 1.00000000 0.00000000
v -0.02055093 0.03133363 0.03054759 0.00000000 1.00000000 0.00000000
v -0.01779091 0.03275523 0.03162559 0.00000000 1.00000000 0.00000000
v -0.00451629 0.03719482 0.02995000 0.00000000 1.00000000 0.00000000
v -0.00000014 0.03747182 0.03054759 0.00000000 1.00000000 0.00000000
v -0.00615404 0.03676342 0.03162559 0.00000000 1.00000000 0.00000000
v -0.00917809 0.03612733 0.03162559 0.00000000 1.00000000 0.00000000
v -0.00922630 -0.03631821 0.03054759 0.00000000 1.00000000 0.00000000
v -0.00310373 -0.03734306 0.03054759 0.00000000 1.00000000 0.00000000
v -0.01741892 -0.03318821 0.02995000 0.00000000 1.00000000 0.00000000
v -0.01788463 -0.03292836 0.03054759 0.00000000 1.00000000 0.00000000
v 0.03149999 0.00173217 -0.00273978 0.00000000 1.00000000 0.00000000
v 0.03237938 -0.00068392 -0.00273978 0.00000000 1.00000000 0.00000000
v 0.03418971 -0.00748753 -0.00000000 0.00000000 1.00000000 0.00000000
v 0.03485071 -0.00322927 -0.00000000 0.00000000 1.00000000 0.00000000
v 0.03467814 -0.00759450 0.00050000 0.00000000 1.00000000 0.00000000
v 0.03641035 -0.00897420 0.00310000 0.00000000 1.00000000 0.00000000
v 0.03378091 -0.01074798 0.00050000 0.00000000 1.00000000 0.00000000
v 0.04213896 -0.00622385 0.05362741 0.00000000 1.00000000 0.00000000
v 0.04197116 -0.00677823 0.05364873 0.00000000 1.00000000 0.00000000
v 0.04009916 -0.00516641 0.06217512 0.00000000 1.00000000 0.00000000
v 0.04042959 -0.00640313 0.06131403 0.00000000 1.00000000 0.00000000
v 0.04171925 -0.00719919 0.05713456 0.00000000 1.00000000 0.00000000
v 0.04155187 -0.00716177 0.05798341 0.00000000 1.00000000 0.00000000
v 0.04106562 -0.00768367 0.05873102 0.00000000 1.00000000 0.00000000
v 0.04014599 -0.00816041 0.06016626 0.00000000 1.00000000 0.00000000
v 0.04003420 -0.00756964 0.06107076 0.00000000 1.00000000 0.00000000
v 0.03977877 -0.00694074 0.06194307 0.00000000 1.00000000 0.00000000
v 0.02430915 -0.00632551 0.08366650 0.00000000 1.00000000 0.00000000
v 0.02449142 -0.00464991 0.08379851 0.00000000 1.00000000 0.00000000
v 0.04061636 0.00522963 0.06143164 0.00000000 1.00000000 0.00000000
v 0.04009913 0.00516670 0.06217512 0.00000000 1.00000000 0.00000000
v 0.04013368 0.00470014 0.06220015 0.00000000 1.00000000 0.00000000
v 0.04054747 0.00581301 0.06138923 0.00000000 1.00000000 0.00000000
v 0.02234486 -0.00524750 0.08614077 0.00000000 1.00000000 0.00000000
v 0.02305555 -0.00464991 0.08545435 0.00000000 1.00000000 0.00000000
v 0.04232770 -0.00469984 0.05675234 0.00000000 1.00000000 0.00000000
v 0.04219281 -0.00498703 0.05745837 0.00000000 1.00000000 0.00000000
v -0.04206099 -0.00674616 0.05453989 0.00000000 1.00000000 0.00000000
v -0.03722657 -0.00452026 0.00310000 0.00000000 1.00000000 0.00000000
v -0.03177824 -0.01582383 0.00050000 0.00000000 1.00000000 0.00000000
v -0.04147117 -0.00786222 0.05372044 0.00000000 1.00000000 0.00000000
v 0.04075337 -0.00822372 0.05862552 0.00000000 1.00000000 0.00000000
v 0.00853711 -0.03394285 -0.00000000 0.00000000 1.00000000 0.00000000
v 0.03013905 -0.01866299 0.00050000 0.00000000 1.00000000 0.00000000
v 0.03178558 -0.00153197 -0.00273978 0.00000000 1.00000000 0.00000000
v 0.02022219 -0.02856682 -0.00000000 0.00000000 1.00000000 0.00000000
v 0.02357944 -0.02586522 -0.00000000 0.00000000 1.00000000 0.00000000
v 0.04225349 -0.00567144 0.05361286 0.00000000 1.00000000 0.00000000
v 0.04200426 -0.00545254 0.05809941 0.00000000 1.00000000 0.00000000
v 0.04191846 -0.00491932 0.05857679 0.00000000 1.00000000 0.00000000
v 0.04211358 -0.00469984 0.05788852 0.00000000 1.00000000 0.00000000
v 0.04224785 -0.00615109 0.05540930 0.00000000 1.00000000 0.00000000
v 0.04186313 -0.00726796 0.05539986 0.00000000 1.00000000 0.00000000
v 0.04204081 -0.00667469 0.05629198 0.00000000 1.00000000 0.00000000
v -0.03899466 -0.00861893 0.06137522 0.00000000 1.00000000 0.00000000
v -0.02081873 0.00524751 0.08734164 0.00000000 1.00000000 0.00000000
v -0.02083468 0.00464993 0.08736487 0.00000000 1.00000000 0.00000000
v -0.02195990 -0.00735378 0.08571203 0.00000000 1.00000000 0.00000000
v -0.02221329 -0.00632568 0.08599427 0.00000000 1.00000000 0.00000000
v -0.02284788 -0.00830137 0.08401863 0.00000000 1.00000000 0.00000000
v -0.02236368 0.00464992 0.08616174 0.00000000 1.00000000 0.00000000
v -0.01509590 0.03429652 0.03054759 0.00000000 1.00000000 0.00000000
v -0.03996786 -0.00920385 0.05837854 0.00000000 1.00000000 0.00000000
v -0.02307552 -0.02952384 0.03054759 0.00000000 1.00000000 0.00000000
v 0.04183854 0.00729847 0.05455092 0.00000000 1.00000000 0.00000000
v 0.04208345 0.00671141 0.05542694 0.00000000 1.00000000 0.00000000
v 0.03980079 0.00868120 0.05999716 0.00000000 1.00000000 0.00000000
v 0.03863176 0.00910086 0.06111239 0.00000000 1.00000000 0.00000000
v 0.03951037 0.00962805 0.05822309 0.00000000 1.00000000 0.00000000
v 0.02141674 0.00465008 0.08690684 0.00000000 1.00000000 0.00000000
v 0.02370267 0.00524767 0.08475247 0.00000000 1.00000000 0.00000000
v 0.01788463 0.03292836 0.03054759 0.00000000 1.00000000 0.00000000
v 0.00922630 0.03631822 0.03054759 0.00000000 1.00000000 0.00000000
v -0.04238509 -0.00514831 0.05431739 0.00000000 1.00000000 0.00000000
v -0.04208624 -0.00606644 0.05720815 0.00000000 1.00000000 0.00000000
v -0.02805350 0.02485374 0.02995000 0.00000000 1.00000000 0.00000000
v -0.04165832 -0.00597147 0.05895294 0.00000000 1.00000000 0.00000000
v -0.04209020 -0.00495932 0.05793310 0.00000000 1.00000000 0.00000000
v -0.04195079 -0.00470015 0.05850003 0.00000000 1.00000000 0.00000000
v -0.04243228 0.00469984 0.05560276 0.00000000 1.00000000 0.00000000
v -0.04085096 -0.00645344 0.06054009 0.00000000 1.00000000 0.00000000
v -0.02960116 0.00469989 0.07674293 0.00000000 1.00000000 0.00000000
v -0.02449142 0.00464991 0.08379851 0.00000000 1.00000000 0.00000000
v -0.02960116 0.00464989 0.07674327 0.00000000 1.00000000 0.00000000
v -0.02128722 0.03084045 0.02995000 0.00000000 1.00000000 0.00000000
v -0.02056639 0.03135720 0.02995000 0.00000000 1.00000000 0.00000000
v -0.00308770 0.03714683 0.03162559 0.00000000 1.00000000 0.00000000
v -0.00618655 0.03695760 0.03054759 0.00000000 1.00000000 0.00000000
v -0.01220317 0.03542908 0.03054759 0.00000000 1.00000000 0.00000000
v 0.03301044 -0.01163230 -0.00000000 0.00000000 1.00000000 0.00000000
v 0.03506316 -0.01329756 0.00310000 0.00000000 1.00000000 0.00000000
v 0.04067280 -0.00703707 0.06043812 0.00000000 1.00000000 0.00000000
v 0.04025856 -0.00699184 0.06120880 0.00000000 1.00000000 0.00000000
v 0.04085429 -0.00645363 0.06053178 0.00000000 1.00000000 0.00000000
v 0.04175851 -0.00659305 0.05803640 0.00000000 1.00000000 0.00000000
v 0.04043648 -0.00760919 0.06031617 0.00000000 1.00000000 0.00000000
v 0.04102880 -0.00708075 0.05963719 0.00000000 1.00000000 0.00000000
v 0.02960113 0.00470011 0.07674293 0.00000000 1.00000000 0.00000000
v 0.02960113 0.00465011 0.07674327 0.00000000 1.00000000 0.00000000
v 0.02446860 -0.00524750 0.08378199 0.00000000 1.00000000 0.00000000
v 0.04053250 0.00470015 0.06161438 0.00000000 1.00000000 0.00000000
v 0.04080546 0.00473660 0.06116462 0.00000000 1.00000000 0.00000000
v 0.04080979 0.00470015 0.06115812 0.00000000 1.00000000 0.00000000
v 0.04112177 -0.00478144 0.06058031 0.00000000 1.00000000 0.00000000
v 0.04111156 -0.00469985 0.06060399 0.00000000 1.00000000 0.00000000
v 0.04143892 -0.00534592 0.05981104 0.00000000 1.00000000 0.00000000
v 0.04157190 -0.00485333 0.05957960 0.00000000 1.00000000 0.00000000
v 0.04130108 -0.00469985 0.06018536 0.00000000 1.00000000 0.00000000
v 0.04134291 0.00470015 0.06012618 0.00000000 1.00000000 0.00000000
v 0.04053242 -0.00469985 0.06161431 0.00000000 1.00000000 0.00000000
v 0.04131032 0.00470015 0.06018928 0.00000000 1.00000000 0.00000000
v 0.02236368 -0.00464992 0.08616174 0.00000000 1.00000000 0.00000000
v 0.04231549 -0.00469984 0.05681715 0.00000000 1.00000000 0.00000000
v -0.03467809 -0.00759475 0.00050000 0.00000000 1.00000000 0.00000000
v -0.03437919 -0.00864524 0.00050000 0.00000000 1.00000000 0.00000000
v -0.03348194 -0.01179872 0.00050000 0.00000000 1.00000000 0.00000000
v 0.04236412 -0.00505308 0.05626198 0.00000000 1.00000000 0.00000000
v 0.04182350 -0.00723468 0.05627009 0.00000000 1.00000000 0.00000000
v -0.01916279 -0.00465007 0.08835997 0.00000000 1.00000000 0.00000000
v -0.02083465 -0.00465007 0.08736487 0.00000000 1.00000000 0.00000000
v -0.02081869 -0.00524766 0.08734164 0.00000000 1.00000000 0.00000000
v -0.02234482 -0.00524767 0.08614077 0.00000000 1.00000000 0.00000000
v -0.02370267 -0.00524767 0.08475247 0.00000000 1.00000000 0.00000000
v -0.02159220 -0.00830136 0.08530247 0.00000000 1.00000000 0.00000000
v -0.02355614 -0.00830137 0.08312117 0.00000000 1.00000000 0.00000000
v -0.02378579 -0.00781321 0.08328750 0.00000000 1.00000000 0.00000000
v -0.02236365 -0.00465008 0.08616174 0.00000000 1.00000000 0.00000000
v -0.02372409 0.00464992 0.08477083 0.00000000 1.00000000 0.00000000
v -0.01788488 0.03292823 0.03054759 0.00000000 1.00000000 0.00000000
v -0.02309288 -0.02954606 0.02995000 0.00000000 1.00000000 0.00000000
v 0.04195079 0.00470015 0.05850003 0.00000000 1.00000000 0.00000000
v 0.04209020 0.00495932 0.05793310 0.00000000 1.00000000 0.00000000
v 0.04178897 -0.00469985 0.05900847 0.00000000 1.00000000 0.00000000
v 0.04222411 0.00470015 0.05737579 0.00000000 1.00000000 0.00000000
v 0.04218724 0.00550179 0.05722619 0.00000000 1.00000000 0.00000000
v 0.04186289 0.00726749 0.05542112 0.00000000 1.00000000 0.00000000
v 0.04105465 0.00528838 0.06064539 0.00000000 1.00000000 0.00000000
v 0.04097853 0.00586780 0.06060604 0.00000000 1.00000000 0.00000000
v 0.03899466 0.00861893 0.06137522 0.00000000 1.00000000 0.00000000
v 0.03996786 0.00920385 0.05837854 0.00000000 1.00000000 0.00000000
v 0.02234482 0.00524767 0.08614077 0.00000000 1.00000000 0.00000000
v 0.02236364 0.00465009 0.08616174 0.00000000 1.00000000 0.00000000
v 0.02446856 0.00524767 0.08378199 0.00000000 1.00000000 0.00000000
v 0.02372405 0.00465009 0.08477083 0.00000000 1.00000000 0.00000000
v 0.01741892 0.03318821 0.02995000 0.00000000 1.00000000 0.00000000
v 0.00618627 0.03695764 0.03054759 0.00000000 1.00000000 0.00000000
v -0.04174790 -0.00539966 0.05898337 0.00000000 1.00000000 0.00000000
v -0.04178305 -0.00489221 0.05900354 0.00000000 1.00000000 0.00000000
v -0.04178897 0.00469984 0.05900847 0.00000000 1.00000000 0.00000000
v -0.04191846 0.00491932 0.05857679 0.00000000 1.00000000 0.00000000
v -0.04112240 0.00828069 0.05702841 0.00000000 1.00000000 0.00000000
v -0.04144910 0.00775073 0.05708651 0.00000000 1.00000000 0.00000000
v -0.04182351 0.00723468 0.05627009 0.00000000 1.00000000 0.00000000
v -0.04200426 0.00545254 0.05809941 0.00000000 1.00000000 0.00000000
v -0.04211358 0.00469984 0.05788852 0.00000000 1.00000000 0.00000000
v -0.04208375 0.00671198 0.05540527 0.00000000 1.00000000 0.00000000
v -0.04235739 0.00559297 0.05541199 0.00000000 1.00000000 0.00000000
v -0.04230698 0.00554887 0.05631879 0.00000000 1.00000000 0.00000000
v -0.04220130 0.00611015 0.05630814 0.00000000 1.00000000 0.00000000
v -0.04042873 -0.00640330 0.06131615 0.00000000 1.00000000 0.00000000
v -0.04005571 -0.00575282 0.06214368 0.00000000 1.00000000 0.00000000
v -0.04054747 -0.00581300 0.06138923 0.00000000 1.00000000 0.00000000
v -0.04177622 -0.00470015 0.05904537 0.00000000 1.00000000 0.00000000
v -0.04159004 0.00469984 0.05954708 0.00000000 1.00000000 0.00000000
v -0.04053250 -0.00470015 0.06161438 0.00000000 1.00000000 0.00000000
v -0.04054835 0.00581285 0.06138710 0.00000000 1.00000000 0.00000000
v -0.04042960 0.00640313 0.06131403 0.00000000 1.00000000 0.00000000
v -0.04105812 0.00528865 0.06063696 0.00000000 1.00000000 0.00000000
v -0.03982374 0.00682168 0.06197564 0.00000000 1.00000000 0.00000000
v -0.02295450 0.02936855 0.03162559 0.00000000 1.00000000 0.00000000
v -0.03951536 0.00962810 0.05820722 0.00000000 1.00000000 0.00000000
v -0.03898209 0.00959649 0.05956563 0.00000000 1.00000000 0.00000000
v -0.03829680 0.00951424 0.06086975 0.00000000 1.00000000 0.00000000
v -0.03941385 0.00916252 0.05978844 0.00000000 1.00000000 0.00000000
v -0.03997309 0.00920401 0.05836188 0.00000000 1.00000000 0.00000000
v -0.00922656 0.03631815 0.03054759 0.00000000 1.00000000 0.00000000
v -0.00310401 0.03734304 0.03054759 0.00000000 1.00000000 0.00000000
v -0.01213905 0.03524294 0.03162559 0.00000000 1.00000000 0.00000000
v -0.01328684 0.03503504 0.02995000 0.00000000 1.00000000 0.00000000
v 0.03220407 -0.01481780 0.00050000 0.00000000 1.00000000 0.00000000
v 0.03348202 -0.01179848 0.00050000 0.00000000 1.00000000 0.00000000
v 0.04175443 -0.00540059 0.05896376 0.00000000 1.00000000 0.00000000
v 0.04135574 -0.00592141 0.05977578 0.00000000 1.00000000 0.00000000
v 0.04166471 -0.00597231 0.05893344 0.00000000 1.00000000 0.00000000
v 0.04121982 -0.00650243 0.05971817 0.00000000 1.00000000 0.00000000
v 0.04098193 -0.00586804 0.06059765 0.00000000 1.00000000 0.00000000
v 0.04132186 -0.00712234 0.05881760 0.00000000 1.00000000 0.00000000
v 0.04190856 -0.00602064 0.05807487 0.00000000 1.00000000 0.00000000
v 0.04078179 -0.00764735 0.05953248 0.00000000 1.00000000 0.00000000
v 0.04132389 0.00481268 0.06016077 0.00000000 1.00000000 0.00000000
v 0.04159004 -0.00469985 0.05954708 0.00000000 1.00000000 0.00000000
v -0.02070723 -0.00632567 0.08717935 0.00000000 1.00000000 0.00000000
v -0.01914998 -0.00524766 0.08833487 0.00000000 1.00000000 0.00000000
v -0.02449139 -0.00465009 0.08379851 0.00000000 1.00000000 0.00000000
v -0.02326550 -0.00735379 0.08437716 0.00000000 1.00000000 0.00000000
v -0.02372405 -0.00465008 0.08477083 0.00000000 1.00000000 0.00000000
v 0.04193052 0.00663487 0.05718035 0.00000000 1.00000000 0.00000000
v 0.04208624 0.00606644 0.05720815 0.00000000 1.00000000 0.00000000
v 0.04220008 0.00610975 0.05632340 0.00000000 1.00000000 0.00000000
v 0.04175586 0.00659282 0.05804701 0.00000000 1.00000000 0.00000000
v 0.04203967 0.00667435 0.05630703 0.00000000 1.00000000 0.00000000
v 0.04171796 0.00719916 0.05714239 0.00000000 1.00000000 0.00000000
v 0.04235695 0.00559224 0.05543416 0.00000000 1.00000000 0.00000000
v 0.04224748 0.00615043 0.05543127 0.00000000 1.00000000 0.00000000
v 0.04241000 0.00509246 0.05549677 0.00000000 1.00000000 0.00000000
v 0.04230571 0.00554842 0.05633418 0.00000000 1.00000000 0.00000000
v 0.04042873 0.00640330 0.06131615 0.00000000 1.00000000 0.00000000
v 0.04025771 0.00699202 0.06121088 0.00000000 1.00000000 0.00000000
v 0.04085096 0.00645345 0.06054009 0.00000000 1.00000000 0.00000000
v 0.04144785 0.00775074 0.05709416 0.00000000 1.00000000 0.00000000
v 0.04154931 0.00716160 0.05799384 0.00000000 1.00000000 0.00000000
v 0.02305552 0.00465009 0.08545435 0.00000000 1.00000000 0.00000000
v 0.02372409 -0.00464991 0.08477083 0.00000000 1.00000000 0.00000000
v 0.02449139 0.00465009 0.08379851 0.00000000 1.00000000 0.00000000
v 0.01789809 0.03295313 0.02995000 0.00000000 1.00000000 0.00000000
v 0.00619093 0.03698543 0.02995000 0.00000000 1.00000000 0.00000000
v -0.04097853 -0.00586780 0.06060604 0.00000000 1.00000000 0.00000000
v -0.04175851 0.00659305 0.05803640 0.00000000 1.00000000 0.00000000
v -0.04155187 0.00716178 0.05798341 0.00000000 1.00000000 0.00000000
v -0.04193187 0.00663493 0.05717238 0.00000000 1.00000000 0.00000000
v -0.04025856 0.00699184 0.06120880 0.00000000 1.00000000 0.00000000
v -0.04219281 0.00498702 0.05745837 0.00000000 1.00000000 0.00000000
v -0.04224785 0.00615109 0.05540930 0.00000000 1.00000000 0.00000000
v -0.04190857 0.00602064 0.05807487 0.00000000 1.00000000 0.00000000
v -0.04218867 0.00550192 0.05721805 0.00000000 1.00000000 0.00000000
v -0.04053242 0.00469985 0.06161431 0.00000000 1.00000000 0.00000000
v -0.04080979 -0.00470015 0.06115812 0.00000000 1.00000000 0.00000000
v -0.04111156 0.00469985 0.06060399 0.00000000 1.00000000 0.00000000
v -0.03992724 0.00634471 0.06205060 0.00000000 1.00000000 0.00000000
v -0.04038774 0.00873336 0.05850198 0.00000000 1.00000000 0.00000000
v -0.04031202 0.00924131 0.05688427 0.00000000 1.00000000 0.00000000
v -0.03851552 0.00997664 0.05932486 0.00000000 1.00000000 0.00000000
v -0.03756247 0.01014912 0.06033791 0.00000000 1.00000000 0.00000000
v -0.02230575 0.00984517 0.08221553 0.00000000 1.00000000 0.00000000
v -0.02167647 0.00984517 0.08301292 0.00000000 1.00000000 0.00000000
v -0.03863182 0.00910058 0.06111239 0.00000000 1.00000000 0.00000000
v -0.03893069 0.00873156 0.06132885 0.00000000 1.00000000 0.00000000
v -0.04014599 0.00816041 0.06016626 0.00000000 1.00000000 0.00000000
v -0.03899472 0.00861865 0.06137522 0.00000000 1.00000000 0.00000000
v 0.04152128 -0.00654893 0.05888498 0.00000000 1.00000000 0.00000000
v 0.04177622 0.00470015 0.05904537 0.00000000 1.00000000 0.00000000
v -0.02355328 -0.00632568 0.08462422 0.00000000 1.00000000 0.00000000
v -0.03977872 -0.00694103 0.06194307 0.00000000 1.00000000 0.00000000
v -0.02400192 -0.00735379 0.08344402 0.00000000 1.00000000 0.00000000
v 0.04190584 0.00602036 0.05808561 0.00000000 1.00000000 0.00000000
v 0.04151505 0.00654819 0.05890426 0.00000000 1.00000000 0.00000000
v 0.04182242 0.00723441 0.05628487 0.00000000 1.00000000 0.00000000
v 0.04043333 0.00760911 0.06032417 0.00000000 1.00000000 0.00000000
v 0.04066956 0.00703693 0.06044630 0.00000000 1.00000000 0.00000000
v 0.04102212 0.00708013 0.05965482 0.00000000 1.00000000 0.00000000
v 0.04003337 0.00756984 0.06107279 0.00000000 1.00000000 0.00000000
v 0.04077531 0.00764685 0.05954973 0.00000000 1.00000000 0.00000000
v -0.04063604 -0.00471398 0.06144377 0.00000000 1.00000000 0.00000000
v -0.04080546 -0.00473660 0.06116462 0.00000000 1.00000000 0.00000000
v -0.04105465 -0.00528838 0.06064539 0.00000000 1.00000000 0.00000000
v -0.04204082 0.00667469 0.05629198 0.00000000 1.00000000 0.00000000
v -0.04208763 0.00606654 0.05720008 0.00000000 1.00000000 0.00000000
v -0.04171925 0.00719919 0.05713456 0.00000000 1.00000000 0.00000000
v -0.04132187 0.00712233 0.05881760 0.00000000 1.00000000 0.00000000
v -0.04166471 0.00597231 0.05893344 0.00000000 1.00000000 0.00000000
v -0.04098193 0.00586804 0.06059765 0.00000000 1.00000000 0.00000000
v -0.04112177 0.00478144 0.06058031 0.00000000 1.00000000 0.00000000
v -0.04236412 0.00505309 0.05626198 0.00000000 1.00000000 0.00000000
v -0.04075338 0.00822372 0.05862552 0.00000000 1.00000000 0.00000000
v -0.04078179 0.00764735 0.05953248 0.00000000 1.00000000 0.00000000
v -0.02298513 0.00914004 0.08270758 0.00000000 1.00000000 0.00000000
v -0.03980373 0.00868118 0.05998964 0.00000000 1.00000000 0.00000000
v -0.04003420 0.00756964 0.06107076 0.00000000 1.00000000 0.00000000
v -0.03944488 0.00782486 0.06170125 0.00000000 1.00000000 0.00000000
v -0.03977877 0.00694074 0.06194307 0.00000000 1.00000000 0.00000000
v -0.04067280 0.00703707 0.06043812 0.00000000 1.00000000 0.00000000
v -0.02400197 0.00735361 0.08344402 0.00000000 1.00000000 0.00000000
v -0.03929980 0.00808068 0.06159618 0.00000000 1.00000000 0.00000000
v -0.02195995 0.00735362 0.08571203 0.00000000 1.00000000 0.00000000
v -0.02446856 -0.00524768 0.08378199 0.00000000 1.00000000 0.00000000
v -0.02416328 -0.00681374 0.08356089 0.00000000 1.00000000 0.00000000
v -0.04025771 -0.00699202 0.06121088 0.00000000 1.00000000 0.00000000
v 0.04121295 0.00650171 0.05973608 0.00000000 1.00000000 0.00000000
v 0.04200147 0.00545221 0.05811023 0.00000000 1.00000000 0.00000000
v 0.04238891 0.00470015 0.05623017 0.00000000 1.00000000 0.00000000
v 0.04131581 0.00712171 0.05883656 0.00000000 1.00000000 0.00000000
v 0.04014294 0.00816037 0.06017404 0.00000000 1.00000000 0.00000000
v 0.04105975 0.00768316 0.05874955 0.00000000 1.00000000 0.00000000
v -0.04061636 -0.00522963 0.06143164 0.00000000 1.00000000 0.00000000
v -0.04143176 -0.00534503 0.05982925 0.00000000 1.00000000 0.00000000
v -0.04132389 -0.00481268 0.06016077 0.00000000 1.00000000 0.00000000
v -0.04102880 0.00708075 0.05963719 0.00000000 1.00000000 0.00000000
v -0.04121982 0.00650243 0.05971817 0.00000000 1.00000000 0.00000000
v -0.04085430 0.00645363 0.06053178 0.00000000 1.00000000 0.00000000
v -0.04152129 0.00654893 0.05888498 0.00000000 1.00000000 0.00000000
v -0.04143892 0.00534592 0.05981104 0.00000000 1.00000000 0.00000000
v -0.04106562 0.00768367 0.05873102 0.00000000 1.00000000 0.00000000
v -0.02355621 0.00830119 0.08312117 0.00000000 1.00000000 0.00000000
v -0.02264200 0.00949617 0.08245907 0.00000000 1.00000000 0.00000000
v -0.02231294 0.00914004 0.08355933 0.00000000 1.00000000 0.00000000
v -0.02284794 0.00830120 0.08401863 0.00000000 1.00000000 0.00000000
v -0.04043649 0.00760919 0.06031617 0.00000000 1.00000000 0.00000000
v -0.02326555 0.00735361 0.08437716 0.00000000 1.00000000 0.00000000
v -0.02159226 0.00830120 0.08530247 0.00000000 1.00000000 0.00000000
v -0.02430911 -0.00632569 0.08366650 0.00000000 1.00000000 0.00000000
v -0.03982369 -0.00682197 0.06197564 0.00000000 1.00000000 0.00000000
v 0.04143176 0.00534503 0.05982925 0.00000000 1.00000000 0.00000000
v 0.04231819 0.00503104 0.05667983 0.00000000 1.00000000 0.00000000
v 0.04074771 0.00822333 0.05864352 0.00000000 1.00000000 0.00000000
v -0.04134871 -0.00592059 0.05979389 0.00000000 1.00000000 0.00000000
v -0.04134291 -0.00470015 0.06012618 0.00000000 1.00000000 0.00000000
v -0.04129456 0.00480903 0.06019617 0.00000000 1.00000000 0.00000000
v -0.04135574 0.00592141 0.05977578 0.00000000 1.00000000 0.00000000
v -0.04175443 0.00540059 0.05896376 0.00000000 1.00000000 0.00000000
v -0.02327355 0.00871638 0.08291647 0.00000000 1.00000000 0.00000000
v -0.02378585 0.00781303 0.08328750 0.00000000 1.00000000 0.00000000
v -0.03992719 -0.00634500 0.06205060 0.00000000 1.00000000 0.00000000
v 0.04178305 0.00489221 0.05900354 0.00000000 1.00000000 0.00000000
v 0.04165832 0.00597147 0.05895294 0.00000000 1.00000000 0.00000000
v 0.04112118 0.00828074 0.05703583 0.00000000 1.00000000 0.00000000
v 0.04038229 0.00873308 0.05851936 0.00000000 1.00000000 0.00000000
v -0.04131032 -0.00470015 0.06018928 0.00000000 1.00000000 0.00000000
v -0.04157190 0.00485333 0.05957960 0.00000000 1.00000000 0.00000000
v 0.04193330 0.00470015 0.05855468 0.00000000 1.00000000 0.00000000
v 0.04174789 0.00539967 0.05898337 0.00000000 1.00000000 0.00000000
v 0.04134871 0.00592060 0.05979389 0.00000000 1.00000000 0.00000000
v -0.06227788 -0.00500023 0.04582212 0.00000000 1.00000000 0.00000000
v -0.06285668 -0.00500023 0.04587805 0.00000000 1.00000000 0.00000000
v -0.06235298 -0.00450023 0.04482440 0.00000000 1.00000000 0.00000000
v -0.05429078 -0.00450020 0.06765360 0.00000000 1.00000000 0.00000000
v -0.05480146 -0.01150020 0.06418173 0.00000000 1.00000000 0.00000000
v -0.02927358 -0.00550011 0.06228558 0.00000000 1.00000000 0.00000000
v -0.05482876 -0.01200020 0.06366895 0.00000000 1.00000000 0.00000000
v -0.05480146 -0.01150020 0.06418173 0.00000000 1.00000000 0.00000000
v -0.05532156 -0.01200020 0.06376123 0.00000000 1.00000000 0.00000000
v -0.05480154 0.01149980 0.06418173 0.00000000 1.00000000 0.00000000
v -0.05429082 0.00449980 0.06765360 0.00000000 1.00000000 0.00000000
v -0.02927362 0.00549989 0.06228558 0.00000000 1.00000000 0.00000000
v -0.05480154 0.01149980 0.06418173 0.00000000 1.00000000 0.00000000
v -0.02927362 0.00549989 0.06228558 0.00000000 1.00000000 0.00000000
v -0.02859820 0.00549989 0.06213161 0.00000000 1.00000000 0.00000000
v -0.05480154 0.01149980 0.06418173 0.00000000 1.00000000 0.00000000
v -0.05532165 0.01199980 0.06376123 0.00000000 1.00000000 0.00000000
v -0.05545174 0.01149980 0.06426474 0.00000000 1.00000000 0.00000000
v -0.02464715 0.00549991 0.05946473 0.00000000 1.00000000 0.00000000
v -0.05369114 0.01199980 0.06273417 0.00000000 1.00000000 0.00000000
v -0.05398714 0.01199980 0.06313877 0.00000000 1.00000000 0.00000000
v -0.05492788 -0.00450020 0.06774280 0.00000000 1.00000000 0.00000000
v -0.05480146 -0.01150020 0.06418173 0.00000000 1.00000000 0.00000000
v -0.05429078 -0.00450020 0.06765360 0.00000000 1.00000000 0.00000000
v -0.05545166 -0.01150020 0.06426474 0.00000000 1.00000000 0.00000000
v -0.05492788 -0.00450020 0.06774280 0.00000000 1.00000000 0.00000000
v -0.05557098 -0.00450020 0.06776330 0.00000000 1.00000000 0.00000000
v -0.05492788 -0.00450020 0.06774280 0.00000000 1.00000000 0.00000000
v -0.05545166 -0.01150020 0.06426474 0.00000000 1.00000000 0.00000000
v -0.05480146 -0.01150020 0.06418173 0.00000000 1.00000000 0.00000000
v -0.05545166 -0.01150020 0.06426474 0.00000000 1.00000000 0.00000000
v -0.06414598 -0.00450024 0.06668550 0.00000000 1.00000000 0.00000000
v -0.05610106 -0.01150021 0.06417588 0.00000000 1.00000000 0.00000000
v -0.05480146 -0.01150020 0.06418173 0.00000000 1.00000000 0.00000000
v -0.05545166 -0.01150020 0.06426474 0.00000000 1.00000000 0.00000000
v -0.05532156 -0.01200020 0.06376123 0.00000000 1.00000000 0.00000000
v -0.05580856 -0.01200020 0.05979894 0.00000000 1.00000000 0.00000000
v -0.06285668 -0.00500023 0.04587805 0.00000000 1.00000000 0.00000000
v -0.06227788 -0.00500023 0.04582212 0.00000000 1.00000000 0.00000000
v -0.05350164 0.01199980 0.06127392 0.00000000 1.00000000 0.00000000
v -0.02358915 0.00549991 0.05224275 0.00000000 1.00000000 0.00000000
v -0.05368464 0.01199980 0.06080717 0.00000000 1.00000000 0.00000000
v -0.06924508 -0.00450025 0.06197180 0.00000000 1.00000000 0.00000000
v -0.05730246 -0.01200021 0.06249474 0.00000000 1.00000000 0.00000000
v -0.06906978 -0.00450025 0.06262139 0.00000000 1.00000000 0.00000000
v -0.06906978 -0.00450025 0.06262139 0.00000000 1.00000000 0.00000000
v -0.05730246 -0.01200021 0.06249474 0.00000000 1.00000000 0.00000000
v -0.06882278 -0.00450025 0.06324726 0.00000000 1.00000000 0.00000000
v -0.05730246 -0.01200021 0.06249474 0.00000000 1.00000000 0.00000000
v -0.06850728 -0.00450025 0.06384155 0.00000000 1.00000000 0.00000000
v -0.06882278 -0.00450025 0.06324726 0.00000000 1.00000000 0.00000000
v -0.05429082 0.00449980 0.06765360 0.00000000 1.00000000 0.00000000
v -0.05480154 0.01149980 0.06418173 0.00000000 1.00000000 0.00000000
v -0.05492792 0.00449980 0.06774280 0.00000000 1.00000000 0.00000000
v -0.05492792 0.00449980 0.06774280 0.00000000 1.00000000 0.00000000
v -0.05480154 0.01149980 0.06418173 0.00000000 1.00000000 0.00000000
v -0.05545174 0.01149980 0.06426474 0.00000000 1.00000000 0.00000000
v -0.06414602 0.00449976 0.06668550 0.00000000 1.00000000 0.00000000
v -0.05621252 0.00449979 0.06771490 0.00000000 1.00000000 0.00000000
v -0.05545174 0.01149980 0.06426474 0.00000000 1.00000000 0.00000000
v -0.05706244 0.01199979 0.06293487 0.00000000 1.00000000 0.00000000
v -0.05730254 0.01199979 0.06249474 0.00000000 1.00000000 0.00000000
v -0.06850732 0.00449975 0.06384155 0.00000000 1.00000000 0.00000000
v -0.05610114 0.01149979 0.06417588 0.00000000 1.00000000 0.00000000
v -0.05670524 0.01149979 0.06392125 0.00000000 1.00000000 0.00000000
v -0.06545072 0.00449976 0.06636450 0.00000000 1.00000000 0.00000000
v -0.05610114 0.01149979 0.06417588 0.00000000 1.00000000 0.00000000
v -0.06414602 0.00449976 0.06668550 0.00000000 1.00000000 0.00000000
v -0.05545174 0.01149980 0.06426474 0.00000000 1.00000000 0.00000000
v -0.05610114 0.01149979 0.06417588 0.00000000 1.00000000 0.00000000
v -0.05629814 0.01199979 0.06357154 0.00000000 1.00000000 0.00000000
v -0.05670524 0.01149979 0.06392125 0.00000000 1.00000000 0.00000000
v -0.06650952 0.00499976 0.04848550 0.00000000 1.00000000 0.00000000
v -0.05729754 0.01199979 0.06102225 0.00000000 1.00000000 0.00000000
v -0.05705454 0.01199979 0.06058374 0.00000000 1.00000000 0.00000000
v -0.06620882 0.00499976 0.04798787 0.00000000 1.00000000 0.00000000
v -0.06650952 0.00499976 0.04848550 0.00000000 1.00000000 0.00000000
v -0.05705454 0.01199979 0.06058374 0.00000000 1.00000000 0.00000000
v -0.06285672 0.00499977 0.04587805 0.00000000 1.00000000 0.00000000
v -0.06342502 0.00499977 0.04600079 0.00000000 1.00000000 0.00000000
v -0.05580864 0.01199980 0.05979894 0.00000000 1.00000000 0.00000000
v -0.05628594 0.01199979 0.05995225 0.00000000 1.00000000 0.00000000
v -0.05580864 0.01199980 0.05979894 0.00000000 1.00000000 0.00000000
v -0.06342502 0.00499977 0.04600079 0.00000000 1.00000000 0.00000000
v -0.05628594 0.01199979 0.05995225 0.00000000 1.00000000 0.00000000
v -0.06499212 0.00499976 0.04674890 0.00000000 1.00000000 0.00000000
v -0.05671014 0.01199979 0.06021945 0.00000000 1.00000000 0.00000000
v -0.06362572 0.00449977 0.04501909 0.00000000 1.00000000 0.00000000
v -0.06342502 0.00499977 0.04600079 0.00000000 1.00000000 0.00000000
v -0.06285672 0.00499977 0.04587805 0.00000000 1.00000000 0.00000000
v -0.06397532 0.00499977 0.04618868 0.00000000 1.00000000 0.00000000
v -0.06299458 -0.00450023 0.04488750 0.00000000 1.00000000 0.00000000
v -0.06717382 0.00449975 0.04763637 0.00000000 1.00000000 0.00000000
v -0.05610106 -0.01150021 0.06417588 0.00000000 1.00000000 0.00000000
v -0.06480728 -0.00450024 0.06656160 0.00000000 1.00000000 0.00000000
v -0.06545069 -0.00450024 0.06636450 0.00000000 1.00000000 0.00000000
v -0.06480728 -0.00450024 0.06656160 0.00000000 1.00000000 0.00000000
v -0.05610106 -0.01150021 0.06417588 0.00000000 1.00000000 0.00000000
v -0.06414598 -0.00450024 0.06668550 0.00000000 1.00000000 0.00000000
v -0.05621248 -0.00450021 0.06771490 0.00000000 1.00000000 0.00000000
v -0.05545166 -0.01150020 0.06426474 0.00000000 1.00000000 0.00000000
v -0.05557098 -0.00450020 0.06776330 0.00000000 1.00000000 0.00000000
v -0.05545166 -0.01150020 0.06426474 0.00000000 1.00000000 0.00000000
v -0.05621248 -0.00450021 0.06771490 0.00000000 1.00000000 0.00000000
v -0.06414598 -0.00450024 0.06668550 0.00000000 1.00000000 0.00000000
v -0.05706236 -0.01200021 0.06293487 0.00000000 1.00000000 0.00000000
v -0.06850728 -0.00450025 0.06384155 0.00000000 1.00000000 0.00000000
v -0.05730246 -0.01200021 0.06249474 0.00000000 1.00000000 0.00000000
v -0.05706236 -0.01200021 0.06293487 0.00000000 1.00000000 0.00000000
v -0.05672046 -0.01200021 0.06330148 0.00000000 1.00000000 0.00000000
v -0.06768738 -0.00450025 0.06490600 0.00000000 1.00000000 0.00000000
v -0.05530806 -0.01200020 0.05976915 0.00000000 1.00000000 0.00000000
v -0.06227788 -0.00500023 0.04582212 0.00000000 1.00000000 0.00000000
v -0.06235298 -0.00450023 0.04482440 0.00000000 1.00000000 0.00000000
v -0.05530806 -0.01200020 0.05976915 0.00000000 1.00000000 0.00000000
v -0.05580856 -0.01200020 0.05979894 0.00000000 1.00000000 0.00000000
v -0.06227788 -0.00500023 0.04582212 0.00000000 1.00000000 0.00000000
v -0.06170838 -0.00450023 0.04483040 0.00000000 1.00000000 0.00000000
v -0.05530806 -0.01200020 0.05976915 0.00000000 1.00000000 0.00000000
v -0.02917240 -0.00550011 0.04754133 0.00000000 1.00000000 0.00000000
v -0.05481595 -0.01200020 0.05986474 0.00000000 1.00000000 0.00000000
v -0.05530806 -0.01200020 0.05976915 0.00000000 1.00000000 0.00000000
v -0.02985783 -0.00550011 0.04744092 0.00000000 1.00000000 0.00000000
v -0.02917240 -0.00550011 0.04754133 0.00000000 1.00000000 0.00000000
v -0.02849915 -0.00550010 0.04770456 0.00000000 1.00000000 0.00000000
v -0.05481595 -0.01200020 0.05986474 0.00000000 1.00000000 0.00000000
v -0.02917240 -0.00550011 0.04754133 0.00000000 1.00000000 0.00000000
v -0.05481595 -0.01200020 0.05986474 0.00000000 1.00000000 0.00000000
v -0.02721205 -0.00550010 0.04821337 0.00000000 1.00000000 0.00000000
v -0.05436306 -0.01200020 0.06007973 0.00000000 1.00000000 0.00000000
v -0.02604039 0.00549990 0.04895003 0.00000000 1.00000000 0.00000000
v -0.05436314 0.01199980 0.06007973 0.00000000 1.00000000 0.00000000
v -0.05397794 0.01199980 0.06040059 0.00000000 1.00000000 0.00000000
v -0.05344036 -0.01200020 0.06177151 0.00000000 1.00000000 0.00000000
v -0.02310126 -0.00550008 0.05495547 0.00000000 1.00000000 0.00000000
v -0.02313800 -0.00550008 0.05564725 0.00000000 1.00000000 0.00000000
v -0.05344036 -0.01200020 0.06177151 0.00000000 1.00000000 0.00000000
v -0.05350156 -0.01200020 0.06127392 0.00000000 1.00000000 0.00000000
v -0.02312850 -0.00550008 0.05426325 0.00000000 1.00000000 0.00000000
v -0.05344036 -0.01200020 0.06177151 0.00000000 1.00000000 0.00000000
v -0.02312850 -0.00550008 0.05426325 0.00000000 1.00000000 0.00000000
v -0.02310126 -0.00550008 0.05495547 0.00000000 1.00000000 0.00000000
v -0.05350504 0.01199980 0.06226867 0.00000000 1.00000000 0.00000000
v -0.02340168 0.00549991 0.05700593 0.00000000 1.00000000 0.00000000
v -0.02323845 0.00549991 0.05633268 0.00000000 1.00000000 0.00000000
v -0.05482884 0.01199980 0.06366895 0.00000000 1.00000000 0.00000000
v -0.05480154 0.01149980 0.06418173 0.00000000 1.00000000 0.00000000
v -0.02859820 0.00549989 0.06213161 0.00000000 1.00000000 0.00000000
v -0.05532165 0.01199980 0.06376123 0.00000000 1.00000000 0.00000000
v -0.05480154 0.01149980 0.06418173 0.00000000 1.00000000 0.00000000
v -0.05482884 0.01199980 0.06366895 0.00000000 1.00000000 0.00000000
v -0.05530814 0.01199980 0.05976915 0.00000000 1.00000000 0.00000000
v -0.03054965 0.00549989 0.04740418 0.00000000 1.00000000 0.00000000
v -0.06170842 0.00449977 0.04483040 0.00000000 1.00000000 0.00000000
v -0.05530814 0.01199980 0.05976915 0.00000000 1.00000000 0.00000000
v -0.06170842 0.00449977 0.04483040 0.00000000 1.00000000 0.00000000
v -0.06235302 0.00449977 0.04482440 0.00000000 1.00000000 0.00000000
v -0.02312854 0.00549992 0.05426325 0.00000000 1.00000000 0.00000000
v -0.05344044 0.01199980 0.06177151 0.00000000 1.00000000 0.00000000
v -0.02310130 0.00549992 0.05495547 0.00000000 1.00000000 0.00000000
v -0.02312854 0.00549992 0.05426325 0.00000000 1.00000000 0.00000000
v -0.05350164 0.01199980 0.06127392 0.00000000 1.00000000 0.00000000
v -0.05344044 0.01199980 0.06177151 0.00000000 1.00000000 0.00000000
v -0.02321954 0.00549991 0.05357650 0.00000000 1.00000000 0.00000000
v -0.02337351 0.00549991 0.05290108 0.00000000 1.00000000 0.00000000
v -0.02358915 0.00549991 0.05224275 0.00000000 1.00000000 0.00000000
v -0.05350164 0.01199980 0.06127392 0.00000000 1.00000000 0.00000000
v -0.02337351 0.00549991 0.05290108 0.00000000 1.00000000 0.00000000
v -0.05350164 0.01199980 0.06127392 0.00000000 1.00000000 0.00000000
v -0.02321954 0.00549991 0.05357650 0.00000000 1.00000000 0.00000000
v -0.06934672 0.00449975 0.06130666 0.00000000 1.00000000 0.00000000
v -0.06924512 0.00449975 0.06197180 0.00000000 1.00000000 0.00000000
v -0.05742554 0.01199979 0.06200874 0.00000000 1.00000000 0.00000000
v -0.06924512 0.00449975 0.06197180 0.00000000 1.00000000 0.00000000
v -0.05730254 0.01199979 0.06249474 0.00000000 1.00000000 0.00000000
v -0.05742554 0.01199979 0.06200874 0.00000000 1.00000000 0.00000000
v -0.06924512 0.00449975 0.06197180 0.00000000 1.00000000 0.00000000
v -0.06906982 0.00449975 0.06262139 0.00000000 1.00000000 0.00000000
v -0.05730254 0.01199979 0.06249474 0.00000000 1.00000000 0.00000000
v -0.06937312 0.00449975 0.06063433 0.00000000 1.00000000 0.00000000
v -0.06934672 0.00449975 0.06130666 0.00000000 1.00000000 0.00000000
v -0.05742554 0.01199979 0.06200874 0.00000000 1.00000000 0.00000000
v -0.06792012 0.00449975 0.04941249 0.00000000 1.00000000 0.00000000
v -0.05729754 0.01199979 0.06102225 0.00000000 1.00000000 0.00000000
v -0.06773562 0.00449975 0.04879480 0.00000000 1.00000000 0.00000000
v -0.05545174 0.01149980 0.06426474 0.00000000 1.00000000 0.00000000
v -0.05621252 0.00449979 0.06771490 0.00000000 1.00000000 0.00000000
v -0.05557102 0.00449980 0.06776330 0.00000000 1.00000000 0.00000000
v -0.05557102 0.00449980 0.06776330 0.00000000 1.00000000 0.00000000
v -0.05492792 0.00449980 0.06774280 0.00000000 1.00000000 0.00000000
v -0.05545174 0.01149980 0.06426474 0.00000000 1.00000000 0.00000000
v -0.06882282 0.00449975 0.06324726 0.00000000 1.00000000 0.00000000
v -0.05730254 0.01199979 0.06249474 0.00000000 1.00000000 0.00000000
v -0.06906982 0.00449975 0.06262139 0.00000000 1.00000000 0.00000000
v -0.06882282 0.00449975 0.06324726 0.00000000 1.00000000 0.00000000
v -0.06850732 0.00449975 0.06384155 0.00000000 1.00000000 0.00000000
v -0.05730254 0.01199979 0.06249474 0.00000000 1.00000000 0.00000000
v -0.06812718 -0.00450025 0.06439677 0.00000000 1.00000000 0.00000000
v -0.05706236 -0.01200021 0.06293487 0.00000000 1.00000000 0.00000000
v -0.06768738 -0.00450025 0.06490600 0.00000000 1.00000000 0.00000000
v -0.06850728 -0.00450025 0.06384155 0.00000000 1.00000000 0.00000000
v -0.05706236 -0.01200021 0.06293487 0.00000000 1.00000000 0.00000000
v -0.06812718 -0.00450025 0.06439677 0.00000000 1.00000000 0.00000000
v -0.05672046 -0.01200021 0.06330148 0.00000000 1.00000000 0.00000000
v -0.06719328 -0.00450025 0.06536270 0.00000000 1.00000000 0.00000000
v -0.06768738 -0.00450025 0.06490600 0.00000000 1.00000000 0.00000000
v -0.06719328 -0.00450025 0.06536270 0.00000000 1.00000000 0.00000000
v -0.05672046 -0.01200021 0.06330148 0.00000000 1.00000000 0.00000000
v -0.06665118 -0.00450024 0.06576120 0.00000000 1.00000000 0.00000000
v -0.05672054 0.01199979 0.06330148 0.00000000 1.00000000 0.00000000
v -0.05706244 0.01199979 0.06293487 0.00000000 1.00000000 0.00000000
v -0.06768742 0.00449975 0.06490600 0.00000000 1.00000000 0.00000000
v -0.05629814 0.01199979 0.06357154 0.00000000 1.00000000 0.00000000
v -0.05672054 0.01199979 0.06330148 0.00000000 1.00000000 0.00000000
v -0.05670524 0.01149979 0.06392125 0.00000000 1.00000000 0.00000000
v -0.05672054 0.01199979 0.06330148 0.00000000 1.00000000 0.00000000
v -0.06665121 0.00449976 0.06576120 0.00000000 1.00000000 0.00000000
v -0.05670524 0.01149979 0.06392125 0.00000000 1.00000000 0.00000000
v -0.05582184 0.01199979 0.06372806 0.00000000 1.00000000 0.00000000
v -0.05629814 0.01199979 0.06357154 0.00000000 1.00000000 0.00000000
v -0.05610114 0.01149979 0.06417588 0.00000000 1.00000000 0.00000000
v -0.05532165 0.01199980 0.06376123 0.00000000 1.00000000 0.00000000
v -0.05582184 0.01199979 0.06372806 0.00000000 1.00000000 0.00000000
v -0.05545174 0.01149980 0.06426474 0.00000000 1.00000000 0.00000000
v -0.05582184 0.01199979 0.06372806 0.00000000 1.00000000 0.00000000
v -0.05610114 0.01149979 0.06417588 0.00000000 1.00000000 0.00000000
v -0.05545174 0.01149980 0.06426474 0.00000000 1.00000000 0.00000000
v -0.06499208 -0.00500024 0.04674890 0.00000000 1.00000000 0.00000000
v -0.05671006 -0.01200021 0.06021945 0.00000000 1.00000000 0.00000000
v -0.06544488 -0.00500024 0.04711366 0.00000000 1.00000000 0.00000000
v -0.05671006 -0.01200021 0.06021945 0.00000000 1.00000000 0.00000000
v -0.06499208 -0.00500024 0.04674890 0.00000000 1.00000000 0.00000000
v -0.05628586 -0.01200021 0.05995225 0.00000000 1.00000000 0.00000000
v -0.05580856 -0.01200020 0.05979894 0.00000000 1.00000000 0.00000000
v -0.06342498 -0.00500023 0.04600079 0.00000000 1.00000000 0.00000000
v -0.06285668 -0.00500023 0.04587805 0.00000000 1.00000000 0.00000000
v -0.06342498 -0.00500023 0.04600079 0.00000000 1.00000000 0.00000000
v -0.05580856 -0.01200020 0.05979894 0.00000000 1.00000000 0.00000000
v -0.05628586 -0.01200021 0.05995225 0.00000000 1.00000000 0.00000000
v -0.06397528 -0.00500023 0.04618868 0.00000000 1.00000000 0.00000000
v -0.06748588 -0.00450025 0.04820047 0.00000000 1.00000000 0.00000000
v -0.05729746 -0.01200021 0.06102225 0.00000000 1.00000000 0.00000000
v -0.06773558 -0.00450025 0.04879480 0.00000000 1.00000000 0.00000000
v -0.06450002 0.00499976 0.04643918 0.00000000 1.00000000 0.00000000
v -0.06538432 0.00449976 0.04580564 0.00000000 1.00000000 0.00000000
v -0.06499212 0.00499976 0.04674890 0.00000000 1.00000000 0.00000000
v -0.06450002 0.00499976 0.04643918 0.00000000 1.00000000 0.00000000
v -0.06450002 0.00499976 0.04643918 0.00000000 1.00000000 0.00000000
v -0.05628594 0.01199979 0.05995225 0.00000000 1.00000000 0.00000000
v -0.06397532 0.00499977 0.04618868 0.00000000 1.00000000 0.00000000
v -0.06362572 0.00449977 0.04501909 0.00000000 1.00000000 0.00000000
v -0.06423902 0.00449976 0.04521763 0.00000000 1.00000000 0.00000000
v -0.06342502 0.00499977 0.04600079 0.00000000 1.00000000 0.00000000
v -0.06423902 0.00449976 0.04521763 0.00000000 1.00000000 0.00000000
v -0.06397532 0.00499977 0.04618868 0.00000000 1.00000000 0.00000000
v -0.06342502 0.00499977 0.04600079 0.00000000 1.00000000 0.00000000
v -0.06299462 0.00449977 0.04488750 0.00000000 1.00000000 0.00000000
v -0.06285672 0.00499977 0.04587805 0.00000000 1.00000000 0.00000000
v -0.06235302 0.00449977 0.04482440 0.00000000 1.00000000 0.00000000
v -0.06299462 0.00449977 0.04488750 0.00000000 1.00000000 0.00000000
v -0.05671014 0.01199979 0.06021945 0.00000000 1.00000000 0.00000000
v -0.06585232 0.00499976 0.04752852 0.00000000 1.00000000 0.00000000
v -0.05705454 0.01199979 0.06058374 0.00000000 1.00000000 0.00000000
v -0.06585232 0.00499976 0.04752852 0.00000000 1.00000000 0.00000000
v -0.06620882 0.00499976 0.04798787 0.00000000 1.00000000 0.00000000
v -0.05705454 0.01199979 0.06058374 0.00000000 1.00000000 0.00000000
v -0.06590311 0.00449976 0.04618832 0.00000000 1.00000000 0.00000000
v -0.06499212 0.00499976 0.04674890 0.00000000 1.00000000 0.00000000
v -0.06538432 0.00449976 0.04580564 0.00000000 1.00000000 0.00000000
v -0.02730419 -0.00550010 0.06164051 0.00000000 1.00000000 0.00000000
v -0.02793983 -0.00550010 0.06191597 0.00000000 1.00000000 0.00000000
v -0.05482876 -0.01200020 0.06366895 0.00000000 1.00000000 0.00000000
v -0.05482876 -0.01200020 0.06366895 0.00000000 1.00000000 0.00000000
v -0.02859816 -0.00550011 0.06213161 0.00000000 1.00000000 0.00000000
v -0.05480146 -0.01150020 0.06418173 0.00000000 1.00000000 0.00000000
v -0.02793983 -0.00550010 0.06191597 0.00000000 1.00000000 0.00000000
v -0.02859816 -0.00550011 0.06213161 0.00000000 1.00000000 0.00000000
v -0.05482876 -0.01200020 0.06366895 0.00000000 1.00000000 0.00000000
v -0.05480146 -0.01150020 0.06418173 0.00000000 1.00000000 0.00000000
v -0.02859816 -0.00550011 0.06213161 0.00000000 1.00000000 0.00000000
v -0.02927358 -0.00550011 0.06228558 0.00000000 1.00000000 0.00000000
v -0.05369106 -0.01200020 0.06273417 0.00000000 1.00000000 0.00000000
v -0.02425170 -0.00550009 0.05889591 0.00000000 1.00000000 0.00000000
v -0.02464711 -0.00550009 0.05946473 0.00000000 1.00000000 0.00000000
v -0.02425170 -0.00550009 0.05889591 0.00000000 1.00000000 0.00000000
v -0.05369106 -0.01200020 0.06273417 0.00000000 1.00000000 0.00000000
v -0.02391045 -0.00550009 0.05829303 0.00000000 1.00000000 0.00000000
v -0.02362630 -0.00550009 0.05766124 0.00000000 1.00000000 0.00000000
v -0.02391045 -0.00550009 0.05829303 0.00000000 1.00000000 0.00000000
v -0.05369106 -0.01200020 0.06273417 0.00000000 1.00000000 0.00000000
v -0.05398706 -0.01200020 0.06313877 0.00000000 1.00000000 0.00000000
v -0.05369106 -0.01200020 0.06273417 0.00000000 1.00000000 0.00000000
v -0.02464711 -0.00550009 0.05946473 0.00000000 1.00000000 0.00000000
v -0.02509336 0.00549991 0.05999463 0.00000000 1.00000000 0.00000000
v -0.02464715 0.00549991 0.05946473 0.00000000 1.00000000 0.00000000
v -0.05398714 0.01199980 0.06313877 0.00000000 1.00000000 0.00000000
v -0.02558656 0.00549991 0.06048111 0.00000000 1.00000000 0.00000000
v -0.02509336 0.00549991 0.05999463 0.00000000 1.00000000 0.00000000
v -0.05398714 0.01199980 0.06313877 0.00000000 1.00000000 0.00000000
v -0.06480732 0.00449976 0.06656160 0.00000000 1.00000000 0.00000000
v -0.05610114 0.01149979 0.06417588 0.00000000 1.00000000 0.00000000
v -0.06545072 0.00449976 0.06636450 0.00000000 1.00000000 0.00000000
v -0.06414602 0.00449976 0.06668550 0.00000000 1.00000000 0.00000000
v -0.05610114 0.01149979 0.06417588 0.00000000 1.00000000 0.00000000
v -0.06480732 0.00449976 0.06656160 0.00000000 1.00000000 0.00000000
v -0.05629806 -0.01200021 0.06357154 0.00000000 1.00000000 0.00000000
v -0.05582176 -0.01200021 0.06372806 0.00000000 1.00000000 0.00000000
v -0.05610106 -0.01150021 0.06417588 0.00000000 1.00000000 0.00000000
v -0.05532156 -0.01200020 0.06376123 0.00000000 1.00000000 0.00000000
v -0.05545166 -0.01150020 0.06426474 0.00000000 1.00000000 0.00000000
v -0.05582176 -0.01200021 0.06372806 0.00000000 1.00000000 0.00000000
v -0.05582176 -0.01200021 0.06372806 0.00000000 1.00000000 0.00000000
v -0.05545166 -0.01150020 0.06426474 0.00000000 1.00000000 0.00000000
v -0.05610106 -0.01150021 0.06417588 0.00000000 1.00000000 0.00000000
v -0.06170838 -0.00450023 0.04483040 0.00000000 1.00000000 0.00000000
v -0.02985783 -0.00550011 0.04744092 0.00000000 1.00000000 0.00000000
v -0.03054961 -0.00550011 0.04740418 0.00000000 1.00000000 0.00000000
v -0.03054961 -0.00550011 0.04740418 0.00000000 1.00000000 0.00000000
v -0.05530806 -0.01200020 0.05976915 0.00000000 1.00000000 0.00000000
v -0.06170838 -0.00450023 0.04483040 0.00000000 1.00000000 0.00000000
v -0.05530806 -0.01200020 0.05976915 0.00000000 1.00000000 0.00000000
v -0.03054961 -0.00550011 0.04740418 0.00000000 1.00000000 0.00000000
v -0.02985783 -0.00550011 0.04744092 0.00000000 1.00000000 0.00000000
v -0.02321950 -0.00550009 0.05357650 0.00000000 1.00000000 0.00000000
v -0.02321950 -0.00550009 0.05357650 0.00000000 1.00000000 0.00000000
v -0.05350156 -0.01200020 0.06127392 0.00000000 1.00000000 0.00000000
v -0.02337347 -0.00550009 0.05290108 0.00000000 1.00000000 0.00000000
v -0.02358911 -0.00550009 0.05224275 0.00000000 1.00000000 0.00000000
v -0.02337347 -0.00550009 0.05290108 0.00000000 1.00000000 0.00000000
v -0.05350156 -0.01200020 0.06127392 0.00000000 1.00000000 0.00000000
v -0.02358911 -0.00550009 0.05224275 0.00000000 1.00000000 0.00000000
v -0.05350156 -0.01200020 0.06127392 0.00000000 1.00000000 0.00000000
v -0.05368456 -0.01200020 0.06080717 0.00000000 1.00000000 0.00000000
v -0.02358911 -0.00550009 0.05224275 0.00000000 1.00000000 0.00000000
v -0.05368456 -0.01200020 0.06080717 0.00000000 1.00000000 0.00000000
v -0.02386457 -0.00550009 0.05160711 0.00000000 1.00000000 0.00000000
v -0.02458507 -0.00550009 0.05042542 0.00000000 1.00000000 0.00000000
v -0.05368456 -0.01200020 0.06080717 0.00000000 1.00000000 0.00000000
v -0.05397786 -0.01200020 0.06040059 0.00000000 1.00000000 0.00000000
v -0.02458507 -0.00550009 0.05042542 0.00000000 1.00000000 0.00000000
v -0.05397786 -0.01200020 0.06040059 0.00000000 1.00000000 0.00000000
v -0.02502397 -0.00550009 0.04988944 0.00000000 1.00000000 0.00000000
v -0.02784384 -0.00550010 0.04792922 0.00000000 1.00000000 0.00000000
v -0.02721205 -0.00550010 0.04821337 0.00000000 1.00000000 0.00000000
v -0.05481595 -0.01200020 0.05986474 0.00000000 1.00000000 0.00000000
v -0.02849915 -0.00550010 0.04770456 0.00000000 1.00000000 0.00000000
v -0.02784384 -0.00550010 0.04792922 0.00000000 1.00000000 0.00000000
v -0.05481595 -0.01200020 0.05986474 0.00000000 1.00000000 0.00000000
v -0.02604035 -0.00550010 0.04895003 0.00000000 1.00000000 0.00000000
v -0.05397786 -0.01200020 0.06040059 0.00000000 1.00000000 0.00000000
v -0.05436306 -0.01200020 0.06007973 0.00000000 1.00000000 0.00000000
v -0.02551049 0.00549991 0.04939624 0.00000000 1.00000000 0.00000000
v -0.05397794 0.01199980 0.06040059 0.00000000 1.00000000 0.00000000
v -0.02502401 0.00549991 0.04988944 0.00000000 1.00000000 0.00000000
v -0.02551049 0.00549991 0.04939624 0.00000000 1.00000000 0.00000000
v -0.02340164 -0.00550009 0.05700593 0.00000000 1.00000000 0.00000000
v -0.02362630 -0.00550009 0.05766124 0.00000000 1.00000000 0.00000000
v -0.05350496 -0.01200020 0.06226867 0.00000000 1.00000000 0.00000000
v -0.05350496 -0.01200020 0.06226867 0.00000000 1.00000000 0.00000000
v -0.02362630 -0.00550009 0.05766124 0.00000000 1.00000000 0.00000000
v -0.05369106 -0.01200020 0.06273417 0.00000000 1.00000000 0.00000000
v -0.05350496 -0.01200020 0.06226867 0.00000000 1.00000000 0.00000000
v -0.05344036 -0.01200020 0.06177151 0.00000000 1.00000000 0.00000000
v -0.02313800 -0.00550008 0.05564725 0.00000000 1.00000000 0.00000000
v -0.02313804 0.00549992 0.05564725 0.00000000 1.00000000 0.00000000
v -0.05344044 0.01199980 0.06177151 0.00000000 1.00000000 0.00000000
v -0.05350504 0.01199980 0.06226867 0.00000000 1.00000000 0.00000000
v -0.02323845 0.00549991 0.05633268 0.00000000 1.00000000 0.00000000
v -0.02310130 0.00549992 0.05495547 0.00000000 1.00000000 0.00000000
v -0.05344044 0.01199980 0.06177151 0.00000000 1.00000000 0.00000000
v -0.02313804 0.00549992 0.05564725 0.00000000 1.00000000 0.00000000
v -0.05437454 0.01199980 0.06345702 0.00000000 1.00000000 0.00000000
v -0.02669673 0.00549990 0.06130757 0.00000000 1.00000000 0.00000000
v -0.02612254 0.00549990 0.06092001 0.00000000 1.00000000 0.00000000
v -0.05437454 0.01199980 0.06345702 0.00000000 1.00000000 0.00000000
v -0.02730423 0.00549990 0.06164051 0.00000000 1.00000000 0.00000000
v -0.02669673 0.00549990 0.06130757 0.00000000 1.00000000 0.00000000
v -0.05437454 0.01199980 0.06345702 0.00000000 1.00000000 0.00000000
v -0.05482884 0.01199980 0.06366895 0.00000000 1.00000000 0.00000000
v -0.02730423 0.00549990 0.06164051 0.00000000 1.00000000 0.00000000
v -0.05437454 0.01199980 0.06345702 0.00000000 1.00000000 0.00000000
v -0.02558656 0.00549991 0.06048111 0.00000000 1.00000000 0.00000000
v -0.05398714 0.01199980 0.06313877 0.00000000 1.00000000 0.00000000
v -0.02612254 0.00549990 0.06092001 0.00000000 1.00000000 0.00000000
v -0.02793987 0.00549990 0.06191597 0.00000000 1.00000000 0.00000000
v -0.05482884 0.01199980 0.06366895 0.00000000 1.00000000 0.00000000
v -0.02859820 0.00549989 0.06213161 0.00000000 1.00000000 0.00000000
v -0.02730423 0.00549990 0.06164051 0.00000000 1.00000000 0.00000000
v -0.05482884 0.01199980 0.06366895 0.00000000 1.00000000 0.00000000
v -0.02793987 0.00549990 0.06191597 0.00000000 1.00000000 0.00000000
v -0.06227792 0.00499977 0.04582212 0.00000000 1.00000000 0.00000000
v -0.06227792 0.00499977 0.04582212 0.00000000 1.00000000 0.00000000
v -0.05530814 0.01199980 0.05976915 0.00000000 1.00000000 0.00000000
v -0.06227792 0.00499977 0.04582212 0.00000000 1.00000000 0.00000000
v -0.05580864 0.01199980 0.05979894 0.00000000 1.00000000 0.00000000
v -0.06227792 0.00499977 0.04582212 0.00000000 1.00000000 0.00000000
v -0.06285672 0.00499977 0.04587805 0.00000000 1.00000000 0.00000000
v -0.05580864 0.01199980 0.05979894 0.00000000 1.00000000 0.00000000
v -0.02386461 0.00549991 0.05160711 0.00000000 1.00000000 0.00000000
v -0.05368464 0.01199980 0.06080717 0.00000000 1.00000000 0.00000000
v -0.02358915 0.00549991 0.05224275 0.00000000 1.00000000 0.00000000
v -0.02386461 0.00549991 0.05160711 0.00000000 1.00000000 0.00000000
v -0.02419755 0.00549991 0.05099961 0.00000000 1.00000000 0.00000000
v -0.05368464 0.01199980 0.06080717 0.00000000 1.00000000 0.00000000
v -0.02458511 0.00549991 0.05042542 0.00000000 1.00000000 0.00000000
v -0.05397794 0.01199980 0.06040059 0.00000000 1.00000000 0.00000000
v -0.05368464 0.01199980 0.06080717 0.00000000 1.00000000 0.00000000
v -0.02419755 0.00549991 0.05099961 0.00000000 1.00000000 0.00000000
v -0.02458511 0.00549991 0.05042542 0.00000000 1.00000000 0.00000000
v -0.05368464 0.01199980 0.06080717 0.00000000 1.00000000 0.00000000
v -0.05397794 0.01199980 0.06040059 0.00000000 1.00000000 0.00000000
v -0.02458511 0.00549991 0.05042542 0.00000000 1.00000000 0.00000000
v -0.02502401 0.00549991 0.04988944 0.00000000 1.00000000 0.00000000
v -0.06932398 -0.00450025 0.05996327 0.00000000 1.00000000 0.00000000
v -0.06803728 -0.00450025 0.05004641 0.00000000 1.00000000 0.00000000
v -0.05742376 -0.01200021 0.06150741 0.00000000 1.00000000 0.00000000
v -0.05729754 0.01199979 0.06102225 0.00000000 1.00000000 0.00000000
v -0.06792012 0.00449975 0.04941249 0.00000000 1.00000000 0.00000000
v -0.05742384 0.01199979 0.06150741 0.00000000 1.00000000 0.00000000
v -0.05742384 0.01199979 0.06150741 0.00000000 1.00000000 0.00000000
v -0.06792012 0.00449975 0.04941249 0.00000000 1.00000000 0.00000000
v -0.06803732 0.00449975 0.05004641 0.00000000 1.00000000 0.00000000
v -0.05742384 0.01199979 0.06150741 0.00000000 1.00000000 0.00000000
v -0.06803732 0.00449975 0.05004641 0.00000000 1.00000000 0.00000000
v -0.06932402 0.00449975 0.05996327 0.00000000 1.00000000 0.00000000
v -0.05742384 0.01199979 0.06150741 0.00000000 1.00000000 0.00000000
v -0.06937312 0.00449975 0.06063433 0.00000000 1.00000000 0.00000000
v -0.05742554 0.01199979 0.06200874 0.00000000 1.00000000 0.00000000
v -0.05742384 0.01199979 0.06150741 0.00000000 1.00000000 0.00000000
v -0.06932402 0.00449975 0.05996327 0.00000000 1.00000000 0.00000000
v -0.06937312 0.00449975 0.06063433 0.00000000 1.00000000 0.00000000
v -0.06812722 0.00449975 0.06439677 0.00000000 1.00000000 0.00000000
v -0.06768742 0.00449975 0.06490600 0.00000000 1.00000000 0.00000000
v -0.05706244 0.01199979 0.06293487 0.00000000 1.00000000 0.00000000
v -0.05706244 0.01199979 0.06293487 0.00000000 1.00000000 0.00000000
v -0.06850732 0.00449975 0.06384155 0.00000000 1.00000000 0.00000000
v -0.06812722 0.00449975 0.06439677 0.00000000 1.00000000 0.00000000
v -0.05670516 -0.01150021 0.06392125 0.00000000 1.00000000 0.00000000
v -0.06606788 -0.00450024 0.06609660 0.00000000 1.00000000 0.00000000
v -0.06665118 -0.00450024 0.06576120 0.00000000 1.00000000 0.00000000
v -0.05670516 -0.01150021 0.06392125 0.00000000 1.00000000 0.00000000
v -0.05672046 -0.01200021 0.06330148 0.00000000 1.00000000 0.00000000
v -0.05629806 -0.01200021 0.06357154 0.00000000 1.00000000 0.00000000
v -0.05670516 -0.01150021 0.06392125 0.00000000 1.00000000 0.00000000
v -0.06665118 -0.00450024 0.06576120 0.00000000 1.00000000 0.00000000
v -0.05672046 -0.01200021 0.06330148 0.00000000 1.00000000 0.00000000
v -0.05670516 -0.01150021 0.06392125 0.00000000 1.00000000 0.00000000
v -0.05629806 -0.01200021 0.06357154 0.00000000 1.00000000 0.00000000
v -0.05610106 -0.01150021 0.06417588 0.00000000 1.00000000 0.00000000
v -0.05670516 -0.01150021 0.06392125 0.00000000 1.00000000 0.00000000
v -0.05610106 -0.01150021 0.06417588 0.00000000 1.00000000 0.00000000
v -0.06545069 -0.00450024 0.06636450 0.00000000 1.00000000 0.00000000
v -0.06606788 -0.00450024 0.06609660 0.00000000 1.00000000 0.00000000
v -0.05670516 -0.01150021 0.06392125 0.00000000 1.00000000 0.00000000
v -0.06545069 -0.00450024 0.06636450 0.00000000 1.00000000 0.00000000
v -0.06545072 0.00449976 0.06636450 0.00000000 1.00000000 0.00000000
v -0.05670524 0.01149979 0.06392125 0.00000000 1.00000000 0.00000000
v -0.06606792 0.00449976 0.06609660 0.00000000 1.00000000 0.00000000
v -0.05670524 0.01149979 0.06392125 0.00000000 1.00000000 0.00000000
v -0.06665121 0.00449976 0.06576120 0.00000000 1.00000000 0.00000000
v -0.06606792 0.00449976 0.06609660 0.00000000 1.00000000 0.00000000
v -0.06719332 0.00449975 0.06536270 0.00000000 1.00000000 0.00000000
v -0.05672054 0.01199979 0.06330148 0.00000000 1.00000000 0.00000000
v -0.06768742 0.00449975 0.06490600 0.00000000 1.00000000 0.00000000
v -0.05672054 0.01199979 0.06330148 0.00000000 1.00000000 0.00000000
v -0.06719332 0.00449975 0.06536270 0.00000000 1.00000000 0.00000000
v -0.06665121 0.00449976 0.06576120 0.00000000 1.00000000 0.00000000
v -0.06449998 -0.00500024 0.04643918 0.00000000 1.00000000 0.00000000
v -0.06397528 -0.00500023 0.04618868 0.00000000 1.00000000 0.00000000
v -0.05628586 -0.01200021 0.05995225 0.00000000 1.00000000 0.00000000
v -0.06449998 -0.00500024 0.04643918 0.00000000 1.00000000 0.00000000
v -0.06449998 -0.00500024 0.04643918 0.00000000 1.00000000 0.00000000
v -0.06482748 -0.00450024 0.04548082 0.00000000 1.00000000 0.00000000
v -0.06397528 -0.00500023 0.04618868 0.00000000 1.00000000 0.00000000
v -0.06585228 -0.00500024 0.04752852 0.00000000 1.00000000 0.00000000
v -0.05671006 -0.01200021 0.06021945 0.00000000 1.00000000 0.00000000
v -0.05705446 -0.01200021 0.06058374 0.00000000 1.00000000 0.00000000
v -0.06585228 -0.00500024 0.04752852 0.00000000 1.00000000 0.00000000
v -0.06544488 -0.00500024 0.04711366 0.00000000 1.00000000 0.00000000
v -0.05671006 -0.01200021 0.06021945 0.00000000 1.00000000 0.00000000
v -0.06585228 -0.00500024 0.04752852 0.00000000 1.00000000 0.00000000
v -0.05705446 -0.01200021 0.06058374 0.00000000 1.00000000 0.00000000
v -0.06620878 -0.00500024 0.04798787 0.00000000 1.00000000 0.00000000
v -0.06680308 -0.00450025 0.04710900 0.00000000 1.00000000 0.00000000
v -0.06585228 -0.00500024 0.04752852 0.00000000 1.00000000 0.00000000
v -0.06620878 -0.00500024 0.04798787 0.00000000 1.00000000 0.00000000
v -0.06717378 -0.00450025 0.04763637 0.00000000 1.00000000 0.00000000
v -0.06680308 -0.00450025 0.04710900 0.00000000 1.00000000 0.00000000
v -0.06620878 -0.00500024 0.04798787 0.00000000 1.00000000 0.00000000
v -0.06717382 0.00449975 0.04763637 0.00000000 1.00000000 0.00000000
v -0.06748592 0.00449975 0.04820047 0.00000000 1.00000000 0.00000000
v -0.06650952 0.00499976 0.04848550 0.00000000 1.00000000 0.00000000
v -0.05729754 0.01199979 0.06102225 0.00000000 1.00000000 0.00000000
v -0.06748592 0.00449975 0.04820047 0.00000000 1.00000000 0.00000000
v -0.06773562 0.00449975 0.04879480 0.00000000 1.00000000 0.00000000
v -0.06650952 0.00499976 0.04848550 0.00000000 1.00000000 0.00000000
v -0.06748592 0.00449975 0.04820047 0.00000000 1.00000000 0.00000000
v -0.05729754 0.01199979 0.06102225 0.00000000 1.00000000 0.00000000
v -0.06482751 0.00449976 0.04548082 0.00000000 1.00000000 0.00000000
v -0.06450002 0.00499976 0.04643918 0.00000000 1.00000000 0.00000000
v -0.06397532 0.00499977 0.04618868 0.00000000 1.00000000 0.00000000
v -0.06423902 0.00449976 0.04521763 0.00000000 1.00000000 0.00000000
v -0.06482751 0.00449976 0.04548082 0.00000000 1.00000000 0.00000000
v -0.06397532 0.00499977 0.04618868 0.00000000 1.00000000 0.00000000
v -0.06450002 0.00499976 0.04643918 0.00000000 1.00000000 0.00000000
v -0.06482751 0.00449976 0.04548082 0.00000000 1.00000000 0.00000000
v -0.06538432 0.00449976 0.04580564 0.00000000 1.00000000 0.00000000
v -0.06680312 0.00449975 0.04710900 0.00000000 1.00000000 0.00000000
v -0.06585232 0.00499976 0.04752852 0.00000000 1.00000000 0.00000000
v -0.06637782 0.00449976 0.04662445 0.00000000 1.00000000 0.00000000
v -0.06680312 0.00449975 0.04710900 0.00000000 1.00000000 0.00000000
v -0.06717382 0.00449975 0.04763637 0.00000000 1.00000000 0.00000000
v -0.06620882 0.00499976 0.04798787 0.00000000 1.00000000 0.00000000
v -0.06585232 0.00499976 0.04752852 0.00000000 1.00000000 0.00000000
v -0.06680312 0.00449975 0.04710900 0.00000000 1.00000000 0.00000000
v -0.06620882 0.00499976 0.04798787 0.00000000 1.00000000 0.00000000
v -0.06544492 0.00499976 0.04711366 0.00000000 1.00000000 0.00000000
v -0.06499212 0.00499976 0.04674890 0.00000000 1.00000000 0.00000000
v -0.06590311 0.00449976 0.04618832 0.00000000 1.00000000 0.00000000
v -0.06544492 0.00499976 0.04711366 0.00000000 1.00000000 0.00000000
v -0.05671014 0.01199979 0.06021945 0.00000000 1.00000000 0.00000000
v -0.06499212 0.00499976 0.04674890 0.00000000 1.00000000 0.00000000
v -0.06544492 0.00499976 0.04711366 0.00000000 1.00000000 0.00000000
v -0.06585232 0.00499976 0.04752852 0.00000000 1.00000000 0.00000000
v -0.05671014 0.01199979 0.06021945 0.00000000 1.00000000 0.00000000
v -0.06544492 0.00499976 0.04711366 0.00000000 1.00000000 0.00000000
v -0.06637782 0.00449976 0.04662445 0.00000000 1.00000000 0.00000000
v -0.06585232 0.00499976 0.04752852 0.00000000 1.00000000 0.00000000
v -0.06544492 0.00499976 0.04711366 0.00000000 1.00000000 0.00000000
v -0.06590311 0.00449976 0.04618832 0.00000000 1.00000000 0.00000000
v -0.06637782 0.00449976 0.04662445 0.00000000 1.00000000 0.00000000
v -0.02425174 0.00549991 0.05889591 0.00000000 1.00000000 0.00000000
v -0.05369114 0.01199980 0.06273417 0.00000000 1.00000000 0.00000000
v -0.02464715 0.00549991 0.05946473 0.00000000 1.00000000 0.00000000
v -0.02425174 0.00549991 0.05889591 0.00000000 1.00000000 0.00000000
v -0.02391049 0.00549991 0.05829303 0.00000000 1.00000000 0.00000000
v -0.05369114 0.01199980 0.06273417 0.00000000 1.00000000 0.00000000
v -0.02362634 0.00549991 0.05766124 0.00000000 1.00000000 0.00000000
v -0.05350504 0.01199980 0.06226867 0.00000000 1.00000000 0.00000000
v -0.05369114 0.01199980 0.06273417 0.00000000 1.00000000 0.00000000
v -0.02362634 0.00549991 0.05766124 0.00000000 1.00000000 0.00000000
v -0.05369114 0.01199980 0.06273417 0.00000000 1.00000000 0.00000000
v -0.02391049 0.00549991 0.05829303 0.00000000 1.00000000 0.00000000
v -0.02362634 0.00549991 0.05766124 0.00000000 1.00000000 0.00000000
v -0.02340168 0.00549991 0.05700593 0.00000000 1.00000000 0.00000000
v -0.05350504 0.01199980 0.06226867 0.00000000 1.00000000 0.00000000
v -0.02509332 -0.00550009 0.05999463 0.00000000 1.00000000 0.00000000
v -0.05398706 -0.01200020 0.06313877 0.00000000 1.00000000 0.00000000
v -0.02464711 -0.00550009 0.05946473 0.00000000 1.00000000 0.00000000
v -0.02558652 -0.00550009 0.06048111 0.00000000 1.00000000 0.00000000
v -0.05398706 -0.01200020 0.06313877 0.00000000 1.00000000 0.00000000
v -0.02509332 -0.00550009 0.05999463 0.00000000 1.00000000 0.00000000
v -0.02669669 -0.00550010 0.06130757 0.00000000 1.00000000 0.00000000
v -0.02730419 -0.00550010 0.06164051 0.00000000 1.00000000 0.00000000
v -0.05437446 -0.01200020 0.06345702 0.00000000 1.00000000 0.00000000
v -0.05437446 -0.01200020 0.06345702 0.00000000 1.00000000 0.00000000
v -0.02730419 -0.00550010 0.06164051 0.00000000 1.00000000 0.00000000
v -0.05482876 -0.01200020 0.06366895 0.00000000 1.00000000 0.00000000
v -0.05437446 -0.01200020 0.06345702 0.00000000 1.00000000 0.00000000
v -0.05398706 -0.01200020 0.06313877 0.00000000 1.00000000 0.00000000
v -0.02558652 -0.00550009 0.06048111 0.00000000 1.00000000 0.00000000
v -0.02386457 -0.00550009 0.05160711 0.00000000 1.00000000 0.00000000
v -0.05368456 -0.01200020 0.06080717 0.00000000 1.00000000 0.00000000
v -0.02419751 -0.00550009 0.05099961 0.00000000 1.00000000 0.00000000
v -0.02458507 -0.00550009 0.05042542 0.00000000 1.00000000 0.00000000
v -0.02419751 -0.00550009 0.05099961 0.00000000 1.00000000 0.00000000
v -0.05368456 -0.01200020 0.06080717 0.00000000 1.00000000 0.00000000
v -0.02502397 -0.00550009 0.04988944 0.00000000 1.00000000 0.00000000
v -0.05397786 -0.01200020 0.06040059 0.00000000 1.00000000 0.00000000
v -0.02551045 -0.00550009 0.04939624 0.00000000 1.00000000 0.00000000
v -0.02551045 -0.00550009 0.04939624 0.00000000 1.00000000 0.00000000
v -0.02660917 -0.00550010 0.04855462 0.00000000 1.00000000 0.00000000
v -0.05436306 -0.01200020 0.06007973 0.00000000 1.00000000 0.00000000
v -0.02721205 -0.00550010 0.04821337 0.00000000 1.00000000 0.00000000
v -0.02660917 -0.00550010 0.04855462 0.00000000 1.00000000 0.00000000
v -0.02604035 -0.00550010 0.04895003 0.00000000 1.00000000 0.00000000
v -0.05436306 -0.01200020 0.06007973 0.00000000 1.00000000 0.00000000
v -0.02340164 -0.00550009 0.05700593 0.00000000 1.00000000 0.00000000
v -0.05350496 -0.01200020 0.06226867 0.00000000 1.00000000 0.00000000
v -0.02323841 -0.00550009 0.05633268 0.00000000 1.00000000 0.00000000
v -0.02323841 -0.00550009 0.05633268 0.00000000 1.00000000 0.00000000
v -0.06792008 -0.00450025 0.04941249 0.00000000 1.00000000 0.00000000
v -0.05742376 -0.01200021 0.06150741 0.00000000 1.00000000 0.00000000
v -0.06803728 -0.00450025 0.05004641 0.00000000 1.00000000 0.00000000
v -0.06792008 -0.00450025 0.04941249 0.00000000 1.00000000 0.00000000
v -0.05729746 -0.01200021 0.06102225 0.00000000 1.00000000 0.00000000
v -0.05742376 -0.01200021 0.06150741 0.00000000 1.00000000 0.00000000
v -0.06773558 -0.00450025 0.04879480 0.00000000 1.00000000 0.00000000
v -0.05729746 -0.01200021 0.06102225 0.00000000 1.00000000 0.00000000
v -0.06792008 -0.00450025 0.04941249 0.00000000 1.00000000 0.00000000
v -0.05730246 -0.01200021 0.06249474 0.00000000 1.00000000 0.00000000
v -0.06924508 -0.00450025 0.06197180 0.00000000 1.00000000 0.00000000
v -0.05742546 -0.01200021 0.06200874 0.00000000 1.00000000 0.00000000
v -0.06362568 -0.00450023 0.04501909 0.00000000 1.00000000 0.00000000
v -0.06299458 -0.00450023 0.04488750 0.00000000 1.00000000 0.00000000
v -0.06285668 -0.00500023 0.04587805 0.00000000 1.00000000 0.00000000
v -0.06342498 -0.00500023 0.04600079 0.00000000 1.00000000 0.00000000
v -0.06590308 -0.00450024 0.04618832 0.00000000 1.00000000 0.00000000
v -0.06499208 -0.00500024 0.04674890 0.00000000 1.00000000 0.00000000
v -0.06544488 -0.00500024 0.04711366 0.00000000 1.00000000 0.00000000
v -0.06650948 -0.00500024 0.04848550 0.00000000 1.00000000 0.00000000
v -0.05705446 -0.01200021 0.06058374 0.00000000 1.00000000 0.00000000
v -0.05729746 -0.01200021 0.06102225 0.00000000 1.00000000 0.00000000
v -0.06650948 -0.00500024 0.04848550 0.00000000 1.00000000 0.00000000
v -0.06748588 -0.00450025 0.04820047 0.00000000 1.00000000 0.00000000
v -0.06717378 -0.00450025 0.04763637 0.00000000 1.00000000 0.00000000
v -0.06650948 -0.00500024 0.04848550 0.00000000 1.00000000 0.00000000
v -0.05729746 -0.01200021 0.06102225 0.00000000 1.00000000 0.00000000
v -0.06748588 -0.00450025 0.04820047 0.00000000 1.00000000 0.00000000
v -0.06620878 -0.00500024 0.04798787 0.00000000 1.00000000 0.00000000
v -0.05705446 -0.01200021 0.06058374 0.00000000 1.00000000 0.00000000
v -0.06650948 -0.00500024 0.04848550 0.00000000 1.00000000 0.00000000
v -0.06717378 -0.00450025 0.04763637 0.00000000 1.00000000 0.00000000
v -0.02669669 -0.00550010 0.06130757 0.00000000 1.00000000 0.00000000
v -0.05437446 -0.01200020 0.06345702 0.00000000 1.00000000 0.00000000
v -0.02612250 -0.00550010 0.06092001 0.00000000 1.00000000 0.00000000
v -0.02612250 -0.00550010 0.06092001 0.00000000 1.00000000 0.00000000
v -0.02721209 0.00549990 0.04821337 0.00000000 1.00000000 0.00000000
v -0.05481604 0.01199980 0.05986474 0.00000000 1.00000000 0.00000000
v -0.05436314 0.01199980 0.06007973 0.00000000 1.00000000 0.00000000
v -0.02721209 0.00549990 0.04821337 0.00000000 1.00000000 0.00000000
v -0.02784388 0.00549990 0.04792922 0.00000000 1.00000000 0.00000000
v -0.05481604 0.01199980 0.05986474 0.00000000 1.00000000 0.00000000
v -0.02917244 0.00549989 0.04754133 0.00000000 1.00000000 0.00000000
v -0.05530814 0.01199980 0.05976915 0.00000000 1.00000000 0.00000000
v -0.05481604 0.01199980 0.05986474 0.00000000 1.00000000 0.00000000
v -0.06934669 -0.00450025 0.06130666 0.00000000 1.00000000 0.00000000
v -0.05742546 -0.01200021 0.06200874 0.00000000 1.00000000 0.00000000
v -0.06924508 -0.00450025 0.06197180 0.00000000 1.00000000 0.00000000
v -0.06423898 -0.00450024 0.04521763 0.00000000 1.00000000 0.00000000
v -0.06342498 -0.00500023 0.04600079 0.00000000 1.00000000 0.00000000
v -0.06397528 -0.00500023 0.04618868 0.00000000 1.00000000 0.00000000
v -0.06423898 -0.00450024 0.04521763 0.00000000 1.00000000 0.00000000
v -0.06362568 -0.00450023 0.04501909 0.00000000 1.00000000 0.00000000
v -0.06342498 -0.00500023 0.04600079 0.00000000 1.00000000 0.00000000
v -0.06397528 -0.00500023 0.04618868 0.00000000 1.00000000 0.00000000
v -0.06482748 -0.00450024 0.04548082 0.00000000 1.00000000 0.00000000
v -0.06423898 -0.00450024 0.04521763 0.00000000 1.00000000 0.00000000
v -0.06590308 -0.00450024 0.04618832 0.00000000 1.00000000 0.00000000
v -0.06538428 -0.00450024 0.04580564 0.00000000 1.00000000 0.00000000
v -0.06499208 -0.00500024 0.04674890 0.00000000 1.00000000 0.00000000
v -0.06538428 -0.00450024 0.04580564 0.00000000 1.00000000 0.00000000
v -0.06449998 -0.00500024 0.04643918 0.00000000 1.00000000 0.00000000
v -0.06499208 -0.00500024 0.04674890 0.00000000 1.00000000 0.00000000
v -0.06449998 -0.00500024 0.04643918 0.00000000 1.00000000 0.00000000
v -0.06538428 -0.00450024 0.04580564 0.00000000 1.00000000 0.00000000
v -0.06482748 -0.00450024 0.04548082 0.00000000 1.00000000 0.00000000
v -0.06544488 -0.00500024 0.04711366 0.00000000 1.00000000 0.00000000
v -0.06585228 -0.00500024 0.04752852 0.00000000 1.00000000 0.00000000
v -0.06637778 -0.00450024 0.04662445 0.00000000 1.00000000 0.00000000
v -0.06637778 -0.00450024 0.04662445 0.00000000 1.00000000 0.00000000
v -0.06590308 -0.00450024 0.04618832 0.00000000 1.00000000 0.00000000
v -0.06544488 -0.00500024 0.04711366 0.00000000 1.00000000 0.00000000
v -0.06637778 -0.00450024 0.04662445 0.00000000 1.00000000 0.00000000
v -0.06585228 -0.00500024 0.04752852 0.00000000 1.00000000 0.00000000
v -0.06680308 -0.00450025 0.04710900 0.00000000 1.00000000 0.00000000
v -0.05436314 0.01199980 0.06007973 0.00000000 1.00000000 0.00000000
v -0.02604039 0.00549990 0.04895003 0.00000000 1.00000000 0.00000000
v -0.02660921 0.00549990 0.04855462 0.00000000 1.00000000 0.00000000
v -0.02660921 0.00549990 0.04855462 0.00000000 1.00000000 0.00000000
v -0.02721209 0.00549990 0.04821337 0.00000000 1.00000000 0.00000000
v -0.05436314 0.01199980 0.06007973 0.00000000 1.00000000 0.00000000
v -0.02985787 0.00549989 0.04744092 0.00000000 1.00000000 0.00000000
v -0.06170842 0.00449977 0.04483040 0.00000000 1.00000000 0.00000000
v -0.03054965 0.00549989 0.04740418 0.00000000 1.00000000 0.00000000
v -0.03054965 0.00549989 0.04740418 0.00000000 1.00000000 0.00000000
v -0.05530814 0.01199980 0.05976915 0.00000000 1.00000000 0.00000000
v -0.02985787 0.00549989 0.04744092 0.00000000 1.00000000 0.00000000
v -0.05530814 0.01199980 0.05976915 0.00000000 1.00000000 0.00000000
v -0.02917244 0.00549989 0.04754133 0.00000000 1.00000000 0.00000000
v -0.02985787 0.00549989 0.04744092 0.00000000 1.00000000 0.00000000
v -0.05481604 0.01199980 0.05986474 0.00000000 1.00000000 0.00000000
v -0.02784388 0.00549990 0.04792922 0.00000000 1.00000000 0.00000000
v -0.02849919 0.00549990 0.04770456 0.00000000 1.00000000 0.00000000
v -0.02849919 0.00549990 0.04770456 0.00000000 1.00000000 0.00000000
v -0.02917244 0.00549989 0.04754133 0.00000000 1.00000000 0.00000000
v -0.05481604 0.01199980 0.05986474 0.00000000 1.00000000 0.00000000
v -0.05742376 -0.01200021 0.06150741 0.00000000 1.00000000 0.00000000
v -0.05742546 -0.01200021 0.06200874 0.00000000 1.00000000 0.00000000
v -0.06937308 -0.00450025 0.06063433 0.00000000 1.00000000 0.00000000
v -0.06937308 -0.00450025 0.06063433 0.00000000 1.00000000 0.00000000
v -0.05742546 -0.01200021 0.06200874 0.00000000 1.00000000 0.00000000
v -0.06934669 -0.00450025 0.06130666 0.00000000 1.00000000 0.00000000
v -0.06932398 -0.00450025 0.05996327 0.00000000 1.00000000 0.00000000
v -0.05742376 -0.01200021 0.06150741 0.00000000 1.00000000 0.00000000
v -0.06937308 -0.00450025 0.06063433 0.00000000 1.00000000 0.00000000
v -0.05429078 -0.00450020 0.06765360 0.00000000 1.00000000 0.00000000
v -0.02927362 0.00549989 0.06228558 0.00000000 1.00000000 0.00000000
v -0.05429082 0.00449980 0.06765360 0.00000000 1.00000000 0.00000000
v -0.02927358 -0.00550011 0.06228558 0.00000000 1.00000000 0.00000000
v -0.06170842 0.00449977 0.04483040 0.00000000 1.00000000 0.00000000
v -0.06170838 -0.00450023 0.04483040 0.00000000 1.00000000 0.00000000
v -0.06235298 -0.00450023 0.04482440 0.00000000 1.00000000 0.00000000
v -0.06235302 0.00449977 0.04482440 0.00000000 1.00000000 0.00000000
v -0.05492792 0.00449980 0.06774280 0.00000000 1.00000000 0.00000000
v -0.05429078 -0.00450020 0.06765360 0.00000000 1.00000000 0.00000000
v -0.05429082 0.00449980 0.06765360 0.00000000 1.00000000 0.00000000
v -0.05492788 -0.00450020 0.06774280 0.00000000 1.00000000 0.00000000
v -0.05621248 -0.00450021 0.06771490 0.00000000 1.00000000 0.00000000
v -0.06414602 0.00449976 0.06668550 0.00000000 1.00000000 0.00000000
v -0.06414598 -0.00450024 0.06668550 0.00000000 1.00000000 0.00000000
v -0.05621252 0.00449979 0.06771490 0.00000000 1.00000000 0.00000000
v -0.02312854 0.00549992 0.05426325 0.00000000 1.00000000 0.00000000
v -0.02310126 -0.00550008 0.05495547 0.00000000 1.00000000 0.00000000
v -0.02312850 -0.00550008 0.05426325 0.00000000 1.00000000 0.00000000
v -0.02310130 0.00549992 0.05495547 0.00000000 1.00000000 0.00000000
v -0.06924512 0.00449975 0.06197180 0.00000000 1.00000000 0.00000000
v -0.06924508 -0.00450025 0.06197180 0.00000000 1.00000000 0.00000000
v -0.06906978 -0.00450025 0.06262139 0.00000000 1.00000000 0.00000000
v -0.06906982 0.00449975 0.06262139 0.00000000 1.00000000 0.00000000
v -0.05621252 0.00449979 0.06771490 0.00000000 1.00000000 0.00000000
v -0.05621248 -0.00450021 0.06771490 0.00000000 1.00000000 0.00000000
v -0.05557102 0.00449980 0.06776330 0.00000000 1.00000000 0.00000000
v -0.05557098 -0.00450020 0.06776330 0.00000000 1.00000000 0.00000000
v -0.05492792 0.00449980 0.06774280 0.00000000 1.00000000 0.00000000
v -0.05557102 0.00449980 0.06776330 0.00000000 1.00000000 0.00000000
v -0.05492788 -0.00450020 0.06774280 0.00000000 1.00000000 0.00000000
v -0.05557098 -0.00450020 0.06776330 0.00000000 1.00000000 0.00000000
v -0.06882282 0.00449975 0.06324726 0.00000000 1.00000000 0.00000000
v -0.06906982 0.00449975 0.06262139 0.00000000 1.00000000 0.00000000
v -0.06906978 -0.00450025 0.06262139 0.00000000 1.00000000 0.00000000
v -0.06882278 -0.00450025 0.06324726 0.00000000 1.00000000 0.00000000
v -0.06882282 0.00449975 0.06324726 0.00000000 1.00000000 0.00000000
v -0.06850728 -0.00450025 0.06384155 0.00000000 1.00000000 0.00000000
v -0.06850732 0.00449975 0.06384155 0.00000000 1.00000000 0.00000000
v -0.06882278 -0.00450025 0.06324726 0.00000000 1.00000000 0.00000000
v -0.06299462 0.00449977 0.04488750 0.00000000 1.00000000 0.00000000
v -0.06235302 0.00449977 0.04482440 0.00000000 1.00000000 0.00000000
v -0.06235298 -0.00450023 0.04482440 0.00000000 1.00000000 0.00000000
v -0.06299458 -0.00450023 0.04488750 0.00000000 1.00000000 0.00000000
v -0.02730419 -0.00550010 0.06164051 0.00000000 1.00000000 0.00000000
v -0.02669673 0.00549990 0.06130757 0.00000000 1.00000000 0.00000000
v -0.02730423 0.00549990 0.06164051 0.00000000 1.00000000 0.00000000
v -0.02669669 -0.00550010 0.06130757 0.00000000 1.00000000 0.00000000
v -0.02859816 -0.00550011 0.06213161 0.00000000 1.00000000 0.00000000
v -0.02927362 0.00549989 0.06228558 0.00000000 1.00000000 0.00000000
v -0.02927358 -0.00550011 0.06228558 0.00000000 1.00000000 0.00000000
v -0.02859820 0.00549989 0.06213161 0.00000000 1.00000000 0.00000000
v -0.06480728 -0.00450024 0.06656160 0.00000000 1.00000000 0.00000000
v -0.06480732 0.00449976 0.06656160 0.00000000 1.00000000 0.00000000
v -0.06545069 -0.00450024 0.06636450 0.00000000 1.00000000 0.00000000
v -0.06545072 0.00449976 0.06636450 0.00000000 1.00000000 0.00000000
v -0.06414598 -0.00450024 0.06668550 0.00000000 1.00000000 0.00000000
v -0.06414602 0.00449976 0.06668550 0.00000000 1.00000000 0.00000000
v -0.06480732 0.00449976 0.06656160 0.00000000 1.00000000 0.00000000
v -0.06480728 -0.00450024 0.06656160 0.00000000 1.00000000 0.00000000
v -0.02321950 -0.00550009 0.05357650 0.00000000 1.00000000 0.00000000
v -0.02312854 0.00549992 0.05426325 0.00000000 1.00000000 0.00000000
v -0.02312850 -0.00550008 0.05426325 0.00000000 1.00000000 0.00000000
v -0.02321954 0.00549991 0.05357650 0.00000000 1.00000000 0.00000000
v -0.02321950 -0.00550009 0.05357650 0.00000000 1.00000000 0.00000000
v -0.02337351 0.00549991 0.05290108 0.00000000 1.00000000 0.00000000
v -0.02321954 0.00549991 0.05357650 0.00000000 1.00000000 0.00000000
v -0.02337347 -0.00550009 0.05290108 0.00000000 1.00000000 0.00000000
v -0.02358911 -0.00550009 0.05224275 0.00000000 1.00000000 0.00000000
v -0.02337351 0.00549991 0.05290108 0.00000000 1.00000000 0.00000000
v -0.02337347 -0.00550009 0.05290108 0.00000000 1.00000000 0.00000000
v -0.02358915 0.00549991 0.05224275 0.00000000 1.00000000 0.00000000
v -0.02313804 0.00549992 0.05564725 0.00000000 1.00000000 0.00000000
v -0.02310126 -0.00550008 0.05495547 0.00000000 1.00000000 0.00000000
v -0.02310130 0.00549992 0.05495547 0.00000000 1.00000000 0.00000000
v -0.02313800 -0.00550008 0.05564725 0.00000000 1.00000000 0.00000000
v -0.02859820 0.00549989 0.06213161 0.00000000 1.00000000 0.00000000
v -0.02859816 -0.00550011 0.06213161 0.00000000 1.00000000 0.00000000
v -0.02793987 0.00549990 0.06191597 0.00000000 1.00000000 0.00000000
v -0.02793983 -0.00550010 0.06191597 0.00000000 1.00000000 0.00000000
v -0.02793987 0.00549990 0.06191597 0.00000000 1.00000000 0.00000000
v -0.02730419 -0.00550010 0.06164051 0.00000000 1.00000000 0.00000000
v -0.02730423 0.00549990 0.06164051 0.00000000 1.00000000 0.00000000
v -0.02793983 -0.00550010 0.06191597 0.00000000 1.00000000 0.00000000
v -0.02358911 -0.00550009 0.05224275 0.00000000 1.00000000 0.00000000
v -0.02386461 0.00549991 0.05160711 0.00000000 1.00000000 0.00000000
v -0.02358915 0.00549991 0.05224275 0.00000000 1.00000000 0.00000000
v -0.02386457 -0.00550009 0.05160711 0.00000000 1.00000000 0.00000000
v -0.02458511 0.00549991 0.05042542 0.00000000 1.00000000 0.00000000
v -0.02458507 -0.00550009 0.05042542 0.00000000 1.00000000 0.00000000
v -0.02502397 -0.00550009 0.04988944 0.00000000 1.00000000 0.00000000
v -0.02502401 0.00549991 0.04988944 0.00000000 1.00000000 0.00000000
v -0.06803728 -0.00450025 0.05004641 0.00000000 1.00000000 0.00000000
v -0.06932398 -0.00450025 0.05996327 0.00000000 1.00000000 0.00000000
v -0.06932402 0.00449975 0.05996327 0.00000000 1.00000000 0.00000000
v -0.06803732 0.00449975 0.05004641 0.00000000 1.00000000 0.00000000
v -0.05742384 0.01199979 0.06150741 0.00000000 1.00000000 0.00000000
v -0.05742554 0.01199979 0.06200874 0.00000000 1.00000000 0.00000000
v -0.05730254 0.01199979 0.06249474 0.00000000 1.00000000 0.00000000
v -0.05672054 0.01199979 0.06330148 0.00000000 1.00000000 0.00000000
v -0.05629814 0.01199979 0.06357154 0.00000000 1.00000000 0.00000000
v -0.05482884 0.01199980 0.06366895 0.00000000 1.00000000 0.00000000
v -0.05437454 0.01199980 0.06345702 0.00000000 1.00000000 0.00000000
v -0.05628594 0.01199979 0.05995225 0.00000000 1.00000000 0.00000000
v -0.05671014 0.01199979 0.06021945 0.00000000 1.00000000 0.00000000
v -0.05532165 0.01199980 0.06376123 0.00000000 1.00000000 0.00000000
v -0.05436314 0.01199980 0.06007973 0.00000000 1.00000000 0.00000000
v -0.05397794 0.01199980 0.06040059 0.00000000 1.00000000 0.00000000
v -0.05350504 0.01199980 0.06226867 0.00000000 1.00000000 0.00000000
v -0.05344044 0.01199980 0.06177151 0.00000000 1.00000000 0.00000000
v -0.05368464 0.01199980 0.06080717 0.00000000 1.00000000 0.00000000
v -0.05369114 0.01199980 0.06273417 0.00000000 1.00000000 0.00000000
v -0.05706244 0.01199979 0.06293487 0.00000000 1.00000000 0.00000000
v -0.05705454 0.01199979 0.06058374 0.00000000 1.00000000 0.00000000
v -0.05729754 0.01199979 0.06102225 0.00000000 1.00000000 0.00000000
v -0.05350164 0.01199980 0.06127392 0.00000000 1.00000000 0.00000000
v -0.05398714 0.01199980 0.06313877 0.00000000 1.00000000 0.00000000
v -0.05481604 0.01199980 0.05986474 0.00000000 1.00000000 0.00000000
v -0.05530814 0.01199980 0.05976915 0.00000000 1.00000000 0.00000000
v -0.05580864 0.01199980 0.05979894 0.00000000 1.00000000 0.00000000
v -0.05582184 0.01199979 0.06372806 0.00000000 1.00000000 0.00000000
v -0.06812722 0.00449975 0.06439677 0.00000000 1.00000000 0.00000000
v -0.06812718 -0.00450025 0.06439677 0.00000000 1.00000000 0.00000000
v -0.06768738 -0.00450025 0.06490600 0.00000000 1.00000000 0.00000000
v -0.06768742 0.00449975 0.06490600 0.00000000 1.00000000 0.00000000
v -0.06812722 0.00449975 0.06439677 0.00000000 1.00000000 0.00000000
v -0.06850732 0.00449975 0.06384155 0.00000000 1.00000000 0.00000000
v -0.06850728 -0.00450025 0.06384155 0.00000000 1.00000000 0.00000000
v -0.06812718 -0.00450025 0.06439677 0.00000000 1.00000000 0.00000000
v -0.06606792 0.00449976 0.06609660 0.00000000 1.00000000 0.00000000
v -0.06545069 -0.00450024 0.06636450 0.00000000 1.00000000 0.00000000
v -0.06545072 0.00449976 0.06636450 0.00000000 1.00000000 0.00000000
v -0.06606788 -0.00450024 0.06609660 0.00000000 1.00000000 0.00000000
v -0.06665118 -0.00450024 0.06576120 0.00000000 1.00000000 0.00000000
v -0.06606788 -0.00450024 0.06609660 0.00000000 1.00000000 0.00000000
v -0.06606792 0.00449976 0.06609660 0.00000000 1.00000000 0.00000000
v -0.06665121 0.00449976 0.06576120 0.00000000 1.00000000 0.00000000
v -0.06719332 0.00449975 0.06536270 0.00000000 1.00000000 0.00000000
v -0.06768742 0.00449975 0.06490600 0.00000000 1.00000000 0.00000000
v -0.06768738 -0.00450025 0.06490600 0.00000000 1.00000000 0.00000000
v -0.06719328 -0.00450025 0.06536270 0.00000000 1.00000000 0.00000000
v -0.06719332 0.00449975 0.06536270 0.00000000 1.00000000 0.00000000
v -0.06665118 -0.00450024 0.06576120 0.00000000 1.00000000 0.00000000
v -0.06665121 0.00449976 0.06576120 0.00000000 1.00000000 0.00000000
v -0.06719328 -0.00450025 0.06536270 0.00000000 1.00000000 0.00000000
v -0.06748592 0.00449975 0.04820047 0.00000000 1.00000000 0.00000000
v -0.06748588 -0.00450025 0.04820047 0.00000000 1.00000000 0.00000000
v -0.06773558 -0.00450025 0.04879480 0.00000000 1.00000000 0.00000000
v -0.06773562 0.00449975 0.04879480 0.00000000 1.00000000 0.00000000
v -0.06717378 -0.00450025 0.04763637 0.00000000 1.00000000 0.00000000
v -0.06748592 0.00449975 0.04820047 0.00000000 1.00000000 0.00000000
v -0.06717382 0.00449975 0.04763637 0.00000000 1.00000000 0.00000000
v -0.06748588 -0.00450025 0.04820047 0.00000000 1.00000000 0.00000000
v -0.06680312 0.00449975 0.04710900 0.00000000 1.00000000 0.00000000
v -0.06717378 -0.00450025 0.04763637 0.00000000 1.00000000 0.00000000
v -0.06717382 0.00449975 0.04763637 0.00000000 1.00000000 0.00000000
v -0.06680308 -0.00450025 0.04710900 0.00000000 1.00000000 0.00000000
v -0.02425170 -0.00550009 0.05889591 0.00000000 1.00000000 0.00000000
v -0.02425174 0.00549991 0.05889591 0.00000000 1.00000000 0.00000000
v -0.02464711 -0.00550009 0.05946473 0.00000000 1.00000000 0.00000000
v -0.02464715 0.00549991 0.05946473 0.00000000 1.00000000 0.00000000
v -0.02425174 0.00549991 0.05889591 0.00000000 1.00000000 0.00000000
v -0.02425170 -0.00550009 0.05889591 0.00000000 1.00000000 0.00000000
v -0.02391045 -0.00550009 0.05829303 0.00000000 1.00000000 0.00000000
v -0.02391049 0.00549991 0.05829303 0.00000000 1.00000000 0.00000000
v -0.02362634 0.00549991 0.05766124 0.00000000 1.00000000 0.00000000
v -0.02362630 -0.00550009 0.05766124 0.00000000 1.00000000 0.00000000
v -0.02340164 -0.00550009 0.05700593 0.00000000 1.00000000 0.00000000
v -0.02340168 0.00549991 0.05700593 0.00000000 1.00000000 0.00000000
v -0.02362634 0.00549991 0.05766124 0.00000000 1.00000000 0.00000000
v -0.02391049 0.00549991 0.05829303 0.00000000 1.00000000 0.00000000
v -0.02391045 -0.00550009 0.05829303 0.00000000 1.00000000 0.00000000
v -0.02362630 -0.00550009 0.05766124 0.00000000 1.00000000 0.00000000
v -0.02509332 -0.00550009 0.05999463 0.00000000 1.00000000 0.00000000
v -0.02464711 -0.00550009 0.05946473 0.00000000 1.00000000 0.00000000
v -0.02464715 0.00549991 0.05946473 0.00000000 1.00000000 0.00000000
v -0.02509336 0.00549991 0.05999463 0.00000000 1.00000000 0.00000000
v -0.02558656 0.00549991 0.06048111 0.00000000 1.00000000 0.00000000
v -0.02558652 -0.00550009 0.06048111 0.00000000 1.00000000 0.00000000
v -0.02509332 -0.00550009 0.05999463 0.00000000 1.00000000 0.00000000
v -0.02509336 0.00549991 0.05999463 0.00000000 1.00000000 0.00000000
v -0.02419751 -0.00550009 0.05099961 0.00000000 1.00000000 0.00000000
v -0.02386461 0.00549991 0.05160711 0.00000000 1.00000000 0.00000000
v -0.02386457 -0.00550009 0.05160711 0.00000000 1.00000000 0.00000000
v -0.02419755 0.00549991 0.05099961 0.00000000 1.00000000 0.00000000
v -0.02419751 -0.00550009 0.05099961 0.00000000 1.00000000 0.00000000
v -0.02458507 -0.00550009 0.05042542 0.00000000 1.00000000 0.00000000
v -0.02458511 0.00549991 0.05042542 0.00000000 1.00000000 0.00000000
v -0.02419755 0.00549991 0.05099961 0.00000000 1.00000000 0.00000000
v -0.02502401 0.00549991 0.04988944 0.00000000 1.00000000 0.00000000
v -0.02502397 -0.00550009 0.04988944 0.00000000 1.00000000 0.00000000
v -0.02551045 -0.00550009 0.04939624 0.00000000 1.00000000 0.00000000
v -0.02551049 0.00549991 0.04939624 0.00000000 1.00000000 0.00000000
v -0.02551045 -0.00550009 0.04939624 0.00000000 1.00000000 0.00000000
v -0.02604035 -0.00550010 0.04895003 0.00000000 1.00000000 0.00000000
v -0.02604039 0.00549990 0.04895003 0.00000000 1.00000000 0.00000000
v -0.02551049 0.00549991 0.04939624 0.00000000 1.00000000 0.00000000
v -0.02323841 -0.00550009 0.05633268 0.00000000 1.00000000 0.00000000
v -0.02340168 0.00549991 0.05700593 0.00000000 1.00000000 0.00000000
v -0.02340164 -0.00550009 0.05700593 0.00000000 1.00000000 0.00000000
v -0.02323845 0.00549991 0.05633268 0.00000000 1.00000000 0.00000000
v -0.02323841 -0.00550009 0.05633268 0.00000000 1.00000000 0.00000000
v -0.02313800 -0.00550008 0.05564725 0.00000000 1.00000000 0.00000000
v -0.02313804 0.00549992 0.05564725 0.00000000 1.00000000 0.00000000
v -0.02323845 0.00549991 0.05633268 0.00000000 1.00000000 0.00000000
v -0.06773562 0.00449975 0.04879480 0.00000000 1.00000000 0.00000000
v -0.06773558 -0.00450025 0.04879480 0.00000000 1.00000000 0.00000000
v -0.06792008 -0.00450025 0.04941249 0.00000000 1.00000000 0.00000000
v -0.06792012 0.00449975 0.04941249 0.00000000 1.00000000 0.00000000
v -0.06792008 -0.00450025 0.04941249 0.00000000 1.00000000 0.00000000
v -0.06803728 -0.00450025 0.05004641 0.00000000 1.00000000 0.00000000
v -0.06803732 0.00449975 0.05004641 0.00000000 1.00000000 0.00000000
v -0.06792012 0.00449975 0.04941249 0.00000000 1.00000000 0.00000000
v -0.05729746 -0.01200021 0.06102225 0.00000000 1.00000000 0.00000000
v -0.05705446 -0.01200021 0.06058374 0.00000000 1.00000000 0.00000000
v -0.05742546 -0.01200021 0.06200874 0.00000000 1.00000000 0.00000000
v -0.05344036 -0.01200020 0.06177151 0.00000000 1.00000000 0.00000000
v -0.05350496 -0.01200020 0.06226867 0.00000000 1.00000000 0.00000000
v -0.05672046 -0.01200021 0.06330148 0.00000000 1.00000000 0.00000000
v -0.05706236 -0.01200021 0.06293487 0.00000000 1.00000000 0.00000000
v -0.05482876 -0.01200020 0.06366895 0.00000000 1.00000000 0.00000000
v -0.05532156 -0.01200020 0.06376123 0.00000000 1.00000000 0.00000000
v -0.05629806 -0.01200021 0.06357154 0.00000000 1.00000000 0.00000000
v -0.05628586 -0.01200021 0.05995225 0.00000000 1.00000000 0.00000000
v -0.05580856 -0.01200020 0.05979894 0.00000000 1.00000000 0.00000000
v -0.05436306 -0.01200020 0.06007973 0.00000000 1.00000000 0.00000000
v -0.05397786 -0.01200020 0.06040059 0.00000000 1.00000000 0.00000000
v -0.05368456 -0.01200020 0.06080717 0.00000000 1.00000000 0.00000000
v -0.05582176 -0.01200021 0.06372806 0.00000000 1.00000000 0.00000000
v -0.05530806 -0.01200020 0.05976915 0.00000000 1.00000000 0.00000000
v -0.05369106 -0.01200020 0.06273417 0.00000000 1.00000000 0.00000000
v -0.05398706 -0.01200020 0.06313877 0.00000000 1.00000000 0.00000000
v -0.05730246 -0.01200021 0.06249474 0.00000000 1.00000000 0.00000000
v -0.05481595 -0.01200020 0.05986474 0.00000000 1.00000000 0.00000000
v -0.05350156 -0.01200020 0.06127392 0.00000000 1.00000000 0.00000000
v -0.05671006 -0.01200021 0.06021945 0.00000000 1.00000000 0.00000000
v -0.05742376 -0.01200021 0.06150741 0.00000000 1.00000000 0.00000000
v -0.05437446 -0.01200020 0.06345702 0.00000000 1.00000000 0.00000000
v -0.06362568 -0.00450023 0.04501909 0.00000000 1.00000000 0.00000000
v -0.06299462 0.00449977 0.04488750 0.00000000 1.00000000 0.00000000
v -0.06299458 -0.00450023 0.04488750 0.00000000 1.00000000 0.00000000
v -0.06362572 0.00449977 0.04501909 0.00000000 1.00000000 0.00000000
v -0.02612250 -0.00550010 0.06092001 0.00000000 1.00000000 0.00000000
v -0.02669673 0.00549990 0.06130757 0.00000000 1.00000000 0.00000000
v -0.02669669 -0.00550010 0.06130757 0.00000000 1.00000000 0.00000000
v -0.02612254 0.00549990 0.06092001 0.00000000 1.00000000 0.00000000
v -0.02612250 -0.00550010 0.06092001 0.00000000 1.00000000 0.00000000
v -0.02558652 -0.00550009 0.06048111 0.00000000 1.00000000 0.00000000
v -0.02558656 0.00549991 0.06048111 0.00000000 1.00000000 0.00000000
v -0.02612254 0.00549990 0.06092001 0.00000000 1.00000000 0.00000000
v -0.02721209 0.00549990 0.04821337 0.00000000 1.00000000 0.00000000
v -0.02784384 -0.00550010 0.04792922 0.00000000 1.00000000 0.00000000
v -0.02784388 0.00549990 0.04792922 0.00000000 1.00000000 0.00000000
v -0.02721205 -0.00550010 0.04821337 0.00000000 1.00000000 0.00000000
v -0.06924508 -0.00450025 0.06197180 0.00000000 1.00000000 0.00000000
v -0.06924512 0.00449975 0.06197180 0.00000000 1.00000000 0.00000000
v -0.06934669 -0.00450025 0.06130666 0.00000000 1.00000000 0.00000000
v -0.06934672 0.00449975 0.06130666 0.00000000 1.00000000 0.00000000
v -0.06482748 -0.00450024 0.04548082 0.00000000 1.00000000 0.00000000
v -0.06482751 0.00449976 0.04548082 0.00000000 1.00000000 0.00000000
v -0.06423898 -0.00450024 0.04521763 0.00000000 1.00000000 0.00000000
v -0.06423902 0.00449976 0.04521763 0.00000000 1.00000000 0.00000000
v -0.06362572 0.00449977 0.04501909 0.00000000 1.00000000 0.00000000
v -0.06362568 -0.00450023 0.04501909 0.00000000 1.00000000 0.00000000
v -0.06423898 -0.00450024 0.04521763 0.00000000 1.00000000 0.00000000
v -0.06423902 0.00449976 0.04521763 0.00000000 1.00000000 0.00000000
v -0.06538428 -0.00450024 0.04580564 0.00000000 1.00000000 0.00000000
v -0.06482751 0.00449976 0.04548082 0.00000000 1.00000000 0.00000000
v -0.06482748 -0.00450024 0.04548082 0.00000000 1.00000000 0.00000000
v -0.06538432 0.00449976 0.04580564 0.00000000 1.00000000 0.00000000
v -0.06538428 -0.00450024 0.04580564 0.00000000 1.00000000 0.00000000
v -0.06590311 0.00449976 0.04618832 0.00000000 1.00000000 0.00000000
v -0.06538432 0.00449976 0.04580564 0.00000000 1.00000000 0.00000000
v -0.06590308 -0.00450024 0.04618832 0.00000000 1.00000000 0.00000000
v -0.06680308 -0.00450025 0.04710900 0.00000000 1.00000000 0.00000000
v -0.06680312 0.00449975 0.04710900 0.00000000 1.00000000 0.00000000
v -0.06637778 -0.00450024 0.04662445 0.00000000 1.00000000 0.00000000
v -0.06637782 0.00449976 0.04662445 0.00000000 1.00000000 0.00000000
v -0.06637778 -0.00450024 0.04662445 0.00000000 1.00000000 0.00000000
v -0.06590311 0.00449976 0.04618832 0.00000000 1.00000000 0.00000000
v -0.06590308 -0.00450024 0.04618832 0.00000000 1.00000000 0.00000000
v -0.06637782 0.00449976 0.04662445 0.00000000 1.00000000 0.00000000
v -0.02604039 0.00549990 0.04895003 0.00000000 1.00000000 0.00000000
v -0.02604035 -0.00550010 0.04895003 0.00000000 1.00000000 0.00000000
v -0.02660921 0.00549990 0.04855462 0.00000000 1.00000000 0.00000000
v -0.02660917 -0.00550010 0.04855462 0.00000000 1.00000000 0.00000000
v -0.02721209 0.00549990 0.04821337 0.00000000 1.00000000 0.00000000
v -0.02660921 0.00549990 0.04855462 0.00000000 1.00000000 0.00000000
v -0.02721205 -0.00550010 0.04821337 0.00000000 1.00000000 0.00000000
v -0.02660917 -0.00550010 0.04855462 0.00000000 1.00000000 0.00000000
v -0.02985787 0.00549989 0.04744092 0.00000000 1.00000000 0.00000000
v -0.02917244 0.00549989 0.04754133 0.00000000 1.00000000 0.00000000
v -0.02917240 -0.00550011 0.04754133 0.00000000 1.00000000 0.00000000
v -0.02985783 -0.00550011 0.04744092 0.00000000 1.00000000 0.00000000
v -0.06170838 -0.00450023 0.04483040 0.00000000 1.00000000 0.00000000
v -0.06170842 0.00449977 0.04483040 0.00000000 1.00000000 0.00000000
v -0.02985787 0.00549989 0.04744092 0.00000000 1.00000000 0.00000000
v -0.02985783 -0.00550011 0.04744092 0.00000000 1.00000000 0.00000000
v -0.02849919 0.00549990 0.04770456 0.00000000 1.00000000 0.00000000
v -0.02784388 0.00549990 0.04792922 0.00000000 1.00000000 0.00000000
v -0.02784384 -0.00550010 0.04792922 0.00000000 1.00000000 0.00000000
v -0.02849915 -0.00550010 0.04770456 0.00000000 1.00000000 0.00000000
v -0.02849919 0.00549990 0.04770456 0.00000000 1.00000000 0.00000000
v -0.02917240 -0.00550011 0.04754133 0.00000000 1.00000000 0.00000000
v -0.02917244 0.00549989 0.04754133 0.00000000 1.00000000 0.00000000
v -0.02849915 -0.00550010 0.04770456 0.00000000 1.00000000 0.00000000
v -0.06932402 0.00449975 0.05996327 0.00000000 1.00000000 0.00000000
v -0.06932398 -0.00450025 0.05996327 0.00000000 1.00000000 0.00000000
v -0.06937308 -0.00450025 0.06063433 0.00000000 1.00000000 0.00000000
v -0.06937312 0.00449975 0.06063433 0.00000000 1.00000000 0.00000000
v -0.06937308 -0.00450025 0.06063433 0.00000000 1.00000000 0.00000000
v -0.06934669 -0.00450025 0.06130666 0.00000000 1.00000000 0.00000000
v -0.06934672 0.00449975 0.06130666 0.00000000 1.00000000 0.00000000
v -0.06937312 0.00449975 0.06063433 0.00000000 1.00000000 0.00000000
v 0.06227788 0.00500023 0.04582212 0.00000000 1.00000000 0.00000000
v 0.06285668 0.00500023 0.04587805 0.00000000 1.00000000 0.00000000
v 0.06235298 0.00450023 0.04482440 0.00000000 1.00000000 0.00000000
v 0.05429078 0.00450020 0.06765360 0.00000000 1.00000000 0.00000000
v 0.05480146 0.01150020 0.06418173 0.00000000 1.00000000 0.00000000
v 0.02927358 0.00550011 0.06228558 0.00000000 1.00000000 0.00000000
v 0.05482876 0.01200020 0.06366895 0.00000000 1.00000000 0.00000000
v 0.05480146 0.01150020 0.06418173 0.00000000 1.00000000 0.00000000
v 0.05532156 0.01200020 0.06376123 0.00000000 1.00000000 0.00000000
v 0.05480154 -0.01149980 0.06418173 0.00000000 1.00000000 0.00000000
v 0.05429082 -0.00449980 0.06765360 0.00000000 1.00000000 0.00000000
v 0.02927362 -0.00549989 0.06228558 0.00000000 1.00000000 0.00000000
v 0.05480154 -0.01149980 0.06418173 0.00000000 1.00000000 0.00000000
v 0.02927362 -0.00549989 0.06228558 0.00000000 1.00000000 0.00000000
v 0.02859820 -0.00549989 0.06213161 0.00000000 1.00000000 0.00000000
v 0.05480154 -0.01149980 0.06418173 0.00000000 1.00000000 0.00000000
v 0.05532165 -0.01199980 0.06376123 0.00000000 1.00000000 0.00000000
v 0.05545174 -0.01149980 0.06426474 0.00000000 1.00000000 0.00000000
v 0.02464715 -0.00549991 0.05946473 0.00000000 1.00000000 0.00000000
v 0.05369114 -0.01199980 0.06273417 0.00000000 1.00000000 0.00000000
v 0.05398714 -0.01199980 0.06313877 0.00000000 1.00000000 0.00000000
v 0.05492788 0.00450020 0.06774280 0.00000000 1.00000000 0.00000000
v 0.05480146 0.01150020 0.06418173 0.00000000 1.00000000 0.00000000
v 0.05429078 0.00450020 0.06765360 0.00000000 1.00000000 0.00000000
v 0.05545166 0.01150020 0.06426474 0.00000000 1.00000000 0.00000000
v 0.05492788 0.00450020 0.06774280 0.00000000 1.00000000 0.00000000
v 0.05557098 0.00450020 0.06776330 0.00000000 1.00000000 0.00000000
v 0.05492788 0.00450020 0.06774280 0.00000000 1.00000000 0.00000000
v 0.05545166 0.01150020 0.06426474 0.00000000 1.00000000 0.00000000
v 0.05480146 0.01150020 0.06418173 0.00000000 1.00000000 0.00000000
v 0.05545166 0.01150020 0.06426474 0.00000000 1.00000000 0.00000000
v 0.06414598 0.00450024 0.06668550 0.00000000 1.00000000 0.00000000
v 0.05610106 0.01150021 0.06417588 0.00000000 1.00000000 0.00000000
v 0.05480146 0.01150020 0.06418173 0.00000000 1.00000000 0.00000000
v 0.05545166 0.01150020 0.06426474 0.00000000 1.00000000 0.00000000
v 0.05532156 0.01200020 0.06376123 0.00000000 1.00000000 0.00000000
v 0.05580856 0.01200020 0.05979894 0.00000000 1.00000000 0.00000000
v 0.06285668 0.00500023 0.04587805 0.00000000 1.00000000 0.00000000
v 0.06227788 0.00500023 0.04582212 0.00000000 1.00000000 0.00000000
v 0.05350164 -0.01199980 0.06127392 0.00000000 1.00000000 0.00000000
v 0.02358915 -0.00549991 0.05224275 0.00000000 1.00000000 0.00000000
v 0.05368464 -0.01199980 0.06080717 0.00000000 1.00000000 0.00000000
v 0.06924508 0.00450025 0.06197180 0.00000000 1.00000000 0.00000000
v 0.05730246 0.01200021 0.06249474 0.00000000 1.00000000 0.00000000
v 0.06906978 0.00450025 0.06262139 0.00000000 1.00000000 0.00000000
v 0.06906978 0.00450025 0.06262139 0.00000000 1.00000000 0.00000000
v 0.05730246 0.01200021 0.06249474 0.00000000 1.00000000 0.00000000
v 0.06882278 0.00450025 0.06324726 0.00000000 1.00000000 0.00000000
v 0.05730246 0.01200021 0.06249474 0.00000000 1.00000000 0.00000000
v 0.06850728 0.00450025 0.06384155 0.00000000 1.00000000 0.00000000
v 0.06882278 0.00450025 0.06324726 0.00000000 1.00000000 0.00000000
v 0.05429082 -0.00449980 0.06765360 0.00000000 1.00000000 0.00000000
v 0.05480154 -0.01149980 0.06418173 0.00000000 1.00000000 0.00000000
v 0.05492792 -0.00449980 0.06774280 0.00000000 1.00000000 0.00000000
v 0.05492792 -0.00449980 0.06774280 0.00000000 1.00000000 0.00000000
v 0.05480154 -0.01149980 0.06418173 0.00000000 1.00000000 0.00000000
v 0.05545174 -0.01149980 0.06426474 0.00000000 1.00000000 0.00000000
v 0.06414602 -0.00449976 0.06668550 0.00000000 1.00000000 0.00000000
v 0.05621252 -0.00449979 0.06771490 0.00000000 1.00000000 0.00000000
v 0.05545174 -0.01149980 0.06426474 0.00000000 1.00000000 0.00000000
v 0.05706244 -0.01199979 0.06293487 0.00000000 1.00000000 0.00000000
v 0.05730254 -0.01199979 0.06249474 0.00000000 1.00000000 0.00000000
v 0.06850732 -0.00449975 0.06384155 0.00000000 1.00000000 0.00000000
v 0.05610114 -0.01149979 0.06417588 0.00000000 1.00000000 0.00000000
v 0.05670524 -0.01149979 0.06392125 0.00000000 1.00000000 0.00000000
v 0.06545072 -0.00449976 0.06636450 0.00000000 1.00000000 0.00000000
v 0.05610114 -0.01149979 0.06417588 0.00000000 1.00000000 0.00000000
v 0.06414602 -0.00449976 0.06668550 0.00000000 1.00000000 0.00000000
v 0.05545174 -0.01149980 0.06426474 0.00000000 1.00000000 0.00000000
v 0.05610114 -0.01149979 0.06417588 0.00000000 1.00000000 0.00000000
v 0.05629814 -0.01199979 0.06357154 0.00000000 1.00000000 0.00000000
v 0.05670524 -0.01149979 0.06392125 0.00000000 1.00000000 0.00000000
v 0.06650952 -0.00499976 0.04848550 0.00000000 1.00000000 0.00000000
v 0.05729754 -0.01199979 0.06102225 0.00000000 1.00000000 0.00000000
v 0.05705454 -0.01199979 0.06058374 0.00000000 1.00000000 0.00000000
v 0.06620882 -0.00499976 0.04798787 0.00000000 1.00000000 0.00000000
v 0.06650952 -0.00499976 0.04848550 0.00000000 1.00000000 0.00000000
v 0.05705454 -0.01199979 0.06058374 0.00000000 1.00000000 0.00000000
v 0.06285672 -0.00499977 0.04587805 0.00000000 1.00000000 0.00000000
v 0.06342502 -0.00499977 0.04600079 0.00000000 1.00000000 0.00000000
v 0.05580864 -0.01199980 0.05979894 0.00000000 1.00000000 0.00000000
v 0.05628594 -0.01199979 0.05995225 0.00000000 1.00000000 0.00000000
v 0.05580864 -0.01199980 0.05979894 0.00000000 1.00000000 0.00000000
v 0.06342502 -0.00499977 0.04600079 0.00000000 1.00000000 0.00000000
v 0.05628594 -0.01199979 0.05995225 0.00000000 1.00000000 0.00000000
v 0.06499212 -0.00499976 0.04674890 0.00000000 1.00000000 0.00000000
v 0.05671014 -0.01199979 0.06021945 0.00000000 1.00000000 0.00000000
v 0.06362572 -0.00449977 0.04501909 0.00000000 1.00000000 0.00000000
v 0.06342502 -0.00499977 0.04600079 0.00000000 1.00000000 0.00000000
v 0.06285672 -0.00499977 0.04587805 0.00000000 1.00000000 0.00000000
v 0.06397532 -0.00499977 0.04618868 0.00000000 1.00000000 0.00000000
v 0.06299458 0.00450023 0.04488750 0.00000000 1.00000000 0.00000000
v 0.06717382 -0.00449975 0.04763637 0.00000000 1.00000000 0.00000000
v 0.05610106 0.01150021 0.06417588 0.00000000 1.00000000 0.00000000
v 0.06480728 0.00450024 0.06656160 0.00000000 1.00000000 0.00000000
v 0.06545069 0.00450024 0.06636450 0.00000000 1.00000000 0.00000000
v 0.06480728 0.00450024 0.06656160 0.00000000 1.00000000 0.00000000
v 0.05610106 0.01150021 0.06417588 0.00000000 1.00000000 0.00000000
v 0.06414598 0.00450024 0.06668550 0.00000000 1.00000000 0.00000000
v 0.05621248 0.00450021 0.06771490 0.00000000 1.00000000 0.00000000
v 0.05545166 0.01150020 0.06426474 0.00000000 1.00000000 0.00000000
v 0.05557098 0.00450020 0.06776330 0.00000000 1.00000000 0.00000000
v 0.05545166 0.01150020 0.06426474 0.00000000 1.00000000 0.00000000
v 0.05621248 0.00450021 0.06771490 0.00000000 1.00000000 0.00000000
v 0.06414598 0.00450024 0.06668550 0.00000000 1.00000000 0.00000000
v 0.05706236 0.01200021 0.06293487 0.00000000 1.00000000 0.00000000
v 0.06850728 0.00450025 0.06384155 0.00000000 1.00000000 0.00000000
v 0.05730246 0.01200021 0.06249474 0.00000000 1.00000000 0.00000000
v 0.05706236 0.01200021 0.06293487 0.00000000 1.00000000 0.00000000
v 0.05672046 0.01200021 0.06330148 0.00000000 1.00000000 0.00000000
v 0.06768738 0.00450025 0.06490600 0.00000000 1.00000000 0.00000000
v 0.05530806 0.01200020 0.05976915 0.00000000 1.00000000 0.00000000
v 0.06227788 0.00500023 0.04582212 0.00000000 1.00000000 0.00000000
v 0.06235298 0.00450023 0.04482440 0.00000000 1.00000000 0.00000000
v 0.05530806 0.01200020 0.05976915 0.00000000 1.00000000 0.00000000
v 0.05580856 0.01200020 0.05979894 0.00000000 1.00000000 0.00000000
v 0.06227788 0.00500023 0.04582212 0.00000000 1.00000000 0.00000000
v 0.06170838 0.00450023 0.04483040 0.00000000 1.00000000 0.00000000
v 0.05530806 0.01200020 0.05976915 0.00000000 1.00000000 0.00000000
v 0.02917240 0.00550011 0.04754133 0.00000000 1.00000000 0.00000000
v 0.05481595 0.01200020 0.05986474 0.00000000 1.00000000 0.00000000
v 0.05530806 0.01200020 0.05976915 0.00000000 1.00000000 0.00000000
v 0.02985783 0.00550011 0.04744092 0.00000000 1.00000000 0.00000000
v 0.02917240 0.00550011 0.04754133 0.00000000 1.00000000 0.00000000
v 0.02849915 0.00550010 0.04770456 0.00000000 1.00000000 0.00000000
v 0.05481595 0.01200020 0.05986474 0.00000000 1.00000000 0.00000000
v 0.02917240 0.00550011 0.04754133 0.00000000 1.00000000 0.00000000
v 0.05481595 0.01200020 0.05986474 0.00000000 1.00000000 0.00000000
v 0.02721205 0.00550010 0.04821337 0.00000000 1.00000000 0.00000000
v 0.05436306 0.01200020 0.06007973 0.00000000 1.00000000 0.00000000
v 0.02604039 -0.00549990 0.04895003 0.00000000 1.00000000 0.00000000
v 0.05436314 -0.01199980 0.06007973 0.00000000 1.00000000 0.00000000
v 0.05397794 -0.01199980 0.06040059 0.00000000 1.00000000 0.00000000
v 0.05344036 0.01200020 0.06177151 0.00000000 1.00000000 0.00000000
v 0.02310126 0.00550008 0.05495547 0.00000000 1.00000000 0.00000000
v 0.02313800 0.00550008 0.05564725 0.00000000 1.00000000 0.00000000
v 0.05344036 0.01200020 0.06177151 0.00000000 1.00000000 0.00000000
v 0.05350156 0.01200020 0.06127392 0.00000000 1.00000000 0.00000000
v 0.02312850 0.00550008 0.05426325 0.00000000 1.00000000 0.00000000
v 0.05344036 0.01200020 0.06177151 0.00000000 1.00000000 0.00000000
v 0.02312850 0.00550008 0.05426325 0.00000000 1.00000000 0.00000000
v 0.02310126 0.00550008 0.05495547 0.00000000 1.00000000 0.00000000
v 0.05350504 -0.01199980 0.06226867 0.00000000 1.00000000 0.00000000
v 0.02340168 -0.00549991 0.05700593 0.00000000 1.00000000 0.00000000
v 0.02323845 -0.00549991 0.05633268 0.00000000 1.00000000 0.00000000
v 0.05482884 -0.01199980 0.06366895 0.00000000 1.00000000 0.00000000
v 0.05480154 -0.01149980 0.06418173 0.00000000 1.00000000 0.00000000
v 0.02859820 -0.00549989 0.06213161 0.00000000 1.00000000 0.00000000
v 0.05532165 -0.01199980 0.06376123 0.00000000 1.00000000 0.00000000
v 0.05480154 -0.01149980 0.06418173 0.00000000 1.00000000 0.00000000
v 0.05482884 -0.01199980 0.06366895 0.00000000 1.00000000 0.00000000
v 0.05530814 -0.01199980 0.05976915 0.00000000 1.00000000 0.00000000
v 0.03054965 -0.00549989 0.04740418 0.00000000 1.00000000 0.00000000
v 0.06170842 -0.00449977 0.04483040 0.00000000 1.00000000 0.00000000
v 0.05530814 -0.01199980 0.05976915 0.00000000 1.00000000 0.00000000
v 0.06170842 -0.00449977 0.04483040 0.00000000 1.00000000 0.00000000
v 0.06235302 -0.00449977 0.04482440 0.00000000 1.00000000 0.00000000
v 0.02312854 -0.00549992 0.05426325 0.00000000 1.00000000 0.00000000
v 0.05344044 -0.01199980 0.06177151 0.00000000 1.00000000 0.00000000
v 0.02310130 -0.00549992 0.05495547 0.00000000 1.00000000 0.00000000
v 0.02312854 -0.00549992 0.05426325 0.00000000 1.00000000 0.00000000
v 0.05350164 -0.01199980 0.06127392 0.00000000 1.00000000 0.00000000
v 0.05344044 -0.01199980 0.06177151 0.00000000 1.00000000 0.00000000
v 0.02321954 -0.00549991 0.05357650 0.00000000 1.00000000 0.00000000
v 0.02337351 -0.00549991 0.05290108 0.00000000 1.00000000 0.00000000
v 0.02358915 -0.00549991 0.05224275 0.00000000 1.00000000 0.00000000
v 0.05350164 -0.01199980 0.06127392 0.00000000 1.00000000 0.00000000
v 0.02337351 -0.00549991 0.05290108 0.00000000 1.00000000 0.00000000
v 0.05350164 -0.01199980 0.06127392 0.00000000 1.00000000 0.00000000
v 0.02321954 -0.00549991 0.05357650 0.00000000 1.00000000 0.00000000
v 0.06934672 -0.00449975 0.06130666 0.00000000 1.00000000 0.00000000
v 0.06924512 -0.00449975 0.06197180 0.00000000 1.00000000 0.00000000
v 0.05742554 -0.01199979 0.06200874 0.00000000 1.00000000 0.00000000
v 0.06924512 -0.00449975 0.06197180 0.00000000 1.00000000 0.00000000
v 0.05730254 -0.01199979 0.06249474 0.00000000 1.00000000 0.00000000
v 0.05742554 -0.01199979 0.06200874 0.00000000 1.00000000 0.00000000
v 0.06924512 -0.00449975 0.06197180 0.00000000 1.00000000 0.00000000
v 0.06906982 -0.00449975 0.06262139 0.00000000 1.00000000 0.00000000
v 0.05730254 -0.01199979 0.06249474 0.00000000 1.00000000 0.00000000
v 0.06937312 -0.00449975 0.06063433 0.00000000 1.00000000 0.00000000
v 0.06934672 -0.00449975 0.06130666 0.00000000 1.00000000 0.00000000
v 0.05742554 -0.01199979 0.06200874 0.00000000 1.00000000 0.00000000
v 0.06792012 -0.00449975 0.04941249 0.00000000 1.00000000 0.00000000
v 0.05729754 -0.01199979 0.06102225 0.00000000 1.00000000 0.00000000
v 0.06773562 -0.00449975 0.04879480 0.00000000 1.00000000 0.00000000
v 0.05545174 -0.01149980 0.06426474 0.00000000 1.00000000 0.00000000
v 0.05621252 -0.00449979 0.06771490 0.00000000 1.00000000 0.00000000
v 0.05557102 -0.00449980 0.06776330 0.00000000 1.00000000 0.00000000
v 0.05557102 -0.00449980 0.06776330 0.00000000 1.00000000 0.00000000
v 0.05492792 -0.00449980 0.06774280 0.00000000 1.00000000 0.00000000
v 0.05545174 -0.01149980 0.06426474 0.00000000 1.00000000 0.00000000
v 0.06882282 -0.00449975 0.06324726 0.00000000 1.00000000 0.00000000
v 0.05730254 -0.01199979 0.06249474 0.00000000 1.00000000 0.00000000
v 0.06906982 -0.00449975 0.06262139 0.00000000 1.00000000 0.00000000
v 0.06882282 -0.00449975 0.06324726 0.00000000 1.00000000 0.00000000
v 0.06850732 -0.00449975 0.06384155 0.00000000 1.00000000 0.00000000
v 0.05730254 -0.01199979 0.06249474 0.00000000 1.00000000 0.00000000
v 0.06812718 0.00450025 0.06439677 0.00000000 1.00000000 0.00000000
v 0.05706236 0.01200021 0.06293487 0.00000000 1.00000000 0.00000000
v 0.06768738 0.00450025 0.06490600 0.00000000 1.00000000 0.00000000
v 0.06850728 0.00450025 0.06384155 0.00000000 1.00000000 0.00000000
v 0.05706236 0.01200021 0.06293487 0.00000000 1.00000000 0.00000000
v 0.06812718 0.00450025 0.06439677 0.00000000 1.00000000 0.00000000
v 0.05672046 0.01200021 0.06330148 0.00000000 1.00000000 0.00000000
v 0.06719328 0.00450025 0.06536270 0.00000000 1.00000000 0.00000000
v 0.06768738 0.00450025 0.06490600 0.00000000 1.00000000 0.00000000
v 0.06719328 0.00450025 0.06536270 0.00000000 1.00000000 0.00000000
v 0.05672046 0.01200021 0.06330148 0.00000000 1.00000000 0.00000000
v 0.06665118 0.00450024 0.06576120 0.00000000 1.00000000 0.00000000
v 0.05672054 -0.01199979 0.06330148 0.00000000 1.00000000 0.00000000
v 0.05706244 -0.01199979 0.06293487 0.00000000 1.00000000 0.00000000
v 0.06768742 -0.00449975 0.06490600 0.00000000 1.00000000 0.00000000
v 0.05629814 -0.01199979 0.06357154 0.00000000 1.00000000 0.00000000
v 0.05672054 -0.01199979 0.06330148 0.00000000 1.00000000 0.00000000
v 0.05670524 -0.01149979 0.06392125 0.00000000 1.00000000 0.00000000
v 0.05672054 -0.01199979 0.06330148 0.00000000 1.00000000 0.00000000
v 0.06665121 -0.00449976 0.06576120 0.00000000 1.00000000 0.00000000
v 0.05670524 -0.01149979 0.06392125 0.00000000 1.00000000 0.00000000
v 0.05582184 -0.01199979 0.06372806 0.00000000 1.00000000 0.00000000
v 0.05629814 -0.01199979 0.06357154 0.00000000 1.00000000 0.00000000
v 0.05610114 -0.01149979 0.06417588 0.00000000 1.00000000 0.00000000
v 0.05532165 -0.01199980 0.06376123 0.00000000 1.00000000 0.00000000
v 0.05582184 -0.01199979 0.06372806 0.00000000 1.00000000 0.00000000
v 0.05545174 -0.01149980 0.06426474 0.00000000 1.00000000 0.00000000
v 0.05582184 -0.01199979 0.06372806 0.00000000 1.00000000 0.00000000
v 0.05610114 -0.01149979 0.06417588 0.00000000 1.00000000 0.00000000
v 0.05545174 -0.01149980 0.06426474 0.00000000 1.00000000 0.00000000
v 0.06499208 0.00500024 0.04674890 0.00000000 1.00000000 0.00000000
v 0.05671006 0.01200021 0.06021945 0.00000000 1.00000000 0.00000000
v 0.06544488 0.00500024 0.04711366 0.00000000 1.00000000 0.00000000
v 0.05671006 0.01200021 0.06021945 0.00000000 1.00000000 0.00000000
v 0.06499208 0.00500024 0.04674890 0.00000000 1.00000000 0.00000000
v 0.05628586 0.01200021 0.05995225 0.00000000 1.00000000 0.00000000
v 0.05580856 0.01200020 0.05979894 0.00000000 1.00000000 0.00000000
v 0.06342498 0.00500023 0.04600079 0.00000000 1.00000000 0.00000000
v 0.06285668 0.00500023 0.04587805 0.00000000 1.00000000 0.00000000
v 0.06342498 0.00500023 0.04600079 0.00000000 1.00000000 0.00000000
v 0.05580856 0.01200020 0.05979894 0.00000000 1.00000000 0.00000000
v 0.05628586 0.01200021 0.05995225 0.00000000 1.00000000 0.00000000
v 0.06397528 0.00500023 0.04618868 0.00000000 1.00000000 0.00000000
v 0.06748588 0.00450025 0.04820047 0.00000000 1.00000000 0.00000000
v 0.05729746 0.01200021 0.06102225 0.00000000 1.00000000 0.00000000
v 0.06773558 0.00450025 0.04879480 0.00000000 1.00000000 0.00000000
v 0.06450002 -0.00499976 0.04643918 0.00000000 1.00000000 0.00000000
v 0.06538432 -0.00449976 0.04580564 0.00000000 1.00000000 0.00000000
v 0.06499212 -0.00499976 0.04674890 0.00000000 1.00000000 0.00000000
v 0.06450002 -0.00499976 0.04643918 0.00000000 1.00000000 0.00000000
v 0.06450002 -0.00499976 0.04643918 0.00000000 1.00000000 0.00000000
v 0.05628594 -0.01199979 0.05995225 0.00000000 1.00000000 0.00000000
v 0.06397532 -0.00499977 0.04618868 0.00000000 1.00000000 0.00000000
v 0.06362572 -0.00449977 0.04501909 0.00000000 1.00000000 0.00000000
v 0.06423902 -0.00449976 0.04521763 0.00000000 1.00000000 0.00000000
v 0.06342502 -0.00499977 0.04600079 0.00000000 1.00000000 0.00000000
v 0.06423902 -0.00449976 0.04521763 0.00000000 1.00000000 0.00000000
v 0.06397532 -0.00499977 0.04618868 0.00000000 1.00000000 0.00000000
v 0.06342502 -0.00499977 0.04600079 0.00000000 1.00000000 0.00000000
v 0.06299462 -0.00449977 0.04488750 0.00000000 1.00000000 0.00000000
v 0.06285672 -0.00499977 0.04587805 0.00000000 1.00000000 0.00000000
v 0.06235302 -0.00449977 0.04482440 0.00000000 1.00000000 0.00000000
v 0.06299462 -0.00449977 0.04488750 0.00000000 1.00000000 0.00000000
v 0.05671014 -0.01199979 0.06021945 0.00000000 1.00000000 0.00000000
v 0.06585232 -0.00499976 0.04752852 0.00000000 1.00000000 0.00000000
v 0.05705454 -0.01199979 0.06058374 0.00000000 1.00000000 0.00000000
v 0.06585232 -0.00499976 0.04752852 0.00000000 1.00000000 0.00000000
v 0.06620882 -0.00499976 0.04798787 0.00000000 1.00000000 0.00000000
v 0.05705454 -0.01199979 0.06058374 0.00000000 1.00000000 0.00000000
v 0.06590311 -0.00449976 0.04618832 0.00000000 1.00000000 0.00000000
v 0.06499212 -0.00499976 0.04674890 0.00000000 1.00000000 0.00000000
v 0.06538432 -0.00449976 0.04580564 0.00000000 1.00000000 0.00000000
v 0.02730419 0.00550010 0.06164051 0.00000000 1.00000000 0.00000000
v 0.02793983 0.00550010 0.06191597 0.00000000 1.00000000 0.00000000
v 0.05482876 0.01200020 0.06366895 0.00000000 1.00000000 0.00000000
v 0.05482876 0.01200020 0.06366895 0.00000000 1.00000000 0.00000000
v 0.02859816 0.00550011 0.06213161 0.00000000 1.00000000 0.00000000
v 0.05480146 0.01150020 0.06418173 0.00000000 1.00000000 0.00000000
v 0.02793983 0.00550010 0.06191597 0.00000000 1.00000000 0.00000000
v 0.02859816 0.00550011 0.06213161 0.00000000 1.00000000 0.00000000
v 0.05482876 0.01200020 0.06366895 0.00000000 1.00000000 0.00000000
v 0.05480146 0.01150020 0.06418173 0.00000000 1.00000000 0.00000000
v 0.02859816 0.00550011 0.06213161 0.00000000 1.00000000 0.00000000
v 0.02927358 0.00550011 0.06228558 0.00000000 1.00000000 0.00000000
v 0.05369106 0.01200020 0.06273417 0.00000000 1.00000000 0.00000000
v 0.02425170 0.00550009 0.05889591 0.00000000 1.00000000 0.00000000
v 0.02464711 0.00550009 0.05946473 0.00000000 1.00000000 0.00000000
v 0.02425170 0.00550009 0.05889591 0.00000000 1.00000000 0.00000000
v 0.05369106 0.01200020 0.06273417 0.00000000 1.00000000 0.00000000
v 0.02391045 0.00550009 0.05829303 0.00000000 1.00000000 0.00000000
v 0.02362630 0.00550009 0.05766124 0.00000000 1.00000000 0.00000000
v 0.02391045 0.00550009 0.05829303 0.00000000 1.00000000 0.00000000
v 0.05369106 0.01200020 0.06273417 0.00000000 1.00000000 0.00000000
v 0.05398706 0.01200020 0.06313877 0.00000000 1.00000000 0.00000000
v 0.05369106 0.01200020 0.06273417 0.00000000 1.00000000 0.00000000
v 0.02464711 0.00550009 0.05946473 0.00000000 1.00000000 0.00000000
v 0.02509336 -0.00549991 0.05999463 0.00000000 1.00000000 0.00000000
v 0.02464715 -0.00549991 0.05946473 0.00000000 1.00000000 0.00000000
v 0.05398714 -0.01199980 0.06313877 0.00000000 1.00000000 0.00000000
v 0.02558656 -0.00549991 0.06048111 0.00000000 1.00000000 0.00000000
v 0.02509336 -0.00549991 0.05999463 0.00000000 1.00000000 0.00000000
v 0.05398714 -0.01199980 0.06313877 0.00000000 1.00000000 0.00000000
v 0.06480732 -0.00449976 0.06656160 0.00000000 1.00000000 0.00000000
v 0.05610114 -0.01149979 0.06417588 0.00000000 1.00000000 0.00000000
v 0.06545072 -0.00449976 0.06636450 0.00000000 1.00000000 0.00000000
v 0.06414602 -0.00449976 0.06668550 0.00000000 1.00000000 0.00000000
v 0.05610114 -0.01149979 0.06417588 0.00000000 1.00000000 0.00000000
v 0.06480732 -0.00449976 0.06656160 0.00000000 1.00000000 0.00000000
v 0.05629806 0.01200021 0.06357154 0.00000000 1.00000000 0.00000000
v 0.05582176 0.01200021 0.06372806 0.00000000 1.00000000 0.00000000
v 0.05610106 0.01150021 0.06417588 0.00000000 1.00000000 0.00000000
v 0.05532156 0.01200020 0.06376123 0.00000000 1.00000000 0.00000000
v 0.05545166 0.01150020 0.06426474 0.00000000 1.00000000 0.00000000
v 0.05582176 0.01200021 0.06372806 0.00000000 1.00000000 0.00000000
v 0.05582176 0.01200021 0.06372806 0.00000000 1.00000000 0.00000000
v 0.05545166 0.01150020 0.06426474 0.00000000 1.00000000 0.00000000
v 0.05610106 0.01150021 0.06417588 0.00000000 1.00000000 0.00000000
v 0.06170838 0.00450023 0.04483040 0.00000000 1.00000000 0.00000000
v 0.02985783 0.00550011 0.04744092 0.00000000 1.00000000 0.00000000
v 0.03054961 0.00550011 0.04740418 0.00000000 1.00000000 0.00000000
v 0.03054961 0.00550011 0.04740418 0.00000000 1.00000000 0.00000000
v 0.05530806 0.01200020 0.05976915 0.00000000 1.00000000 0.00000000
v 0.06170838 0.00450023 0.04483040 0.00000000 1.00000000 0.00000000
v 0.05530806 0.01200020 0.05976915 0.00000000 1.00000000 0.00000000
v 0.03054961 0.00550011 0.04740418 0.00000000 1.00000000 0.00000000
v 0.02985783 0.00550011 0.04744092 0.00000000 1.00000000 0.00000000
v 0.02321950 0.00550009 0.05357650 0.00000000 1.00000000 0.00000000
v 0.02321950 0.00550009 0.05357650 0.00000000 1.00000000 0.00000000
v 0.05350156 0.01200020 0.06127392 0.00000000 1.00000000 0.00000000
v 0.02337347 0.00550009 0.05290108 0.00000000 1.00000000 0.00000000
v 0.02358911 0.00550009 0.05224275 0.00000000 1.00000000 0.00000000
v 0.02337347 0.00550009 0.05290108 0.00000000 1.00000000 0.00000000
v 0.05350156 0.01200020 0.06127392 0.00000000 1.00000000 0.00000000
v 0.02358911 0.00550009 0.05224275 0.00000000 1.00000000 0.00000000
v 0.05350156 0.01200020 0.06127392 0.00000000 1.00000000 0.00000000
v 0.05368456 0.01200020 0.06080717 0.00000000 1.00000000 0.00000000
v 0.02358911 0.00550009 0.05224275 0.00000000 1.00000000 0.00000000
v 0.05368456 0.01200020 0.06080717 0.00000000 1.00000000 0.00000000
v 0.02386457 0.00550009 0.05160711 0.00000000 1.00000000 0.00000000
v 0.02458507 0.00550009 0.05042542 0.00000000 1.00000000 0.00000000
v 0.05368456 0.01200020 0.06080717 0.00000000 1.00000000 0.00000000
v 0.05397786 0.01200020 0.06040059 0.00000000 1.00000000 0.00000000
v 0.02458507 0.00550009 0.05042542 0.00000000 1.00000000 0.00000000
v 0.05397786 0.01200020 0.06040059 0.00000000 1.00000000 0.00000000
v 0.02502397 0.00550009 0.04988944 0.00000000 1.00000000 0.00000000
v 0.02784384 0.00550010 0.04792922 0.00000000 1.00000000 0.00000000
v 0.02721205 0.00550010 0.04821337 0.00000000 1.00000000 0.00000000
v 0.05481595 0.01200020 0.05986474 0.00000000 1.00000000 0.00000000
v 0.02849915 0.00550010 0.04770456 0.00000000 1.00000000 0.00000000
v 0.02784384 0.00550010 0.04792922 0.00000000 1.00000000 0.00000000
v 0.05481595 0.01200020 0.05986474 0.00000000 1.00000000 0.00000000
v 0.02604035 0.00550010 0.04895003 0.00000000 1.00000000 0.00000000
v 0.05397786 0.01200020 0.06040059 0.00000000 1.00000000 0.00000000
v 0.05436306 0.01200020 0.06007973 0.00000000 1.00000000 0.00000000
v 0.02551049 -0.00549991 0.04939624 0.00000000 1.00000000 0.00000000
v 0.05397794 -0.01199980 0.06040059 0.00000000 1.00000000 0.00000000
v 0.02502401 -0.00549991 0.04988944 0.00000000 1.00000000 0.00000000
v 0.02551049 -0.00549991 0.04939624 0.00000000 1.00000000 0.00000000
v 0.02340164 0.00550009 0.05700593 0.00000000 1.00000000 0.00000000
v 0.02362630 0.00550009 0.05766124 0.00000000 1.00000000 0.00000000
v 0.05350496 0.01200020 0.06226867 0.00000000 1.00000000 0.00000000
v 0.05350496 0.01200020 0.06226867 0.00000000 1.00000000 0.00000000
v 0.02362630 0.00550009 0.05766124 0.00000000 1.00000000 0.00000000
v 0.05369106 0.01200020 0.06273417 0.00000000 1.00000000 0.00000000
v 0.05350496 0.01200020 0.06226867 0.00000000 1.00000000 0.00000000
v 0.05344036 0.01200020 0.06177151 0.00000000 1.00000000 0.00000000
v 0.02313800 0.00550008 0.05564725 0.00000000 1.00000000 0.00000000
v 0.02313804 -0.00549992 0.05564725 0.00000000 1.00000000 0.00000000
v 0.05344044 -0.01199980 0.06177151 0.00000000 1.00000000 0.00000000
v 0.05350504 -0.01199980 0.06226867 0.00000000 1.00000000 0.00000000
v 0.02323845 -0.00549991 0.05633268 0.00000000 1.00000000 0.00000000
v 0.02310130 -0.00549992 0.05495547 0.00000000 1.00000000 0.00000000
v 0.05344044 -0.01199980 0.06177151 0.00000000 1.00000000 0.00000000
v 0.02313804 -0.00549992 0.05564725 0.00000000 1.00000000 0.00000000
v 0.05437454 -0.01199980 0.06345702 0.00000000 1.00000000 0.00000000
v 0.02669673 -0.00549990 0.06130757 0.00000000 1.00000000 0.00000000
v 0.02612254 -0.00549990 0.06092001 0.00000000 1.00000000 0.00000000
v 0.05437454 -0.01199980 0.06345702 0.00000000 1.00000000 0.00000000
v 0.02730423 -0.00549990 0.06164051 0.00000000 1.00000000 0.00000000
v 0.02669673 -0.00549990 0.06130757 0.00000000 1.00000000 0.00000000
v 0.05437454 -0.01199980 0.06345702 0.00000000 1.00000000 0.00000000
v 0.05482884 -0.01199980 0.06366895 0.00000000 1.00000000 0.00000000
v 0.02730423 -0.00549990 0.06164051 0.00000000 1.00000000 0.00000000
v 0.05437454 -0.01199980 0.06345702 0.00000000 1.00000000 0.00000000
v 0.02558656 -0.00549991 0.06048111 0.00000000 1.00000000 0.00000000
v 0.05398714 -0.01199980 0.06313877 0.00000000 1.00000000 0.00000000
v 0.02612254 -0.00549990 0.06092001 0.00000000 1.00000000 0.00000000
v 0.02793987 -0.00549990 0.06191597 0.00000000 1.00000000 0.00000000
v 0.05482884 -0.01199980 0.06366895 0.00000000 1.00000000 0.00000000
v 0.02859820 -0.00549989 0.06213161 0.00000000 1.00000000 0.00000000
v 0.02730423 -0.00549990 0.06164051 0.00000000 1.00000000 0.00000000
v 0.05482884 -0.01199980 0.06366895 0.00000000 1.00000000 0.00000000
v 0.02793987 -0.00549990 0.06191597 0.00000000 1.00000000 0.00000000
v 0.06227792 -0.00499977 0.04582212 0.00000000 1.00000000 0.00000000
v 0.06227792 -0.00499977 0.04582212 0.00000000 1.00000000 0.00000000
v 0.05530814 -0.01199980 0.05976915 0.00000000 1.00000000 0.00000000
v 0.06227792 -0.00499977 0.04582212 0.00000000 1.00000000 0.00000000
v 0.05580864 -0.01199980 0.05979894 0.00000000 1.00000000 0.00000000
v 0.06227792 -0.00499977 0.04582212 0.00000000 1.00000000 0.00000000
v 0.06285672 -0.00499977 0.04587805 0.00000000 1.00000000 0.00000000
v 0.05580864 -0.01199980 0.05979894 0.00000000 1.00000000 0.00000000
v 0.02386461 -0.00549991 0.05160711 0.00000000 1.00000000 0.00000000
v 0.05368464 -0.01199980 0.06080717 0.00000000 1.00000000 0.00000000
v 0.02358915 -0.00549991 0.05224275 0.00000000 1.00000000 0.00000000
v 0.02386461 -0.00549991 0.05160711 0.00000000 1.00000000 0.00000000
v 0.02419755 -0.00549991 0.05099961 0.00000000 1.00000000 0.00000000
v 0.05368464 -0.01199980 0.06080717 0.00000000 1.00000000 0.00000000
v 0.02458511 -0.00549991 0.05042542 0.00000000 1.00000000 0.00000000
v 0.05397794 -0.01199980 0.06040059 0.00000000 1.00000000 0.00000000
v 0.05368464 -0.01199980 0.06080717 0.00000000 1.00000000 0.00000000
v 0.02419755 -0.00549991 0.05099961 0.00000000 1.00000000 0.00000000
v 0.02458511 -0.00549991 0.05042542 0.00000000 1.00000000 0.00000000
v 0.05368464 -0.01199980 0.06080717 0.00000000 1.00000000 0.00000000
v 0.05397794 -0.01199980 0.06040059 0.00000000 1.00000000 0.00000000
v 0.02458511 -0.00549991 0.05042542 0.00000000 1.00000000 0.00000000
v 0.02502401 -0.00549991 0.04988944 0.00000000 1.00000000 0.00000000
v 0.06932398 0.00450025 0.05996327 0.00000000 1.00000000 0.00000000
v 0.06803728 0.00450025 0.05004641 0.00000000 1.00000000 0.00000000
v 0.05742376 0.01200021 0.06150741 0.00000000 1.00000000 0.00000000
v 0.05729754 -0.01199979 0.06102225 0.00000000 1.00000000 0.00000000
v 0.06792012 -0.00449975 0.04941249 0.00000000 1.00000000 0.00000000
v 0.05742384 -0.01199979 0.06150741 0.00000000 1.00000000 0.00000000
v 0.05742384 -0.01199979 0.06150741 0.00000000 1.00000000 0.00000000
v 0.06792012 -0.00449975 0.04941249 0.00000000 1.00000000 0.00000000
v 0.06803732 -0.00449975 0.05004641 0.00000000 1.00000000 0.00000000
v 0.05742384 -0.01199979 0.06150741 0.00000000 1.00000000 0.00000000
v 0.06803732 -0.00449975 0.05004641 0.00000000 1.00000000 0.00000000
v 0.06932402 -0.00449975 0.05996327 0.00000000 1.00000000 0.00000000
v 0.05742384 -0.01199979 0.06150741 0.00000000 1.00000000 0.00000000
v 0.06937312 -0.00449975 0.06063433 0.00000000 1.00000000 0.00000000
v 0.05742554 -0.01199979 0.06200874 0.00000000 1.00000000 0.00000000
v 0.05742384 -0.01199979 0.06150741 0.00000000 1.00000000 0.00000000
v 0.06932402 -0.00449975 0.05996327 0.00000000 1.00000000 0.00000000
v 0.06937312 -0.00449975 0.06063433 0.00000000 1.00000000 0.00000000
v 0.06812722 -0.00449975 0.06439677 0.00000000 1.00000000 0.00000000
v 0.06768742 -0.00449975 0.06490600 0.00000000 1.00000000 0.00000000
v 0.05706244 -0.01199979 0.06293487 0.00000000 1.00000000 0.00000000
v 0.05706244 -0.01199979 0.06293487 0.00000000 1.00000000 0.00000000
v 0.06850732 -0.00449975 0.06384155 0.00000000 1.00000000 0.00000000
v 0.06812722 -0.00449975 0.06439677 0.00000000 1.00000000 0.00000000
v 0.05670516 0.01150021 0.06392125 0.00000000 1.00000000 0.00000000
v 0.06606788 0.00450024 0.06609660 0.00000000 1.00000000 0.00000000
v 0.06665118 0.00450024 0.06576120 0.00000000 1.00000000 0.00000000
v 0.05670516 0.01150021 0.06392125 0.00000000 1.00000000 0.00000000
v 0.05672046 0.01200021 0.06330148 0.00000000 1.00000000 0.00000000
v 0.05629806 0.01200021 0.06357154 0.00000000 1.00000000 0.00000000
v 0.05670516 0.01150021 0.06392125 0.00000000 1.00000000 0.00000000
v 0.06665118 0.00450024 0.06576120 0.00000000 1.00000000 0.00000000
v 0.05672046 0.01200021 0.06330148 0.00000000 1.00000000 0.00000000
v 0.05670516 0.01150021 0.06392125 0.00000000 1.00000000 0.00000000
v 0.05629806 0.01200021 0.06357154 0.00000000 1.00000000 0.00000000
v 0.05610106 0.01150021 0.06417588 0.00000000 1.00000000 0.00000000
v 0.05670516 0.01150021 0.06392125 0.00000000 1.00000000 0.00000000
v 0.05610106 0.01150021 0.06417588 0.00000000 1.00000000 0.00000000
v 0.06545069 0.00450024 0.06636450 0.00000000 1.00000000 0.00000000
v 0.06606788 0.00450024 0.06609660 0.00000000 1.00000000 0.00000000
v 0.05670516 0.01150021 0.06392125 0.00000000 1.00000000 0.00000000
v 0.06545069 0.00450024 0.06636450 0.00000000 1.00000000 0.00000000
v 0.06545072 -0.00449976 0.06636450 0.00000000 1.00000000 0.00000000
v 0.05670524 -0.01149979 0.06392125 0.00000000 1.00000000 0.00000000
v 0.06606792 -0.00449976 0.06609660 0.00000000 1.00000000 0.00000000
v 0.05670524 -0.01149979 0.06392125 0.00000000 1.00000000 0.00000000
v 0.06665121 -0.00449976 0.06576120 0.00000000 1.00000000 0.00000000
v 0.06606792 -0.00449976 0.06609660 0.00000000 1.00000000 0.00000000
v 0.06719332 -0.00449975 0.06536270 0.00000000 1.00000000 0.00000000
v 0.05672054 -0.01199979 0.06330148 0.00000000 1.00000000 0.00000000
v 0.06768742 -0.00449975 0.06490600 0.00000000 1.00000000 0.00000000
v 0.05672054 -0.01199979 0.06330148 0.00000000 1.00000000 0.00000000
v 0.06719332 -0.00449975 0.06536270 0.00000000 1.00000000 0.00000000
v 0.06665121 -0.00449976 0.06576120 0.00000000 1.00000000 0.00000000
v 0.06449998 0.00500024 0.04643918 0.00000000 1.00000000 0.00000000
v 0.06397528 0.00500023 0.04618868 0.00000000 1.00000000 0.00000000
v 0.05628586 0.01200021 0.05995225 0.00000000 1.00000000 0.00000000
v 0.06449998 0.00500024 0.04643918 0.00000000 1.00000000 0.00000000
v 0.06449998 0.00500024 0.04643918 0.00000000 1.00000000 0.00000000
v 0.06482748 0.00450024 0.04548082 0.00000000 1.00000000 0.00000000
v 0.06397528 0.00500023 0.04618868 0.00000000 1.00000000 0.00000000
v 0.06585228 0.00500024 0.04752852 0.00000000 1.00000000 0.00000000
v 0.05671006 0.01200021 0.06021945 0.00000000 1.00000000 0.00000000
v 0.05705446 0.01200021 0.06058374 0.00000000 1.00000000 0.00000000
v 0.06585228 0.00500024 0.04752852 0.00000000 1.00000000 0.00000000
v 0.06544488 0.00500024 0.04711366 0.00000000 1.00000000 0.00000000
v 0.05671006 0.01200021 0.06021945 0.00000000 1.00000000 0.00000000
v 0.06585228 0.00500024 0.04752852 0.00000000 1.00000000 0.00000000
v 0.05705446 0.01200021 0.06058374 0.00000000 1.00000000 0.00000000
v 0.06620878 0.00500024 0.04798787 0.00000000 1.00000000 0.00000000
v 0.06680308 0.00450025 0.04710900 0.00000000 1.00000000 0.00000000
v 0.06585228 0.00500024 0.04752852 0.00000000 1.00000000 0.00000000
v 0.06620878 0.00500024 0.04798787 0.00000000 1.00000000 0.00000000
v 0.06717378 0.00450025 0.04763637 0.00000000 1.00000000 0.00000000
v 0.06680308 0.00450025 0.04710900 0.00000000 1.00000000 0.00000000
v 0.06620878 0.00500024 0.04798787 0.00000000 1.00000000 0.00000000
v 0.06717382 -0.00449975 0.04763637 0.00000000 1.00000000 0.00000000
v 0.06748592 -0.00449975 0.04820047 0.00000000 1.00000000 0.00000000
v 0.06650952 -0.00499976 0.04848550 0.00000000 1.00000000 0.00000000
v 0.05729754 -0.01199979 0.06102225 0.00000000 1.00000000 0.00000000
v 0.06748592 -0.00449975 0.04820047 0.00000000 1.00000000 0.00000000
v 0.06773562 -0.00449975 0.04879480 0.00000000 1.00000000 0.00000000
v 0.06650952 -0.00499976 0.04848550 0.00000000 1.00000000 0.00000000
v 0.06748592 -0.00449975 0.04820047 0.00000000 1.00000000 0.00000000
v 0.05729754 -0.01199979 0.06102225 0.00000000 1.00000000 0.00000000
v 0.06482751 -0.00449976 0.04548082 0.00000000 1.00000000 0.00000000
v 0.06450002 -0.00499976 0.04643918 0.00000000 1.00000000 0.00000000
v 0.06397532 -0.00499977 0.04618868 0.00000000 1.00000000 0.00000000
v 0.06423902 -0.00449976 0.04521763 0.00000000 1.00000000 0.00000000
v 0.06482751 -0.00449976 0.04548082 0.00000000 1.00000000 0.00000000
v 0.06397532 -0.00499977 0.04618868 0.00000000 1.00000000 0.00000000
v 0.06450002 -0.00499976 0.04643918 0.00000000 1.00000000 0.00000000
v 0.06482751 -0.00449976 0.04548082 0.00000000 1.00000000 0.00000000
v 0.06538432 -0.00449976 0.04580564 0.00000000 1.00000000 0.00000000
v 0.06680312 -0.00449975 0.04710900 0.00000000 1.00000000 0.00000000
v 0.06585232 -0.00499976 0.04752852 0.00000000 1.00000000 0.00000000
v 0.06637782 -0.00449976 0.04662445 0.00000000 1.00000000 0.00000000
v 0.06680312 -0.00449975 0.04710900 0.00000000 1.00000000 0.00000000
v 0.06717382 -0.00449975 0.04763637 0.00000000 1.00000000 0.00000000
v 0.06620882 -0.00499976 0.04798787 0.00000000 1.00000000 0.00000000
v 0.06585232 -0.00499976 0.04752852 0.00000000 1.00000000 0.00000000
v 0.06680312 -0.00449975 0.04710900 0.00000000 1.00000000 0.00000000
v 0.06620882 -0.00499976 0.04798787 0.00000000 1.00000000 0.00000000
v 0.06544492 -0.00499976 0.04711366 0.00000000 1.00000000 0.00000000
v 0.06499212 -0.00499976 0.04674890 0.00000000 1.00000000 0.00000000
v 0.06590311 -0.00449976 0.04618832 0.00000000 1.00000000 0.00000000
v 0.06544492 -0.00499976 0.04711366 0.00000000 1.00000000 0.00000000
v 0.05671014 -0.01199979 0.06021945 0.00000000 1.00000000 0.00000000
v 0.06499212 -0.00499976 0.04674890 0.00000000 1.00000000 0.00000000
v 0.06544492 -0.00499976 0.04711366 0.00000000 1.00000000 0.00000000
v 0.06585232 -0.00499976 0.04752852 0.00000000 1.00000000 0.00000000
v 0.05671014 -0.01199979 0.06021945 0.00000000 1.00000000 0.00000000
v 0.06544492 -0.00499976 0.04711366 0.00000000 1.00000000 0.00000000
v 0.06637782 -0.00449976 0.04662445 0.00000000 1.00000000 0.00000000
v 0.06585232 -0.00499976 0.04752852 0.00000000 1.00000000 0.00000000
v 0.06544492 -0.00499976 0.04711366 0.00000000 1.00000000 0.00000000
v 0.06590311 -0.00449976 0.04618832 0.00000000 1.00000000 0.00000000
v 0.06637782 -0.00449976 0.04662445 0.00000000 1.00000000 0.00000000
v 0.02425174 -0.00549991 0.05889591 0.00000000 1.00000000 0.00000000
v 0.05369114 -0.01199980 0.06273417 0.00000000 1.00000000 0.00000000
v 0.02464715 -0.00549991 0.05946473 0.00000000 1.00000000 0.00000000
v 0.02425174 -0.00549991 0.05889591 0.00000000 1.00000000 0.00000000
v 0.02391049 -0.00549991 0.05829303 0.00000000 1.00000000 0.00000000
v 0.05369114 -0.01199980 0.06273417 0.00000000 1.00000000 0.00000000
v 0.02362634 -0.00549991 0.05766124 0.00000000 1.00000000 0.00000000
v 0.05350504 -0.01199980 0.06226867 0.00000000 1.00000000 0.00000000
v 0.05369114 -0.01199980 0.06273417 0.00000000 1.00000000 0.00000000
v 0.02362634 -0.00549991 0.05766124 0.00000000 1.00000000 0.00000000
v 0.05369114 -0.01199980 0.06273417 0.00000000 1.00000000 0.00000000
v 0.02391049 -0.00549991 0.05829303 0.00000000 1.00000000 0.00000000
v 0.02362634 -0.00549991 0.05766124 0.00000000 1.00000000 0.00000000
v 0.02340168 -0.00549991 0.05700593 0.00000000 1.00000000 0.00000000
v 0.05350504 -0.01199980 0.06226867 0.00000000 1.00000000 0.00000000
v 0.02509332 0.00550009 0.05999463 0.00000000 1.00000000 0.00000000
v 0.05398706 0.01200020 0.06313877 0.00000000 1.00000000 0.00000000
v 0.02464711 0.00550009 0.05946473 0.00000000 1.00000000 0.00000000
v 0.02558652 0.00550009 0.06048111 0.00000000 1.00000000 0.00000000
v 0.05398706 0.01200020 0.06313877 0.00000000 1.00000000 0.00000000
v 0.02509332 0.00550009 0.05999463 0.00000000 1.00000000 0.00000000
v 0.02669669 0.00550010 0.06130757 0.00000000 1.00000000 0.00000000
v 0.02730419 0.00550010 0.06164051 0.00000000 1.00000000 0.00000000
v 0.05437446 0.01200020 0.06345702 0.00000000 1.00000000 0.00000000
v 0.05437446 0.01200020 0.06345702 0.00000000 1.00000000 0.00000000
v 0.02730419 0.00550010 0.06164051 0.00000000 1.00000000 0.00000000
v 0.05482876 0.01200020 0.06366895 0.00000000 1.00000000 0.00000000
v 0.05437446 0.01200020 0.06345702 0.00000000 1.00000000 0.00000000
v 0.05398706 0.01200020 0.06313877 0.00000000 1.00000000 0.00000000
v 0.02558652 0.00550009 0.06048111 0.00000000 1.00000000 0.00000000
v 0.02386457 0.00550009 0.05160711 0.00000000 1.00000000 0.00000000
v 0.05368456 0.01200020 0.06080717 0.00000000 1.00000000 0.00000000
v 0.02419751 0.00550009 0.05099961 0.00000000 1.00000000 0.00000000
v 0.02458507 0.00550009 0.05042542 0.00000000 1.00000000 0.00000000
v 0.02419751 0.00550009 0.05099961 0.00000000 1.00000000 0.00000000
v 0.05368456 0.01200020 0.06080717 0.00000000 1.00000000 0.00000000
v 0.02502397 0.00550009 0.04988944 0.00000000 1.00000000 0.00000000
v 0.05397786 0.01200020 0.06040059 0.00000000 1.00000000 0.00000000
v 0.02551045 0.00550009 0.04939624 0.00000000 1.00000000 0.00000000
v 0.02551045 0.00550009 0.04939624 0.00000000 1.00000000 0.00000000
v 0.02660917 0.00550010 0.04855462 0.00000000 1.00000000 0.00000000
v 0.05436306 0.01200020 0.06007973 0.00000000 1.00000000 0.00000000
v 0.02721205 0.00550010 0.04821337 0.00000000 1.00000000 0.00000000
v 0.02660917 0.00550010 0.04855462 0.00000000 1.00000000 0.00000000
v 0.02604035 0.00550010 0.04895003 0.00000000 1.00000000 0.00000000
v 0.05436306 0.01200020 0.06007973 0.00000000 1.00000000 0.00000000
v 0.02340164 0.00550009 0.05700593 0.00000000 1.00000000 0.00000000
v 0.05350496 0.01200020 0.06226867 0.00000000 1.00000000 0.00000000
v 0.02323841 0.00550009 0.05633268 0.00000000 1.00000000 0.00000000
v 0.02323841 0.00550009 0.05633268 0.00000000 1.00000000 0.00000000
v 0.06792008 0.00450025 0.04941249 0.00000000 1.00000000 0.00000000
v 0.05742376 0.01200021 0.06150741 0.00000000 1.00000000 0.00000000
v 0.06803728 0.00450025 0.05004641 0.00000000 1.00000000 0.00000000
v 0.06792008 0.00450025 0.04941249 0.00000000 1.00000000 0.00000000
v 0.05729746 0.01200021 0.06102225 0.00000000 1.00000000 0.00000000
v 0.05742376 0.01200021 0.06150741 0.00000000 1.00000000 0.00000000
v 0.06773558 0.00450025 0.04879480 0.00000000 1.00000000 0.00000000
v 0.05729746 0.01200021 0.06102225 0.00000000 1.00000000 0.00000000
v 0.06792008 0.00450025 0.04941249 0.00000000 1.00000000 0.00000000
v 0.05730246 0.01200021 0.06249474 0.00000000 1.00000000 0.00000000
v 0.06924508 0.00450025 0.06197180 0.00000000 1.00000000 0.00000000
v 0.05742546 0.01200021 0.06200874 0.00000000 1.00000000 0.00000000
v 0.06362568 0.00450023 0.04501909 0.00000000 1.00000000 0.00000000
v 0.06299458 0.00450023 0.04488750 0.00000000 1.00000000 0.00000000
v 0.06285668 0.00500023 0.04587805 0.00000000 1.00000000 0.00000000
v 0.06342498 0.00500023 0.04600079 0.00000000 1.00000000 0.00000000
v 0.06590308 0.00450024 0.04618832 0.00000000 1.00000000 0.00000000
v 0.06499208 0.00500024 0.04674890 0.00000000 1.00000000 0.00000000
v 0.06544488 0.00500024 0.04711366 0.00000000 1.00000000 0.00000000
v 0.06650948 0.00500024 0.04848550 0.00000000 1.00000000 0.00000000
v 0.05705446 0.01200021 0.06058374 0.00000000 1.00000000 0.00000000
v 0.05729746 0.01200021 0.06102225 0.00000000 1.00000000 0.00000000
v 0.06650948 0.00500024 0.04848550 0.00000000 1.00000000 0.00000000
v 0.06748588 0.00450025 0.04820047 0.00000000 1.00000000 0.00000000
v 0.06717378 0.00450025 0.04763637 0.00000000 1.00000000 0.00000000
v 0.06650948 0.00500024 0.04848550 0.00000000 1.00000000 0.00000000
v 0.05729746 0.01200021 0.06102225 0.00000000 1.00000000 0.00000000
v 0.06748588 0.00450025 0.04820047 0.00000000 1.00000000 0.00000000
v 0.06620878 0.00500024 0.04798787 0.00000000 1.00000000 0.00000000
v 0.05705446 0.01200021 0.06058374 0.00000000 1.00000000 0.00000000
v 0.06650948 0.00500024 0.04848550 0.00000000 1.00000000 0.00000000
v 0.06717378 0.00450025 0.04763637 0.00000000 1.00000000 0.00000000
v 0.02669669 0.00550010 0.06130757 0.00000000 1.00000000 0.00000000
v 0.05437446 0.01200020 0.06345702 0.00000000 1.00000000 0.00000000
v 0.02612250 0.00550010 0.06092001 0.00000000 1.00000000 0.00000000
v 0.02612250 0.00550010 0.06092001 0.00000000 1.00000000 0.00000000
v 0.02721209 -0.00549990 0.04821337 0.00000000 1.00000000 0.00000000
v 0.05481604 -0.01199980 0.05986474 0.00000000 1.00000000 0.00000000
v 0.05436314 -0.01199980 0.06007973 0.00000000 1.00000000 0.00000000
v 0.02721209 -0.00549990 0.04821337 0.00000000 1.00000000 0.00000000
v 0.02784388 -0.00549990 0.04792922 0.00000000 1.00000000 0.00000000
v 0.05481604 -0.01199980 0.05986474 0.00000000 1.00000000 0.00000000
v 0.02917244 -0.00549989 0.04754133 0.00000000 1.00000000 0.00000000
v 0.05530814 -0.01199980 0.05976915 0.00000000 1.00000000 0.00000000
v 0.05481604 -0.01199980 0.05986474 0.00000000 1.00000000 0.00000000
v 0.06934669 0.00450025 0.06130666 0.00000000 1.00000000 0.00000000
v 0.05742546 0.01200021 0.06200874 0.00000000 1.00000000 0.00000000
v 0.06924508 0.00450025 0.06197180 0.00000000 1.00000000 0.00000000
v 0.06423898 0.00450024 0.04521763 0.00000000 1.00000000 0.00000000
v 0.06342498 0.00500023 0.04600079 0.00000000 1.00000000 0.00000000
v 0.06397528 0.00500023 0.04618868 0.00000000 1.00000000 0.00000000
v 0.06423898 0.00450024 0.04521763 0.00000000 1.00000000 0.00000000
v 0.06362568 0.00450023 0.04501909 0.00000000 1.00000000 0.00000000
v 0.06342498 0.00500023 0.04600079 0.00000000 1.00000000 0.00000000
v 0.06397528 0.00500023 0.04618868 0.00000000 1.00000000 0.00000000
v 0.06482748 0.00450024 0.04548082 0.00000000 1.00000000 0.00000000
v 0.06423898 0.00450024 0.04521763 0.00000000 1.00000000 0.00000000
v 0.06590308 0.00450024 0.04618832 0.00000000 1.00000000 0.00000000
v 0.06538428 0.00450024 0.04580564 0.00000000 1.00000000 0.00000000
v 0.06499208 0.00500024 0.04674890 0.00000000 1.00000000 0.00000000
v 0.06538428 0.00450024 0.04580564 0.00000000 1.00000000 0.00000000
v 0.06449998 0.00500024 0.04643918 0.00000000 1.00000000 0.00000000
v 0.06499208 0.00500024 0.04674890 0.00000000 1.00000000 0.00000000
v 0.06449998 0.00500024 0.04643918 0.00000000 1.00000000 0.00000000
v 0.06538428 0.00450024 0.04580564 0.00000000 1.00000000 0.00000000
v 0.06482748 0.00450024 0.04548082 0.00000000 1.00000000 0.00000000
v 0.06544488 0.00500024 0.04711366 0.00000000 1.00000000 0.00000000
v 0.06585228 0.00500024 0.04752852 0.00000000 1.00000000 0.00000000
v 0.06637778 0.00450024 0.04662445 0.00000000 1.00000000 0.00000000
v 0.06637778 0.00450024 0.04662445 0.00000000 1.00000000 0.00000000
v 0.06590308 0.00450024 0.04618832 0.00000000 1.00000000 0.00000000
v 0.06544488 0.00500024 0.04711366 0.00000000 1.00000000 0.00000000
v 0.06637778 0.00450024 0.04662445 0.00000000 1.00000000 0.00000000
v 0.06585228 0.00500024 0.04752852 0.00000000 1.00000000 0.00000000
v 0.06680308 0.00450025 0.04710900 0.00000000 1.00000000 0.00000000
v 0.05436314 -0.01199980 0.06007973 0.00000000 1.00000000 0.00000000
v 0.02604039 -0.00549990 0.04895003 0.00000000 1.00000000 0.00000000
v 0.02660921 -0.00549990 0.04855462 0.00000000 1.00000000 0.00000000
v 0.02660921 -0.00549990 0.04855462 0.00000000 1.00000000 0.00000000
v 0.02721209 -0.00549990 0.04821337 0.00000000 1.00000000 0.00000000
v 0.05436314 -0.01199980 0.06007973 0.00000000 1.00000000 0.00000000
v 0.02985787 -0.00549989 0.04744092 0.00000000 1.00000000 0.00000000
v 0.06170842 -0.00449977 0.04483040 0.00000000 1.00000000 0.00000000
v 0.03054965 -0.00549989 0.04740418 0.00000000 1.00000000 0.00000000
v 0.03054965 -0.00549989 0.04740418 0.00000000 1.00000000 0.00000000
v 0.05530814 -0.01199980 0.05976915 0.00000000 1.00000000 0.00000000
v 0.02985787 -0.00549989 0.04744092 0.00000000 1.00000000 0.00000000
v 0.05530814 -0.01199980 0.05976915 0.00000000 1.00000000 0.00000000
v 0.02917244 -0.00549989 0.04754133 0.00000000 1.00000000 0.00000000
v 0.02985787 -0.00549989 0.04744092 0.00000000 1.00000000 0.00000000
v 0.05481604 -0.01199980 0.05986474 0.00000000 1.00000000 0.00000000
v 0.02784388 -0.00549990 0.04792922 0.00000000 1.00000000 0.00000000
v 0.02849919 -0.00549990 0.04770456 0.00000000 1.00000000 0.00000000
v 0.02849919 -0.00549990 0.04770456 0.00000000 1.00000000 0.00000000
v 0.02917244 -0.00549989 0.04754133 0.00000000 1.00000000 0.00000000
v 0.05481604 -0.01199980 0.05986474 0.00000000 1.00000000 0.00000000
v 0.05742376 0.01200021 0.06150741 0.00000000 1.00000000 0.00000000
v 0.05742546 0.01200021 0.06200874 0.00000000 1.00000000 0.00000000
v 0.06937308 0.00450025 0.06063433 0.00000000 1.00000000 0.00000000
v 0.06937308 0.00450025 0.06063433 0.00000000 1.00000000 0.00000000
v 0.05742546 0.01200021 0.06200874 0.00000000 1.00000000 0.00000000
v 0.06934669 0.00450025 0.06130666 0.00000000 1.00000000 0.00000000
v 0.06932398 0.00450025 0.05996327 0.00000000 1.00000000 0.00000000
v 0.05742376 0.01200021 0.06150741 0.00000000 1.00000000 0.00000000
v 0.06937308 0.00450025 0.06063433 0.00000000 1.00000000 0.00000000
v 0.05429078 0.00450020 0.06765360 0.00000000 1.00000000 0.00000000
v 0.02927362 -0.00549989 0.06228558 0.00000000 1.00000000 0.00000000
v 0.05429082 -0.00449980 0.06765360 0.00000000 1.00000000 0.00000000
v 0.02927358 0.00550011 0.06228558 0.00000000 1.00000000 0.00000000
v 0.06170842 -0.00449977 0.04483040 0.00000000 1.00000000 0.00000000
v 0.06170838 0.00450023 0.04483040 0.00000000 1.00000000 0.00000000
v 0.06235298 0.00450023 0.04482440 0.00000000 1.00000000 0.00000000
v 0.06235302 -0.00449977 0.04482440 0.00000000 1.00000000 0.00000000
v 0.05492792 -0.00449980 0.06774280 0.00000000 1.00000000 0.00000000
v 0.05429078 0.00450020 0.06765360 0.00000000 1.00000000 0.00000000
v 0.05429082 -0.00449980 0.06765360 0.00000000 1.00000000 0.00000000
v 0.05492788 0.00450020 0.06774280 0.00000000 1.00000000 0.00000000
v 0.05621248 0.00450021 0.06771490 0.00000000 1.00000000 0.00000000
v 0.06414602 -0.00449976 0.06668550 0.00000000 1.00000000 0.00000000
v 0.06414598 0.00450024 0.06668550 0.00000000 1.00000000 0.00000000
v 0.05621252 -0.00449979 0.06771490 0.00000000 1.00000000 0.00000000
v 0.02312854 -0.00549992 0.05426325 0.00000000 1.00000000 0.00000000
v 0.02310126 0.00550008 0.05495547 0.00000000 1.00000000 0.00000000
v 0.02312850 0.00550008 0.05426325 0.00000000 1.00000000 0.00000000
v 0.02310130 -0.00549992 0.05495547 0.00000000 1.00000000 0.00000000
v 0.06924512 -0.00449975 0.06197180 0.00000000 1.00000000 0.00000000
v 0.06924508 0.00450025 0.06197180 0.00000000 1.00000000 0.00000000
v 0.06906978 0.00450025 0.06262139 0.00000000 1.00000000 0.00000000
v 0.06906982 -0.00449975 0.06262139 0.00000000 1.00000000 0.00000000
v 0.05621252 -0.00449979 0.06771490 0.00000000 1.00000000 0.00000000
v 0.05621248 0.00450021 0.06771490 0.00000000 1.00000000 0.00000000
v 0.05557102 -0.00449980 0.06776330 0.00000000 1.00000000 0.00000000
v 0.05557098 0.00450020 0.06776330 0.00000000 1.00000000 0.00000000
v 0.05492792 -0.00449980 0.06774280 0.00000000 1.00000000 0.00000000
v 0.05557102 -0.00449980 0.06776330 0.00000000 1.00000000 0.00000000
v 0.05492788 0.00450020 0.06774280 0.00000000 1.00000000 0.00000000
v 0.05557098 0.00450020 0.06776330 0.00000000 1.00000000 0.00000000
v 0.06882282 -0.00449975 0.06324726 0.00000000 1.00000000 0.00000000
v 0.06906982 -0.00449975 0.06262139 0.00000000 1.00000000 0.00000000
v 0.06906978 0.00450025 0.06262139 0.00000000 1.00000000 0.00000000
v 0.06882278 0.00450025 0.06324726 0.00000000 1.00000000 0.00000000
v 0.06882282 -0.00449975 0.06324726 0.00000000 1.00000000 0.00000000
v 0.06850728 0.00450025 0.06384155 0.00000000 1.00000000 0.00000000
v 0.06850732 -0.00449975 0.06384155 0.00000000 1.00000000 0.00000000
v 0.06882278 0.00450025 0.06324726 0.00000000 1.00000000 0.00000000
v 0.06299462 -0.00449977 0.04488750 0.00000000 1.00000000 0.00000000
v 0.06235302 -0.00449977 0.04482440 0.00000000 1.00000000 0.00000000
v 0.06235298 0.00450023 0.04482440 0.00000000 1.00000000 0.00000000
v 0.06299458 0.00450023 0.04488750 0.00000000 1.00000000 0.00000000
v 0.02730419 0.00550010 0.06164051 0.00000000 1.00000000 0.00000000
v 0.02669673 -0.00549990 0.06130757 0.00000000 1.00000000 0.00000000
v 0.02730423 -0.00549990 0.06164051 0.00000000 1.00000000 0.00000000
v 0.02669669 0.00550010 0.06130757 0.00000000 1.00000000 0.00000000
v 0.02859816 0.00550011 0.06213161 0.00000000 1.00000000 0.00000000
v 0.02927362 -0.00549989 0.06228558 0.00000000 1.00000000 0.00000000
v 0.02927358 0.00550011 0.06228558 0.00000000 1.00000000 0.00000000
v 0.02859820 -0.00549989 0.06213161 0.00000000 1.00000000 0.00000000
v 0.06480728 0.00450024 0.06656160 0.00000000 1.00000000 0.00000000
v 0.06480732 -0.00449976 0.06656160 0.00000000 1.00000000 0.00000000
v 0.06545069 0.00450024 0.06636450 0.00000000 1.00000000 0.00000000
v 0.06545072 -0.00449976 0.06636450 0.00000000 1.00000000 0.00000000
v 0.06414598 0.00450024 0.06668550 0.00000000 1.00000000 0.00000000
v 0.06414602 -0.00449976 0.06668550 0.00000000 1.00000000 0.00000000
v 0.06480732 -0.00449976 0.06656160 0.00000000 1.00000000 0.00000000
v 0.06480728 0.00450024 0.06656160 0.00000000 1.00000000 0.00000000
v 0.02321950 0.00550009 0.05357650 0.00000000 1.00000000 0.00000000
v 0.02312854 -0.00549992 0.05426325 0.00000000 1.00000000 0.00000000
v 0.02312850 0.00550008 0.05426325 0.00000000 1.00000000 0.00000000
v 0.02321954 -0.00549991 0.05357650 0.00000000 1.00000000 0.00000000
v 0.02321950 0.00550009 0.05357650 0.00000000 1.00000000 0.00000000
v 0.02337351 -0.00549991 0.05290108 0.00000000 1.00000000 0.00000000
v 0.02321954 -0.00549991 0.05357650 0.00000000 1.00000000 0.00000000
v 0.02337347 0.00550009 0.05290108 0.00000000 1.00000000 0.00000000
v 0.02358911 0.00550009 0.05224275 0.00000000 1.00000000 0.00000000
v 0.02337351 -0.00549991 0.05290108 0.00000000 1.00000000 0.00000000
v 0.02337347 0.00550009 0.05290108 0.00000000 1.00000000 0.00000000
v 0.02358915 -0.00549991 0.05224275 0.00000000 1.00000000 0.00000000
v 0.02313804 -0.00549992 0.05564725 0.00000000 1.00000000 0.00000000
v 0.02310126 0.00550008 0.05495547 0.00000000 1.00000000 0.00000000
v 0.02310130 -0.00549992 0.05495547 0.00000000 1.00000000 0.00000000
v 0.02313800 0.00550008 0.05564725 0.00000000 1.00000000 0.00000000
v 0.02859820 -0.00549989 0.06213161 0.00000000 1.00000000 0.00000000
v 0.02859816 0.00550011 0.06213161 0.00000000 1.00000000 0.00000000
v 0.02793987 -0.00549990 0.06191597 0.00000000 1.00000000 0.00000000
v 0.02793983 0.00550010 0.06191597 0.00000000 1.00000000 0.00000000
v 0.02793987 -0.00549990 0.06191597 0.00000000 1.00000000 0.00000000
v 0.02730419 0.00550010 0.06164051 0.00000000 1.00000000 0.00000000
v 0.02730423 -0.00549990 0.06164051 0.00000000 1.00000000 0.00000000
v 0.02793983 0.00550010 0.06191597 0.00000000 1.00000000 0.00000000
v 0.02358911 0.00550009 0.05224275 0.00000000 1.00000000 0.00000000
v 0.02386461 -0.00549991 0.05160711 0.00000000 1.00000000 0.00000000
v 0.02358915 -0.00549991 0.05224275 0.00000000 1.00000000 0.00000000
v 0.02386457 0.00550009 0.05160711 0.00000000 1.00000000 0.00000000
v 0.02458511 -0.00549991 0.05042542 0.00000000 1.00000000 0.00000000
v 0.02458507 0.00550009 0.05042542 0.00000000 1.00000000 0.00000000
v 0.02502397 0.00550009 0.04988944 0.00000000 1.00000000 0.00000000
v 0.02502401 -0.00549991 0.04988944 0.00000000 1.00000000 0.00000000
v 0.06803728 0.00450025 0.05004641 0.00000000 1.00000000 0.00000000
v 0.06932398 0.00450025 0.05996327 0.00000000 1.00000000 0.00000000
v 0.06932402 -0.00449975 0.05996327 0.00000000 1.00000000 0.00000000
v 0.06803732 -0.00449975 0.05004641 0.00000000 1.00000000 0.00000000
v 0.05742384 -0.01199979 0.06150741 0.00000000 1.00000000 0.00000000
v 0.05742554 -0.01199979 0.06200874 0.00000000 1.00000000 0.00000000
v 0.05730254 -0.01199979 0.06249474 0.00000000 1.00000000 0.00000000
v 0.05672054 -0.01199979 0.06330148 0.00000000 1.00000000 0.00000000
v 0.05629814 -0.01199979 0.06357154 0.00000000 1.00000000 0.00000000
v 0.05482884 -0.01199980 0.06366895 0.00000000 1.00000000 0.00000000
v 0.05437454 -0.01199980 0.06345702 0.00000000 1.00000000 0.00000000
v 0.05628594 -0.01199979 0.05995225 0.00000000 1.00000000 0.00000000
v 0.05671014 -0.01199979 0.06021945 0.00000000 1.00000000 0.00000000
v 0.05532165 -0.01199980 0.06376123 0.00000000 1.00000000 0.00000000
v 0.05436314 -0.01199980 0.06007973 0.00000000 1.00000000 0.00000000
v 0.05397794 -0.01199980 0.06040059 0.00000000 1.00000000 0.00000000
v 0.05350504 -0.01199980 0.06226867 0.00000000 1.00000000 0.00000000
v 0.05344044 -0.01199980 0.06177151 0.00000000 1.00000000 0.00000000
v 0.05368464 -0.01199980 0.06080717 0.00000000 1.00000000 0.00000000
v 0.05369114 -0.01199980 0.06273417 0.00000000 1.00000000 0.00000000
v 0.05706244 -0.01199979 0.06293487 0.00000000 1.00000000 0.00000000
v 0.05705454 -0.01199979 0.06058374 0.00000000 1.00000000 0.00000000
v 0.05729754 -0.01199979 0.06102225 0.00000000 1.00000000 0.00000000
v 0.05350164 -0.01199980 0.06127392 0.00000000 1.00000000 0.00000000
v 0.05398714 -0.01199980 0.06313877 0.00000000 1.00000000 0.00000000
v 0.05481604 -0.01199980 0.05986474 0.00000000 1.00000000 0.00000000
v 0.05530814 -0.01199980 0.05976915 0.00000000 1.00000000 0.00000000
v 0.05580864 -0.01199980 0.05979894 0.00000000 1.00000000 0.00000000
v 0.05582184 -0.01199979 0.06372806 0.00000000 1.00000000 0.00000000
v 0.06812722 -0.00449975 0.06439677 0.00000000 1.00000000 0.00000000
v 0.06812718 0.00450025 0.06439677 0.00000000 1.00000000 0.00000000
v 0.06768738 0.00450025 0.06490600 0.00000000 1.00000000 0.00000000
v 0.06768742 -0.00449975 0.06490600 0.00000000 1.00000000 0.00000000
v 0.06812722 -0.00449975 0.06439677 0.00000000 1.00000000 0.00000000
v 0.06850732 -0.00449975 0.06384155 0.00000000 1.00000000 0.00000000
v 0.06850728 0.00450025 0.06384155 0.00000000 1.00000000 0.00000000
v 0.06812718 0.00450025 0.06439677 0.00000000 1.00000000 0.00000000
v 0.06606792 -0.00449976 0.06609660 0.00000000 1.00000000 0.00000000
v 0.06545069 0.00450024 0.06636450 0.00000000 1.00000000 0.00000000
v 0.06545072 -0.00449976 0.06636450 0.00000000 1.00000000 0.00000000
v 0.06606788 0.00450024 0.06609660 0.00000000 1.00000000 0.00000000
v 0.06665118 0.00450024 0.06576120 0.00000000 1.00000000 0.00000000
v 0.06606788 0.00450024 0.06609660 0.00000000 1.00000000 0.00000000
v 0.06606792 -0.00449976 0.06609660 0.00000000 1.00000000 0.00000000
v 0.06665121 -0.00449976 0.06576120 0.00000000 1.00000000 0.00000000
v 0.06719332 -0.00449975 0.06536270 0.00000000 1.00000000 0.00000000
v 0.06768742 -0.00449975 0.06490600 0.00000000 1.00000000 0.00000000
v 0.06768738 0.00450025 0.06490600 0.00000000 1.00000000 0.00000000
v 0.06719328 0.00450025 0.06536270 0.00000000 1.00000000 0.00000000
v 0.06719332 -0.00449975 0.06536270 0.00000000 1.00000000 0.00000000
v 0.06665118 0.00450024 0.06576120 0.00000000 1.00000000 0.00000000
v 0.06665121 -0.00449976 0.06576120 0.00000000 1.00000000 0.00000000
v 0.06719328 0.00450025 0.06536270 0.00000000 1.00000000 0.00000000
v 0.06748592 -0.00449975 0.04820047 0.00000000 1.00000000 0.00000000
v 0.06748588 0.00450025 0.04820047 0.00000000 1.00000000 0.00000000
v 0.06773558 0.00450025 0.04879480 0.00000000 1.00000000 0.00000000
v 0.06773562 -0.00449975 0.04879480 0.00000000 1.00000000 0.00000000
v 0.06717378 0.00450025 0.04763637 0.00000000 1.00000000 0.00000000
v 0.06748592 -0.00449975 0.04820047 0.00000000 1.00000000 0.00000000
v 0.06717382 -0.00449975 0.04763637 0.00000000 1.00000000 0.00000000
v 0.06748588 0.00450025 0.04820047 0.00000000 1.00000000 0.00000000
v 0.06680312 -0.00449975 0.04710900 0.00000000 1.00000000 0.00000000
v 0.06717378 0.00450025 0.04763637 0.00000000 1.00000000 0.00000000
v 0.06717382 -0.00449975 0.04763637 0.00000000 1.00000000 0.00000000
v 0.06680308 0.00450025 0.04710900 0.00000000 1.00000000 0.00000000
v 0.02425170 0.00550009 0.05889591 0.00000000 1.00000000 0.00000000
v 0.02425174 -0.00549991 0.05889591 0.00000000 1.00000000 0.00000000
v 0.02464711 0.00550009 0.05946473 0.00000000 1.00000000 0.00000000
v 0.02464715 -0.00549991 0.05946473 0.00000000 1.00000000 0.00000000
v 0.02425174 -0.00549991 0.05889591 0.00000000 1.00000000 0.00000000
v 0.02425170 0.00550009 0.05889591 0.00000000 1.00000000 0.00000000
v 0.02391045 0.00550009 0.05829303 0.00000000 1.00000000 0.00000000
v 0.02391049 -0.00549991 0.05829303 0.00000000 1.00000000 0.00000000
v 0.02362634 -0.00549991 0.05766124 0.00000000 1.00000000 0.00000000
v 0.02362630 0.00550009 0.05766124 0.00000000 1.00000000 0.00000000
v 0.02340164 0.00550009 0.05700593 0.00000000 1.00000000 0.00000000
v 0.02340168 -0.00549991 0.05700593 0.00000000 1.00000000 0.00000000
v 0.02362634 -0.00549991 0.05766124 0.00000000 1.00000000 0.00000000
v 0.02391049 -0.00549991 0.05829303 0.00000000 1.00000000 0.00000000
v 0.02391045 0.00550009 0.05829303 0.00000000 1.00000000 0.00000000
v 0.02362630 0.00550009 0.05766124 0.00000000 1.00000000 0.00000000
v 0.02509332 0.00550009 0.05999463 0.00000000 1.00000000 0.00000000
v 0.02464711 0.00550009 0.05946473 0.00000000 1.00000000 0.00000000
v 0.02464715 -0.00549991 0.05946473 0.00000000 1.00000000 0.00000000
v 0.02509336 -0.00549991 0.05999463 0.00000000 1.00000000 0.00000000
v 0.02558656 -0.00549991 0.06048111 0.00000000 1.00000000 0.00000000
v 0.02558652 0.00550009 0.06048111 0.00000000 1.00000000 0.00000000
v 0.02509332 0.00550009 0.05999463 0.00000000 1.00000000 0.00000000
v 0.02509336 -0.00549991 0.05999463 0.00000000 1.00000000 0.00000000
v 0.02419751 0.00550009 0.05099961 0.00000000 1.00000000 0.00000000
v 0.02386461 -0.00549991 0.05160711 0.00000000 1.00000000 0.00000000
v 0.02386457 0.00550009 0.05160711 0.00000000 1.00000000 0.00000000
v 0.02419755 -0.00549991 0.05099961 0.00000000 1.00000000 0.00000000
v 0.02419751 0.00550009 0.05099961 0.00000000 1.00000000 0.00000000
v 0.02458507 0.00550009 0.05042542 0.00000000 1.00000000 0.00000000
v 0.02458511 -0.00549991 0.05042542 0.00000000 1.00000000 0.00000000
v 0.02419755 -0.00549991 0.05099961 0.00000000 1.00000000 0.00000000
v 0.02502401 -0.00549991 0.04988944 0.00000000 1.00000000 0.00000000
v 0.02502397 0.00550009 0.04988944 0.00000000 1.00000000 0.00000000
v 0.02551045 0.00550009 0.04939624 0.00000000 1.00000000 0.00000000
v 0.02551049 -0.00549991 0.04939624 0.00000000 1.00000000 0.00000000
v 0.02551045 0.00550009 0.04939624 0.00000000 1.00000000 0.00000000
v 0.02604035 0.00550010 0.04895003 0.00000000 1.00000000 0.00000000
v 0.02604039 -0.00549990 0.04895003 0.00000000 1.00000000 0.00000000
v 0.02551049 -0.00549991 0.04939624 0.00000000 1.00000000 0.00000000
v 0.02323841 0.00550009 0.05633268 0.00000000 1.00000000 0.00000000
v 0.02340168 -0.00549991 0.05700593 0.00000000 1.00000000 0.00000000
v 0.02340164 0.00550009 0.05700593 0.00000000 1.00000000 0.00000000
v 0.02323845 -0.00549991 0.05633268 0.00000000 1.00000000 0.00000000
v 0.02323841 0.00550009 0.05633268 0.00000000 1.00000000 0.00000000
v 0.02313800 0.00550008 0.05564725 0.00000000 1.00000000 0.00000000
v 0.02313804 -0.00549992 0.05564725 0.00000000 1.00000000 0.00000000
v 0.02323845 -0.00549991 0.05633268 0.00000000 1.00000000 0.00000000
v 0.06773562 -0.00449975 0.04879480 0.00000000 1.00000000 0.00000000
v 0.06773558 0.00450025 0.04879480 0.00000000 1.00000000 0.00000000
v 0.06792008 0.00450025 0.04941249 0.00000000 1.00000000 0.00000000
v 0.06792012 -0.00449975 0.04941249 0.00000000 1.00000000 0.00000000
v 0.06792008 0.00450025 0.04941249 0.00000000 1.00000000 0.00000000
v 0.06803728 0.00450025 0.05004641 0.00000000 1.00000000 0.00000000
v 0.06803732 -0.00449975 0.05004641 0.00000000 1.00000000 0.00000000
v 0.06792012 -0.00449975 0.04941249 0.00000000 1.00000000 0.00000000
v 0.05729746 0.01200021 0.06102225 0.00000000 1.00000000 0.00000000
v 0.05705446 0.01200021 0.06058374 0.00000000 1.00000000 0.00000000
v 0.05742546 0.01200021 0.06200874 0.00000000 1.00000000 0.00000000
v 0.05344036 0.01200020 0.06177151 0.00000000 1.00000000 0.00000000
v 0.05350496 0.01200020 0.06226867 0.00000000 1.00000000 0.00000000
v 0.05672046 0.01200021 0.06330148 0.00000000 1.00000000 0.00000000
v 0.05706236 0.01200021 0.06293487 0.00000000 1.00000000 0.00000000
v 0.05482876 0.01200020 0.06366895 0.00000000 1.00000000 0.00000000
v 0.05532156 0.01200020 0.06376123 0.00000000 1.00000000 0.00000000
v 0.05629806 0.01200021 0.06357154 0.00000000 1.00000000 0.00000000
v 0.05628586 0.01200021 0.05995225 0.00000000 1.00000000 0.00000000
v 0.05580856 0.01200020 0.05979894 0.00000000 1.00000000 0.00000000
v 0.05436306 0.01200020 0.06007973 0.00000000 1.00000000 0.00000000
v 0.05397786 0.01200020 0.06040059 0.00000000 1.00000000 0.00000000
v 0.05368456 0.01200020 0.06080717 0.00000000 1.00000000 0.00000000
v 0.05582176 0.01200021 0.06372806 0.00000000 1.00000000 0.00000000
v 0.05530806 0.01200020 0.05976915 0.00000000 1.00000000 0.00000000
v 0.05369106 0.01200020 0.06273417 0.00000000 1.00000000 0.00000000
v 0.05398706 0.01200020 0.06313877 0.00000000 1.00000000 0.00000000
v 0.05730246 0.01200021 0.06249474 0.00000000 1.00000000 0.00000000
v 0.05481595 0.01200020 0.05986474 0.00000000 1.00000000 0.00000000
v 0.05350156 0.01200020 0.06127392 0.00000000 1.00000000 0.00000000
v 0.05671006 0.01200021 0.06021945 0.00000000 1.00000000 0.00000000
v 0.05742376 0.01200021 0.06150741 0.00000000 1.00000000 0.00000000
v 0.05437446 0.01200020 0.06345702 0.00000000 1.00000000 0.00000000
v 0.06362568 0.00450023 0.04501909 0.00000000 1.00000000 0.00000000
v 0.06299462 -0.00449977 0.04488750 0.00000000 1.00000000 0.00000000
v 0.06299458 0.00450023 0.04488750 0.00000000 1.00000000 0.00000000
v 0.06362572 -0.00449977 0.04501909 0.00000000 1.00000000 0.00000000
v 0.02612250 0.00550010 0.06092001 0.00000000 1.00000000 0.00000000
v 0.02669673 -0.00549990 0.06130757 0.00000000 1.00000000 0.00000000
v 0.02669669 0.00550010 0.06130757 0.00000000 1.00000000 0.00000000
v 0.02612254 -0.00549990 0.06092001 0.00000000 1.00000000 0.00000000
v 0.02612250 0.00550010 0.06092001 0.00000000 1.00000000 0.00000000
v 0.02558652 0.00550009 0.06048111 0.00000000 1.00000000 0.00000000
v 0.02558656 -0.00549991 0.06048111 0.00000000 1.00000000 0.00000000
v 0.02612254 -0.00549990 0.06092001 0.00000000 1.00000000 0.00000000
v 0.02721209 -0.00549990 0.04821337 0.00000000 1.00000000 0.00000000
v 0.02784384 0.00550010 0.04792922 0.00000000 1.00000000 0.00000000
v 0.02784388 -0.00549990 0.04792922 0.00000000 1.00000000 0.00000000
v 0.02721205 0.00550010 0.04821337 0.00000000 1.00000000 0.00000000
v 0.06924508 0.00450025 0.06197180 0.00000000 1.00000000 0.00000000
v 0.06924512 -0.00449975 0.06197180 0.00000000 1.00000000 0.00000000
v 0.06934669 0.00450025 0.06130666 0.00000000 1.00000000 0.00000000
v 0.06934672 -0.00449975 0.06130666 0.00000000 1.00000000 0.00000000
v 0.06482748 0.00450024 0.04548082 0.00000000 1.00000000 0.00000000
v 0.06482751 -0.00449976 0.04548082 0.00000000 1.00000000 0.00000000
v 0.06423898 0.00450024 0.04521763 0.00000000 1.00000000 0.00000000
v 0.06423902 -0.00449976 0.04521763 0.00000000 1.00000000 0.00000000
v 0.06362572 -0.00449977 0.04501909 0.00000000 1.00000000 0.00000000
v 0.06362568 0.00450023 0.04501909 0.00000000 1.00000000 0.00000000
v 0.06423898 0.00450024 0.04521763 0.00000000 1.00000000 0.00000000
v 0.06423902 -0.00449976 0.04521763 0.00000000 1.00000000 0.00000000
v 0.06538428 0.00450024 0.04580564 0.00000000 1.00000000 0.00000000
v 0.06482751 -0.00449976 0.04548082 0.00000000 1.00000000 0.00000000
v 0.06482748 0.00450024 0.04548082 0.00000000 1.00000000 0.00000000
v 0.06538432 -0.00449976 0.04580564 0.00000000 1.00000000 0.00000000
v 0.06538428 0.00450024 0.04580564 0.00000000 1.00000000 0.00000000
v 0.06590311 -0.00449976 0.04618832 0.00000000 1.00000000 0.00000000
v 0.06538432 -0.00449976 0.04580564 0.00000000 1.00000000 0.00000000
v 0.06590308 0.00450024 0.04618832 0.00000000 1.00000000 0.00000000
v 0.06680308 0.00450025 0.04710900 0.00000000 1.00000000 0.00000000
v 0.06680312 -0.00449975 0.04710900 0.00000000 1.00000000 0.00000000
v 0.06637778 0.00450024 0.04662445 0.00000000 1.00000000 0.00000000
v 0.06637782 -0.00449976 0.04662445 0.00000000 1.00000000 0.00000000
v 0.06637778 0.00450024 0.04662445 0.00000000 1.00000000 0.00000000
v 0.06590311 -0.00449976 0.04618832 0.00000000 1.00000000 0.00000000
v 0.06590308 0.00450024 0.04618832 0.00000000 1.00000000 0.00000000
v 0.06637782 -0.00449976 0.04662445 0.00000000 1.00000000 0.00000000
v 0.02604039 -0.00549990 0.04895003 0.00000000 1.00000000 0.00000000
v 0.02604035 0.00550010 0.04895003 0.00000000 1.00000000 0.00000000
v 0.02660921 -0.00549990 0.04855462 0.00000000 1.00000000 0.00000000
v 0.02660917 0.00550010 0.04855462 0.00000000 1.00000000 0.00000000
v 0.02721209 -0.00549990 0.04821337 0.00000000 1.00000000 0.00000000
v 0.02660921 -0.00549990 0.04855462 0.00000000 1.00000000 0.00000000
v 0.02721205 0.00550010 0.04821337 0.00000000 1.00000000 0.00000000
v 0.02660917 0.00550010 0.04855462 0.00000000 1.00000000 0.00000000
v 0.02985787 -0.00549989 0.04744092 0.00000000 1.00000000 0.00000000
v 0.02917244 -0.00549989 0.04754133 0.00000000 1.00000000 0.00000000
v 0.02917240 0.00550011 0.04754133 0.00000000 1.00000000 0.00000000
v 0.02985783 0.00550011 0.04744092 0.00000000 1.00000000 0.00000000
v 0.06170838 0.00450023 0.04483040 0.00000000 1.00000000 0.00000000
v 0.06170842 -0.00449977 0.04483040 0.00000000 1.00000000 0.00000000
v 0.02985787 -0.00549989 0.04744092 0.00000000 1.00000000 0.00000000
v 0.02985783 0.00550011 0.04744092 0.00000000 1.00000000 0.00000000
v 0.02849919 -0.00549990 0.04770456 0.00000000 1.00000000 0.00000000
v 0.02784388 -0.00549990 0.04792922 0.00000000 1.00000000 0.00000000
v 0.02784384 0.00550010 0.04792922 0.00000000 1.00000000 0.00000000
v 0.02849915 0.00550010 0.04770456 0.00000000 1.00000000 0.00000000
v 0.02849919 -0.00549990 0.04770456 0.00000000 1.00000000 0.00000000
v 0.02917240 0.00550011 0.04754133 0.00000000 1.00000000 0.00000000
v 0.02917244 -0.00549989 0.04754133 0.00000000 1.00000000 0.00000000
v 0.02849915 0.00550010 0.04770456 0.00000000 1.00000000 0.00000000
v 0.06932402 -0.00449975 0.05996327 0.00000000 1.00000000 0.00000000
v 0.06932398 0.00450025 0.05996327 0.00000000 1.00000000 0.00000000
v 0.06937308 0.00450025 0.06063433 0.00000000 1.00000000 0.00000000
v 0.06937312 -0.00449975 0.06063433 0.00000000 1.00000000 0.00000000
v 0.06937308 0.00450025 0.06063433 0.00000000 1.00000000 0.00000000
v 0.06934669 0.00450025 0.06130666 0.00000000 1.00000000 0.00000000
v 0.06934672 -0.00449975 0.06130666 0.00000000 1.00000000 0.00000000
v 0.06937312 -0.00449975 0.06063433 0.00000000 1.00000000 0.00000000
v -0.05615102 0.01199979 0.05157607 0.00000000 1.00000000 0.00000000
v -0.06577022 0.01349976 0.09844710 0.00000000 1.00000000 0.00000000
v -0.06226580 0.01199977 0.09870100 0.00000000 1.00000000 0.00000000
v -0.06226580 0.01199977 0.09870100 0.00000000 1.00000000 0.00000000
v -0.06002518 0.00707441 0.08143330 0.00000000 1.00000000 0.00000000
v -0.05615102 0.01199979 0.05157607 0.00000000 1.00000000 0.00000000
v -0.07416596 -0.01200027 0.09715690 0.00000000 1.00000000 0.00000000
v -0.06458134 -0.01350024 0.05049067 0.00000000 1.00000000 0.00000000
v -0.07070719 -0.01350026 0.09772140 0.00000000 1.00000000 0.00000000
v -0.07416596 -0.01200027 0.09715690 0.00000000 1.00000000 0.00000000
v -0.07070719 -0.01350026 0.09772140 0.00000000 1.00000000 0.00000000
v -0.07421496 -0.01200027 0.09782790 0.00000000 1.00000000 0.00000000
v -0.06458134 -0.01350024 0.05049067 0.00000000 1.00000000 0.00000000
v -0.06805118 -0.01200025 0.05003193 0.00000000 1.00000000 0.00000000
v -0.06792732 -0.01200025 0.04937058 0.00000000 1.00000000 0.00000000
v -0.06805118 -0.01200025 0.05003193 0.00000000 1.00000000 0.00000000
v -0.06458144 0.01349976 0.05049067 0.00000000 1.00000000 0.00000000
v -0.07416604 0.01199973 0.09715690 0.00000000 1.00000000 0.00000000
v -0.07070729 0.01349974 0.09772140 0.00000000 1.00000000 0.00000000
v -0.07070729 0.01349974 0.09772140 0.00000000 1.00000000 0.00000000
v -0.07416604 0.01199973 0.09715690 0.00000000 1.00000000 0.00000000
v -0.07421504 0.01199973 0.09782790 0.00000000 1.00000000 0.00000000
v -0.05960115 0.01349978 0.05080400 0.00000000 1.00000000 0.00000000
v -0.05967969 0.01349978 0.05142573 0.00000000 1.00000000 0.00000000
v -0.06792740 0.01199975 0.04937058 0.00000000 1.00000000 0.00000000
v -0.06805126 0.01199975 0.05003193 0.00000000 1.00000000 0.00000000
v -0.06458144 0.01349976 0.05049067 0.00000000 1.00000000 0.00000000
v -0.06805126 0.01199975 0.05003193 0.00000000 1.00000000 0.00000000
v -0.06597593 0.01349976 0.09903910 0.00000000 1.00000000 0.00000000
v -0.06258678 0.01199977 0.10000570 0.00000000 1.00000000 0.00000000
v -0.06577022 0.01349976 0.09844710 0.00000000 1.00000000 0.00000000
v -0.06597593 0.01349976 0.09903910 0.00000000 1.00000000 0.00000000
v -0.06632238 0.01349976 0.09956130 0.00000000 1.00000000 0.00000000
v -0.06319003 0.01199977 0.10120620 0.00000000 1.00000000 0.00000000
v -0.06194407 -0.01350023 0.04830893 0.00000000 1.00000000 0.00000000
v -0.06256950 -0.01350023 0.04834828 0.00000000 1.00000000 0.00000000
v -0.06267237 -0.01200023 0.04483126 0.00000000 1.00000000 0.00000000
v -0.05967959 -0.01350022 0.05018227 0.00000000 1.00000000 0.00000000
v -0.05612832 -0.01200021 0.05023268 0.00000000 1.00000000 0.00000000
v -0.05960105 -0.01350022 0.05080400 0.00000000 1.00000000 0.00000000
v -0.05960105 -0.01350022 0.05080400 0.00000000 1.00000000 0.00000000
v -0.05612832 -0.01200021 0.05023268 0.00000000 1.00000000 0.00000000
v -0.05610191 -0.01200021 0.05090501 0.00000000 1.00000000 0.00000000
v -0.05967959 -0.01350022 0.05142573 0.00000000 1.00000000 0.00000000
v -0.05960105 -0.01350022 0.05080400 0.00000000 1.00000000 0.00000000
v -0.05615094 -0.01200021 0.05157607 0.00000000 1.00000000 0.00000000
v -0.05960105 -0.01350022 0.05080400 0.00000000 1.00000000 0.00000000
v -0.05610191 -0.01200021 0.05090501 0.00000000 1.00000000 0.00000000
v -0.05615094 -0.01200021 0.05157607 0.00000000 1.00000000 0.00000000
v -0.05615094 -0.01200021 0.05157607 0.00000000 1.00000000 0.00000000
v -0.06002512 -0.00707485 0.08143330 0.00000000 1.00000000 0.00000000
v -0.06226571 -0.01200023 0.09870100 0.00000000 1.00000000 0.00000000
v -0.06857944 -0.01350025 0.10040240 0.00000000 1.00000000 0.00000000
v -0.06831685 -0.01200025 0.10392810 0.00000000 1.00000000 0.00000000
v -0.06898790 -0.01200025 0.10387910 0.00000000 1.00000000 0.00000000
v -0.07252926 -0.01200027 0.10209960 0.00000000 1.00000000 0.00000000
v -0.07296916 -0.01200027 0.10159040 0.00000000 1.00000000 0.00000000
v -0.07017406 -0.01350026 0.09948310 0.00000000 1.00000000 0.00000000
v -0.06805118 -0.01200025 0.05003193 0.00000000 1.00000000 0.00000000
v -0.07416596 -0.01200027 0.09715690 0.00000000 1.00000000 0.00000000
v -0.07212967 -0.00750026 0.08146340 0.00000000 1.00000000 0.00000000
v -0.07296924 0.01199973 0.10159040 0.00000000 1.00000000 0.00000000
v -0.07252934 0.01199973 0.10209960 0.00000000 1.00000000 0.00000000
v -0.07017416 0.01349974 0.09948310 0.00000000 1.00000000 0.00000000
v -0.07017416 0.01349974 0.09948310 0.00000000 1.00000000 0.00000000
v -0.07252934 0.01199973 0.10209960 0.00000000 1.00000000 0.00000000
v -0.06972614 0.01349974 0.09992120 0.00000000 1.00000000 0.00000000
v -0.06972614 0.01349974 0.09992120 0.00000000 1.00000000 0.00000000
v -0.07252934 0.01199973 0.10209960 0.00000000 1.00000000 0.00000000
v -0.07203530 0.01199974 0.10255630 0.00000000 1.00000000 0.00000000
v -0.06795300 0.01349975 0.10041510 0.00000000 1.00000000 0.00000000
v -0.06831693 0.01199975 0.10392810 0.00000000 1.00000000 0.00000000
v -0.06764460 0.01199975 0.10390170 0.00000000 1.00000000 0.00000000
v -0.06857954 0.01349975 0.10040240 0.00000000 1.00000000 0.00000000
v -0.06831693 0.01199975 0.10392810 0.00000000 1.00000000 0.00000000
v -0.06795300 0.01349975 0.10041510 0.00000000 1.00000000 0.00000000
v -0.06898798 0.01199975 0.10387910 0.00000000 1.00000000 0.00000000
v -0.06831693 0.01199975 0.10392810 0.00000000 1.00000000 0.00000000
v -0.06857954 0.01349975 0.10040240 0.00000000 1.00000000 0.00000000
v -0.06972614 0.01349974 0.09992120 0.00000000 1.00000000 0.00000000
v -0.07203530 0.01199974 0.10255630 0.00000000 1.00000000 0.00000000
v -0.07149318 0.01199974 0.10295480 0.00000000 1.00000000 0.00000000
v -0.06226571 -0.01200023 0.09870100 0.00000000 1.00000000 0.00000000
v -0.06577012 -0.01350024 0.09844710 0.00000000 1.00000000 0.00000000
v -0.06632978 -0.01200024 0.10362480 0.00000000 1.00000000 0.00000000
v -0.06697938 -0.01200025 0.10380020 0.00000000 1.00000000 0.00000000
v -0.06734289 -0.01350025 0.10027160 0.00000000 1.00000000 0.00000000
v -0.07149310 -0.01200026 0.10295480 0.00000000 1.00000000 0.00000000
v -0.06918313 -0.01350025 0.10023420 0.00000000 1.00000000 0.00000000
v -0.07090978 -0.01200026 0.10329020 0.00000000 1.00000000 0.00000000
v -0.07090978 -0.01200026 0.10329020 0.00000000 1.00000000 0.00000000
v -0.06918313 -0.01350025 0.10023420 0.00000000 1.00000000 0.00000000
v -0.07029257 -0.01200026 0.10355810 0.00000000 1.00000000 0.00000000
v -0.06764452 -0.01200025 0.10390170 0.00000000 1.00000000 0.00000000
v -0.06795290 -0.01350025 0.10041510 0.00000000 1.00000000 0.00000000
v -0.06697938 -0.01200025 0.10380020 0.00000000 1.00000000 0.00000000
v -0.06697938 -0.01200025 0.10380020 0.00000000 1.00000000 0.00000000
v -0.06795290 -0.01350025 0.10041510 0.00000000 1.00000000 0.00000000
v -0.06734289 -0.01350025 0.10027160 0.00000000 1.00000000 0.00000000
v -0.06831685 -0.01200025 0.10392810 0.00000000 1.00000000 0.00000000
v -0.06795290 -0.01350025 0.10041510 0.00000000 1.00000000 0.00000000
v -0.06764452 -0.01200025 0.10390170 0.00000000 1.00000000 0.00000000
v -0.06831685 -0.01200025 0.10392810 0.00000000 1.00000000 0.00000000
v -0.06857944 -0.01350025 0.10040240 0.00000000 1.00000000 0.00000000
v -0.06795290 -0.01350025 0.10041510 0.00000000 1.00000000 0.00000000
v -0.06632228 -0.01350024 0.09956130 0.00000000 1.00000000 0.00000000
v -0.06404522 -0.01200024 0.10224240 0.00000000 1.00000000 0.00000000
v -0.06678772 -0.01350025 0.09998090 0.00000000 1.00000000 0.00000000
v -0.06319003 0.01199977 0.10120620 0.00000000 1.00000000 0.00000000
v -0.06285470 0.01199977 0.10062290 0.00000000 1.00000000 0.00000000
v -0.06597593 0.01349976 0.09903910 0.00000000 1.00000000 0.00000000
v -0.06258678 0.01199977 0.10000570 0.00000000 1.00000000 0.00000000
v -0.06597593 0.01349976 0.09903910 0.00000000 1.00000000 0.00000000
v -0.06285470 0.01199977 0.10062290 0.00000000 1.00000000 0.00000000
v -0.06577022 0.01349976 0.09844710 0.00000000 1.00000000 0.00000000
v -0.06238966 0.01199977 0.09936230 0.00000000 1.00000000 0.00000000
v -0.06226580 0.01199977 0.09870100 0.00000000 1.00000000 0.00000000
v -0.06258678 0.01199977 0.10000570 0.00000000 1.00000000 0.00000000
v -0.06238966 0.01199977 0.09936230 0.00000000 1.00000000 0.00000000
v -0.06577022 0.01349976 0.09844710 0.00000000 1.00000000 0.00000000
v -0.06412359 -0.01350024 0.04933454 0.00000000 1.00000000 0.00000000
v -0.06672841 -0.01200025 0.04698462 0.00000000 1.00000000 0.00000000
v -0.06627167 -0.01200024 0.04649053 0.00000000 1.00000000 0.00000000
v -0.06672841 -0.01200025 0.04698462 0.00000000 1.00000000 0.00000000
v -0.06412359 -0.01350024 0.04933454 0.00000000 1.00000000 0.00000000
v -0.06712694 -0.01200025 0.04752673 0.00000000 1.00000000 0.00000000
v -0.06773020 -0.01200025 0.04872726 0.00000000 1.00000000 0.00000000
v -0.06442549 -0.01350024 0.04988369 0.00000000 1.00000000 0.00000000
v -0.06792732 -0.01200025 0.04937058 0.00000000 1.00000000 0.00000000
v -0.06442549 -0.01350024 0.04988369 0.00000000 1.00000000 0.00000000
v -0.06458134 -0.01350024 0.05049067 0.00000000 1.00000000 0.00000000
v -0.06792732 -0.01200025 0.04937058 0.00000000 1.00000000 0.00000000
v -0.06369461 -0.01350023 0.04887772 0.00000000 1.00000000 0.00000000
v -0.05828168 -0.01200021 0.04617665 0.00000000 1.00000000 0.00000000
v -0.06027863 -0.01350022 0.04909263 0.00000000 1.00000000 0.00000000
v -0.06076148 -0.01350022 0.04869318 0.00000000 1.00000000 0.00000000
v -0.05828168 -0.01200021 0.04617665 0.00000000 1.00000000 0.00000000
v -0.05778759 -0.01200021 0.04663339 0.00000000 1.00000000 0.00000000
v -0.06027863 -0.01350022 0.04909263 0.00000000 1.00000000 0.00000000
v -0.07029265 0.01199974 0.10355810 0.00000000 1.00000000 0.00000000
v -0.06918323 0.01349975 0.10023420 0.00000000 1.00000000 0.00000000
v -0.07090986 0.01199974 0.10329020 0.00000000 1.00000000 0.00000000
v -0.07149318 0.01199974 0.10295480 0.00000000 1.00000000 0.00000000
v -0.07090986 0.01199974 0.10329020 0.00000000 1.00000000 0.00000000
v -0.06918323 0.01349975 0.10023420 0.00000000 1.00000000 0.00000000
v -0.06972614 0.01349974 0.09992120 0.00000000 1.00000000 0.00000000
v -0.06857944 -0.01350025 0.10040240 0.00000000 1.00000000 0.00000000
v -0.06898790 -0.01200025 0.10387910 0.00000000 1.00000000 0.00000000
v -0.06964925 -0.01200026 0.10375520 0.00000000 1.00000000 0.00000000
v -0.06857944 -0.01350025 0.10040240 0.00000000 1.00000000 0.00000000
v -0.06964925 -0.01200026 0.10375520 0.00000000 1.00000000 0.00000000
v -0.06918313 -0.01350025 0.10023420 0.00000000 1.00000000 0.00000000
v -0.06918313 -0.01350025 0.10023420 0.00000000 1.00000000 0.00000000
v -0.06964925 -0.01200026 0.10375520 0.00000000 1.00000000 0.00000000
v -0.07029257 -0.01200026 0.10355810 0.00000000 1.00000000 0.00000000
v -0.07049913 0.01349974 0.09894720 0.00000000 1.00000000 0.00000000
v -0.07366484 0.01199973 0.10044090 0.00000000 1.00000000 0.00000000
v -0.07334924 0.01199973 0.10103520 0.00000000 1.00000000 0.00000000
v -0.07049913 0.01349974 0.09894720 0.00000000 1.00000000 0.00000000
v -0.07334924 0.01199973 0.10103520 0.00000000 1.00000000 0.00000000
v -0.07017416 0.01349974 0.09948310 0.00000000 1.00000000 0.00000000
v -0.07017416 0.01349974 0.09948310 0.00000000 1.00000000 0.00000000
v -0.07334924 0.01199973 0.10103520 0.00000000 1.00000000 0.00000000
v -0.07296924 0.01199973 0.10159040 0.00000000 1.00000000 0.00000000
v -0.05615102 0.01199979 0.05157607 0.00000000 1.00000000 0.00000000
v -0.05610199 0.01199979 0.05090501 0.00000000 1.00000000 0.00000000
v -0.05960115 0.01349978 0.05080400 0.00000000 1.00000000 0.00000000
v -0.06805126 0.01199975 0.05003193 0.00000000 1.00000000 0.00000000
v -0.07212973 0.00749974 0.08146340 0.00000000 1.00000000 0.00000000
v -0.07416604 0.01199973 0.09715690 0.00000000 1.00000000 0.00000000
v -0.06795300 0.01349975 0.10041510 0.00000000 1.00000000 0.00000000
v -0.06764460 0.01199975 0.10390170 0.00000000 1.00000000 0.00000000
v -0.06697946 0.01199975 0.10380020 0.00000000 1.00000000 0.00000000
v -0.06795300 0.01349975 0.10041510 0.00000000 1.00000000 0.00000000
v -0.06697946 0.01199975 0.10380020 0.00000000 1.00000000 0.00000000
v -0.06734299 0.01349975 0.10027160 0.00000000 1.00000000 0.00000000
v -0.06734299 0.01349975 0.10027160 0.00000000 1.00000000 0.00000000
v -0.06697946 0.01199975 0.10380020 0.00000000 1.00000000 0.00000000
v -0.06632986 0.01199976 0.10362480 0.00000000 1.00000000 0.00000000
v -0.06734299 0.01349975 0.10027160 0.00000000 1.00000000 0.00000000
v -0.06632986 0.01199976 0.10362480 0.00000000 1.00000000 0.00000000
v -0.06570399 0.01199976 0.10337780 0.00000000 1.00000000 0.00000000
v -0.06734299 0.01349975 0.10027160 0.00000000 1.00000000 0.00000000
v -0.06570399 0.01199976 0.10337780 0.00000000 1.00000000 0.00000000
v -0.06678782 0.01349975 0.09998090 0.00000000 1.00000000 0.00000000
v -0.06510970 0.01199976 0.10306230 0.00000000 1.00000000 0.00000000
v -0.06734289 -0.01350025 0.10027160 0.00000000 1.00000000 0.00000000
v -0.06570391 -0.01200024 0.10337780 0.00000000 1.00000000 0.00000000
v -0.06632978 -0.01200024 0.10362480 0.00000000 1.00000000 0.00000000
v -0.06678772 -0.01350025 0.09998090 0.00000000 1.00000000 0.00000000
v -0.06570391 -0.01200024 0.10337780 0.00000000 1.00000000 0.00000000
v -0.06734289 -0.01350025 0.10027160 0.00000000 1.00000000 0.00000000
v -0.06510962 -0.01200024 0.10306230 0.00000000 1.00000000 0.00000000
v -0.07203522 -0.01200026 0.10255630 0.00000000 1.00000000 0.00000000
v -0.06972604 -0.01350026 0.09992120 0.00000000 1.00000000 0.00000000
v -0.07149310 -0.01200026 0.10295480 0.00000000 1.00000000 0.00000000
v -0.06972604 -0.01350026 0.09992120 0.00000000 1.00000000 0.00000000
v -0.07252926 -0.01200027 0.10209960 0.00000000 1.00000000 0.00000000
v -0.06972604 -0.01350026 0.09992120 0.00000000 1.00000000 0.00000000
v -0.07203522 -0.01200026 0.10255630 0.00000000 1.00000000 0.00000000
v -0.07252926 -0.01200027 0.10209960 0.00000000 1.00000000 0.00000000
v -0.07017406 -0.01350026 0.09948310 0.00000000 1.00000000 0.00000000
v -0.06972604 -0.01350026 0.09992120 0.00000000 1.00000000 0.00000000
v -0.06678782 0.01349975 0.09998090 0.00000000 1.00000000 0.00000000
v -0.06404530 0.01199976 0.10224240 0.00000000 1.00000000 0.00000000
v -0.06632238 0.01349976 0.09956130 0.00000000 1.00000000 0.00000000
v -0.06678772 -0.01350025 0.09998090 0.00000000 1.00000000 0.00000000
v -0.06455440 -0.01200024 0.10268220 0.00000000 1.00000000 0.00000000
v -0.06510962 -0.01200024 0.10306230 0.00000000 1.00000000 0.00000000
v -0.06404522 -0.01200024 0.10224240 0.00000000 1.00000000 0.00000000
v -0.06455440 -0.01200024 0.10268220 0.00000000 1.00000000 0.00000000
v -0.06678772 -0.01350025 0.09998090 0.00000000 1.00000000 0.00000000
v -0.06773020 -0.01200025 0.04872726 0.00000000 1.00000000 0.00000000
v -0.06746228 -0.01200025 0.04811006 0.00000000 1.00000000 0.00000000
v -0.06442549 -0.01350024 0.04988369 0.00000000 1.00000000 0.00000000
v -0.06442549 -0.01350024 0.04988369 0.00000000 1.00000000 0.00000000
v -0.06746228 -0.01200025 0.04811006 0.00000000 1.00000000 0.00000000
v -0.06412359 -0.01350024 0.04933454 0.00000000 1.00000000 0.00000000
v -0.06412359 -0.01350024 0.04933454 0.00000000 1.00000000 0.00000000
v -0.06746228 -0.01200025 0.04811006 0.00000000 1.00000000 0.00000000
v -0.06712694 -0.01200025 0.04752673 0.00000000 1.00000000 0.00000000
v -0.06369461 -0.01350023 0.04887772 0.00000000 1.00000000 0.00000000
v -0.06627167 -0.01200024 0.04649053 0.00000000 1.00000000 0.00000000
v -0.06576249 -0.01200024 0.04605070 0.00000000 1.00000000 0.00000000
v -0.06076148 -0.01350022 0.04869318 0.00000000 1.00000000 0.00000000
v -0.06132851 -0.01350023 0.04842636 0.00000000 1.00000000 0.00000000
v -0.05940712 -0.01200022 0.04544278 0.00000000 1.00000000 0.00000000
v -0.06076148 -0.01350022 0.04869318 0.00000000 1.00000000 0.00000000
v -0.05882379 -0.01200022 0.04577812 0.00000000 1.00000000 0.00000000
v -0.05828168 -0.01200021 0.04617665 0.00000000 1.00000000 0.00000000
v -0.06076148 -0.01350022 0.04869318 0.00000000 1.00000000 0.00000000
v -0.05940712 -0.01200022 0.04544278 0.00000000 1.00000000 0.00000000
v -0.05882379 -0.01200022 0.04577812 0.00000000 1.00000000 0.00000000
v -0.05778759 -0.01200021 0.04663339 0.00000000 1.00000000 0.00000000
v -0.05734776 -0.01200021 0.04714257 0.00000000 1.00000000 0.00000000
v -0.06027863 -0.01350022 0.04909263 0.00000000 1.00000000 0.00000000
v -0.06027863 -0.01350022 0.04909263 0.00000000 1.00000000 0.00000000
v -0.05734776 -0.01200021 0.04714257 0.00000000 1.00000000 0.00000000
v -0.05991028 -0.01350022 0.04959962 0.00000000 1.00000000 0.00000000
v -0.05991028 -0.01350022 0.04959962 0.00000000 1.00000000 0.00000000
v -0.05734776 -0.01200021 0.04714257 0.00000000 1.00000000 0.00000000
v -0.05696769 -0.01200021 0.04769779 0.00000000 1.00000000 0.00000000
v -0.05622984 -0.01200021 0.04956754 0.00000000 1.00000000 0.00000000
v -0.05612832 -0.01200021 0.05023268 0.00000000 1.00000000 0.00000000
v -0.05967959 -0.01350022 0.05018227 0.00000000 1.00000000 0.00000000
v -0.05640520 -0.01200021 0.04891795 0.00000000 1.00000000 0.00000000
v -0.05622984 -0.01200021 0.04956754 0.00000000 1.00000000 0.00000000
v -0.05967959 -0.01350022 0.05018227 0.00000000 1.00000000 0.00000000
v -0.05991028 -0.01350022 0.04959962 0.00000000 1.00000000 0.00000000
v -0.05665219 -0.01200021 0.04829207 0.00000000 1.00000000 0.00000000
v -0.05967959 -0.01350022 0.05018227 0.00000000 1.00000000 0.00000000
v -0.05640520 -0.01200021 0.04891795 0.00000000 1.00000000 0.00000000
v -0.05991028 -0.01350022 0.04959962 0.00000000 1.00000000 0.00000000
v -0.05696769 -0.01200021 0.04769779 0.00000000 1.00000000 0.00000000
v -0.05665219 -0.01200021 0.04829207 0.00000000 1.00000000 0.00000000
v -0.06857954 0.01349975 0.10040240 0.00000000 1.00000000 0.00000000
v -0.06964933 0.01199974 0.10375520 0.00000000 1.00000000 0.00000000
v -0.06898798 0.01199975 0.10387910 0.00000000 1.00000000 0.00000000
v -0.06918323 0.01349975 0.10023420 0.00000000 1.00000000 0.00000000
v -0.06964933 0.01199974 0.10375520 0.00000000 1.00000000 0.00000000
v -0.06857954 0.01349975 0.10040240 0.00000000 1.00000000 0.00000000
v -0.06918323 0.01349975 0.10023420 0.00000000 1.00000000 0.00000000
v -0.07029265 0.01199974 0.10355810 0.00000000 1.00000000 0.00000000
v -0.06964933 0.01199974 0.10375520 0.00000000 1.00000000 0.00000000
v -0.07049903 -0.01350026 0.09894720 0.00000000 1.00000000 0.00000000
v -0.07334916 -0.01200027 0.10103520 0.00000000 1.00000000 0.00000000
v -0.07366476 -0.01200027 0.10044090 0.00000000 1.00000000 0.00000000
v -0.07017406 -0.01350026 0.09948310 0.00000000 1.00000000 0.00000000
v -0.07334916 -0.01200027 0.10103520 0.00000000 1.00000000 0.00000000
v -0.07049903 -0.01350026 0.09894720 0.00000000 1.00000000 0.00000000
v -0.07296916 -0.01200027 0.10159040 0.00000000 1.00000000 0.00000000
v -0.07334916 -0.01200027 0.10103520 0.00000000 1.00000000 0.00000000
v -0.07017406 -0.01350026 0.09948310 0.00000000 1.00000000 0.00000000
v -0.06792740 0.01199975 0.04937058 0.00000000 1.00000000 0.00000000
v -0.06442559 0.01349976 0.04988369 0.00000000 1.00000000 0.00000000
v -0.06773028 0.01199975 0.04872726 0.00000000 1.00000000 0.00000000
v -0.06792740 0.01199975 0.04937058 0.00000000 1.00000000 0.00000000
v -0.06458144 0.01349976 0.05049067 0.00000000 1.00000000 0.00000000
v -0.06442559 0.01349976 0.04988369 0.00000000 1.00000000 0.00000000
v -0.06369471 0.01349977 0.04887772 0.00000000 1.00000000 0.00000000
v -0.06316560 0.01349977 0.04854193 0.00000000 1.00000000 0.00000000
v -0.06520735 0.01199976 0.04567063 0.00000000 1.00000000 0.00000000
v -0.06256950 -0.01350023 0.04834828 0.00000000 1.00000000 0.00000000
v -0.06333752 -0.01200023 0.04493278 0.00000000 1.00000000 0.00000000
v -0.06267237 -0.01200023 0.04483126 0.00000000 1.00000000 0.00000000
v -0.05967969 0.01349978 0.05018227 0.00000000 1.00000000 0.00000000
v -0.05665227 0.01199979 0.04829207 0.00000000 1.00000000 0.00000000
v -0.05991038 0.01349978 0.04959962 0.00000000 1.00000000 0.00000000
v -0.05991038 0.01349978 0.04959962 0.00000000 1.00000000 0.00000000
v -0.05665227 0.01199979 0.04829207 0.00000000 1.00000000 0.00000000
v -0.05696777 0.01199979 0.04769779 0.00000000 1.00000000 0.00000000
v -0.05610199 0.01199979 0.05090501 0.00000000 1.00000000 0.00000000
v -0.05612840 0.01199979 0.05023268 0.00000000 1.00000000 0.00000000
v -0.05960115 0.01349978 0.05080400 0.00000000 1.00000000 0.00000000
v -0.05960115 0.01349978 0.05080400 0.00000000 1.00000000 0.00000000
v -0.05612840 0.01199979 0.05023268 0.00000000 1.00000000 0.00000000
v -0.05967969 0.01349978 0.05018227 0.00000000 1.00000000 0.00000000
v -0.05967969 0.01349978 0.05018227 0.00000000 1.00000000 0.00000000
v -0.05612840 0.01199979 0.05023268 0.00000000 1.00000000 0.00000000
v -0.05622992 0.01199979 0.04956754 0.00000000 1.00000000 0.00000000
v -0.06066772 0.01199978 0.04497774 0.00000000 1.00000000 0.00000000
v -0.06194417 0.01349977 0.04830893 0.00000000 1.00000000 0.00000000
v -0.06132861 0.01349977 0.04842636 0.00000000 1.00000000 0.00000000
v -0.06002440 0.01199978 0.04517486 0.00000000 1.00000000 0.00000000
v -0.06066772 0.01199978 0.04497774 0.00000000 1.00000000 0.00000000
v -0.06132861 0.01349977 0.04842636 0.00000000 1.00000000 0.00000000
v -0.07408706 -0.01200027 0.09916540 0.00000000 1.00000000 0.00000000
v -0.07418856 -0.01200027 0.09850030 0.00000000 1.00000000 0.00000000
v -0.07068055 -0.01350026 0.09834740 0.00000000 1.00000000 0.00000000
v -0.07068055 -0.01350026 0.09834740 0.00000000 1.00000000 0.00000000
v -0.07418856 -0.01200027 0.09850030 0.00000000 1.00000000 0.00000000
v -0.07070719 -0.01350026 0.09772140 0.00000000 1.00000000 0.00000000
v -0.07421496 -0.01200027 0.09782790 0.00000000 1.00000000 0.00000000
v -0.07068065 0.01349974 0.09834740 0.00000000 1.00000000 0.00000000
v -0.07418864 0.01199973 0.09850030 0.00000000 1.00000000 0.00000000
v -0.07408714 0.01199973 0.09916540 0.00000000 1.00000000 0.00000000
v -0.07070729 0.01349974 0.09772140 0.00000000 1.00000000 0.00000000
v -0.07418864 0.01199973 0.09850030 0.00000000 1.00000000 0.00000000
v -0.07068065 0.01349974 0.09834740 0.00000000 1.00000000 0.00000000
v -0.07421504 0.01199973 0.09782790 0.00000000 1.00000000 0.00000000
v -0.06577012 -0.01350024 0.09844710 0.00000000 1.00000000 0.00000000
v -0.06226571 -0.01200023 0.09870100 0.00000000 1.00000000 0.00000000
v -0.06238957 -0.01200023 0.09936230 0.00000000 1.00000000 0.00000000
v -0.06258670 -0.01200023 0.10000570 0.00000000 1.00000000 0.00000000
v -0.06577012 -0.01350024 0.09844710 0.00000000 1.00000000 0.00000000
v -0.06238957 -0.01200023 0.09936230 0.00000000 1.00000000 0.00000000
v -0.06258670 -0.01200023 0.10000570 0.00000000 1.00000000 0.00000000
v -0.06597583 -0.01350024 0.09903910 0.00000000 1.00000000 0.00000000
v -0.06577012 -0.01350024 0.09844710 0.00000000 1.00000000 0.00000000
v -0.06597583 -0.01350024 0.09903910 0.00000000 1.00000000 0.00000000
v -0.06318995 -0.01200023 0.10120620 0.00000000 1.00000000 0.00000000
v -0.06632228 -0.01350024 0.09956130 0.00000000 1.00000000 0.00000000
v -0.06510970 0.01199976 0.10306230 0.00000000 1.00000000 0.00000000
v -0.06455448 0.01199976 0.10268220 0.00000000 1.00000000 0.00000000
v -0.06678782 0.01349975 0.09998090 0.00000000 1.00000000 0.00000000
v -0.06404530 0.01199976 0.10224240 0.00000000 1.00000000 0.00000000
v -0.06678782 0.01349975 0.09998090 0.00000000 1.00000000 0.00000000
v -0.06455448 0.01199976 0.10268220 0.00000000 1.00000000 0.00000000
v -0.06369461 -0.01350023 0.04887772 0.00000000 1.00000000 0.00000000
v -0.06520727 -0.01200024 0.04567063 0.00000000 1.00000000 0.00000000
v -0.06316550 -0.01350023 0.04854193 0.00000000 1.00000000 0.00000000
v -0.06576249 -0.01200024 0.04605070 0.00000000 1.00000000 0.00000000
v -0.06520727 -0.01200024 0.04567063 0.00000000 1.00000000 0.00000000
v -0.06369461 -0.01350023 0.04887772 0.00000000 1.00000000 0.00000000
v -0.06520727 -0.01200024 0.04567063 0.00000000 1.00000000 0.00000000
v -0.06461299 -0.01200024 0.04535513 0.00000000 1.00000000 0.00000000
v -0.06316550 -0.01350023 0.04854193 0.00000000 1.00000000 0.00000000
v -0.06194407 -0.01350023 0.04830893 0.00000000 1.00000000 0.00000000
v -0.06066764 -0.01200022 0.04497774 0.00000000 1.00000000 0.00000000
v -0.06132851 -0.01350023 0.04842636 0.00000000 1.00000000 0.00000000
v -0.06132899 -0.01200023 0.04485388 0.00000000 1.00000000 0.00000000
v -0.06672849 0.01199975 0.04698462 0.00000000 1.00000000 0.00000000
v -0.06712702 0.01199975 0.04752673 0.00000000 1.00000000 0.00000000
v -0.06412369 0.01349976 0.04933454 0.00000000 1.00000000 0.00000000
v -0.06369471 0.01349977 0.04887772 0.00000000 1.00000000 0.00000000
v -0.06627175 0.01199976 0.04649053 0.00000000 1.00000000 0.00000000
v -0.06412369 0.01349976 0.04933454 0.00000000 1.00000000 0.00000000
v -0.06672849 0.01199975 0.04698462 0.00000000 1.00000000 0.00000000
v -0.06316550 -0.01350023 0.04854193 0.00000000 1.00000000 0.00000000
v -0.06398711 -0.01200024 0.04510814 0.00000000 1.00000000 0.00000000
v -0.06256950 -0.01350023 0.04834828 0.00000000 1.00000000 0.00000000
v -0.06398711 -0.01200024 0.04510814 0.00000000 1.00000000 0.00000000
v -0.06333752 -0.01200023 0.04493278 0.00000000 1.00000000 0.00000000
v -0.06256950 -0.01350023 0.04834828 0.00000000 1.00000000 0.00000000
v -0.06461299 -0.01200024 0.04535513 0.00000000 1.00000000 0.00000000
v -0.06398711 -0.01200024 0.04510814 0.00000000 1.00000000 0.00000000
v -0.06316550 -0.01350023 0.04854193 0.00000000 1.00000000 0.00000000
v -0.05967969 0.01349978 0.05018227 0.00000000 1.00000000 0.00000000
v -0.05622992 0.01199979 0.04956754 0.00000000 1.00000000 0.00000000
v -0.05640528 0.01199979 0.04891795 0.00000000 1.00000000 0.00000000
v -0.05640528 0.01199979 0.04891795 0.00000000 1.00000000 0.00000000
v -0.06267246 0.01199977 0.04483126 0.00000000 1.00000000 0.00000000
v -0.06256960 0.01349977 0.04834828 0.00000000 1.00000000 0.00000000
v -0.06194417 0.01349977 0.04830893 0.00000000 1.00000000 0.00000000
v -0.06398719 0.01199976 0.04510814 0.00000000 1.00000000 0.00000000
v -0.06316560 0.01349977 0.04854193 0.00000000 1.00000000 0.00000000
v -0.06256960 0.01349977 0.04834828 0.00000000 1.00000000 0.00000000
v -0.06132908 0.01199977 0.04485388 0.00000000 1.00000000 0.00000000
v -0.06316560 0.01349977 0.04854193 0.00000000 1.00000000 0.00000000
v -0.06461307 0.01199976 0.04535513 0.00000000 1.00000000 0.00000000
v -0.06520735 0.01199976 0.04567063 0.00000000 1.00000000 0.00000000
v -0.06398719 0.01199976 0.04510814 0.00000000 1.00000000 0.00000000
v -0.06461307 0.01199976 0.04535513 0.00000000 1.00000000 0.00000000
v -0.06316560 0.01349977 0.04854193 0.00000000 1.00000000 0.00000000
v -0.06076158 0.01349978 0.04869318 0.00000000 1.00000000 0.00000000
v -0.05940720 0.01199978 0.04544278 0.00000000 1.00000000 0.00000000
v -0.06132861 0.01349977 0.04842636 0.00000000 1.00000000 0.00000000
v -0.05940720 0.01199978 0.04544278 0.00000000 1.00000000 0.00000000
v -0.06002440 0.01199978 0.04517486 0.00000000 1.00000000 0.00000000
v -0.06132861 0.01349977 0.04842636 0.00000000 1.00000000 0.00000000
v -0.06076158 0.01349978 0.04869318 0.00000000 1.00000000 0.00000000
v -0.05882387 0.01199978 0.04577812 0.00000000 1.00000000 0.00000000
v -0.05940720 0.01199978 0.04544278 0.00000000 1.00000000 0.00000000
v -0.06027873 0.01349978 0.04909263 0.00000000 1.00000000 0.00000000
v -0.05734784 0.01199979 0.04714257 0.00000000 1.00000000 0.00000000
v -0.05778767 0.01199979 0.04663339 0.00000000 1.00000000 0.00000000
v -0.05991038 0.01349978 0.04959962 0.00000000 1.00000000 0.00000000
v -0.05734784 0.01199979 0.04714257 0.00000000 1.00000000 0.00000000
v -0.06027873 0.01349978 0.04909263 0.00000000 1.00000000 0.00000000
v -0.05991038 0.01349978 0.04959962 0.00000000 1.00000000 0.00000000
v -0.05696777 0.01199979 0.04769779 0.00000000 1.00000000 0.00000000
v -0.05734784 0.01199979 0.04714257 0.00000000 1.00000000 0.00000000
v -0.06027873 0.01349978 0.04909263 0.00000000 1.00000000 0.00000000
v -0.05828176 0.01199979 0.04617665 0.00000000 1.00000000 0.00000000
v -0.06076158 0.01349978 0.04869318 0.00000000 1.00000000 0.00000000
v -0.05778767 0.01199979 0.04663339 0.00000000 1.00000000 0.00000000
v -0.05828176 0.01199979 0.04617665 0.00000000 1.00000000 0.00000000
v -0.06027873 0.01349978 0.04909263 0.00000000 1.00000000 0.00000000
v -0.06076158 0.01349978 0.04869318 0.00000000 1.00000000 0.00000000
v -0.05828176 0.01199979 0.04617665 0.00000000 1.00000000 0.00000000
v -0.05882387 0.01199978 0.04577812 0.00000000 1.00000000 0.00000000
v -0.07049903 -0.01350026 0.09894720 0.00000000 1.00000000 0.00000000
v -0.07366476 -0.01200027 0.10044090 0.00000000 1.00000000 0.00000000
v -0.07391166 -0.01200027 0.09981500 0.00000000 1.00000000 0.00000000
v -0.07049903 -0.01350026 0.09894720 0.00000000 1.00000000 0.00000000
v -0.07391166 -0.01200027 0.09981500 0.00000000 1.00000000 0.00000000
v -0.07068055 -0.01350026 0.09834740 0.00000000 1.00000000 0.00000000
v -0.07391166 -0.01200027 0.09981500 0.00000000 1.00000000 0.00000000
v -0.07408706 -0.01200027 0.09916540 0.00000000 1.00000000 0.00000000
v -0.07068055 -0.01350026 0.09834740 0.00000000 1.00000000 0.00000000
v -0.07049913 0.01349974 0.09894720 0.00000000 1.00000000 0.00000000
v -0.07391174 0.01199973 0.09981500 0.00000000 1.00000000 0.00000000
v -0.07366484 0.01199973 0.10044090 0.00000000 1.00000000 0.00000000
v -0.07068065 0.01349974 0.09834740 0.00000000 1.00000000 0.00000000
v -0.07391174 0.01199973 0.09981500 0.00000000 1.00000000 0.00000000
v -0.07049913 0.01349974 0.09894720 0.00000000 1.00000000 0.00000000
v -0.07408714 0.01199973 0.09916540 0.00000000 1.00000000 0.00000000
v -0.07391174 0.01199973 0.09981500 0.00000000 1.00000000 0.00000000
v -0.07068065 0.01349974 0.09834740 0.00000000 1.00000000 0.00000000
v -0.06597583 -0.01350024 0.09903910 0.00000000 1.00000000 0.00000000
v -0.06285461 -0.01200023 0.10062290 0.00000000 1.00000000 0.00000000
v -0.06318995 -0.01200023 0.10120620 0.00000000 1.00000000 0.00000000
v -0.06597583 -0.01350024 0.09903910 0.00000000 1.00000000 0.00000000
v -0.06258670 -0.01200023 0.10000570 0.00000000 1.00000000 0.00000000
v -0.06285461 -0.01200023 0.10062290 0.00000000 1.00000000 0.00000000
v -0.06318995 -0.01200023 0.10120620 0.00000000 1.00000000 0.00000000
v -0.06358849 -0.01200023 0.10174830 0.00000000 1.00000000 0.00000000
v -0.06632228 -0.01350024 0.09956130 0.00000000 1.00000000 0.00000000
v -0.06632228 -0.01350024 0.09956130 0.00000000 1.00000000 0.00000000
v -0.06358849 -0.01200023 0.10174830 0.00000000 1.00000000 0.00000000
v -0.06404522 -0.01200024 0.10224240 0.00000000 1.00000000 0.00000000
v -0.06632238 0.01349976 0.09956130 0.00000000 1.00000000 0.00000000
v -0.06358857 0.01199977 0.10174830 0.00000000 1.00000000 0.00000000
v -0.06319003 0.01199977 0.10120620 0.00000000 1.00000000 0.00000000
v -0.06404530 0.01199976 0.10224240 0.00000000 1.00000000 0.00000000
v -0.06358857 0.01199977 0.10174830 0.00000000 1.00000000 0.00000000
v -0.06632238 0.01349976 0.09956130 0.00000000 1.00000000 0.00000000
v -0.06132851 -0.01350023 0.04842636 0.00000000 1.00000000 0.00000000
v -0.06002432 -0.01200022 0.04517486 0.00000000 1.00000000 0.00000000
v -0.05940712 -0.01200022 0.04544278 0.00000000 1.00000000 0.00000000
v -0.06066764 -0.01200022 0.04497774 0.00000000 1.00000000 0.00000000
v -0.06002432 -0.01200022 0.04517486 0.00000000 1.00000000 0.00000000
v -0.06132851 -0.01350023 0.04842636 0.00000000 1.00000000 0.00000000
v -0.06442559 0.01349976 0.04988369 0.00000000 1.00000000 0.00000000
v -0.06746236 0.01199975 0.04811006 0.00000000 1.00000000 0.00000000
v -0.06773028 0.01199975 0.04872726 0.00000000 1.00000000 0.00000000
v -0.06412369 0.01349976 0.04933454 0.00000000 1.00000000 0.00000000
v -0.06746236 0.01199975 0.04811006 0.00000000 1.00000000 0.00000000
v -0.06442559 0.01349976 0.04988369 0.00000000 1.00000000 0.00000000
v -0.06712702 0.01199975 0.04752673 0.00000000 1.00000000 0.00000000
v -0.06746236 0.01199975 0.04811006 0.00000000 1.00000000 0.00000000
v -0.06412369 0.01349976 0.04933454 0.00000000 1.00000000 0.00000000
v -0.06369471 0.01349977 0.04887772 0.00000000 1.00000000 0.00000000
v -0.06520735 0.01199976 0.04567063 0.00000000 1.00000000 0.00000000
v -0.06576257 0.01199976 0.04605070 0.00000000 1.00000000 0.00000000
v -0.06576257 0.01199976 0.04605070 0.00000000 1.00000000 0.00000000
v -0.06627175 0.01199976 0.04649053 0.00000000 1.00000000 0.00000000
v -0.06369471 0.01349977 0.04887772 0.00000000 1.00000000 0.00000000
v -0.06333760 0.01199977 0.04493278 0.00000000 1.00000000 0.00000000
v -0.06256960 0.01349977 0.04834828 0.00000000 1.00000000 0.00000000
v -0.06267246 0.01199977 0.04483126 0.00000000 1.00000000 0.00000000
v -0.06256960 0.01349977 0.04834828 0.00000000 1.00000000 0.00000000
v -0.06333760 0.01199977 0.04493278 0.00000000 1.00000000 0.00000000
v -0.06398719 0.01199976 0.04510814 0.00000000 1.00000000 0.00000000
v -0.06200013 0.01199977 0.04480485 0.00000000 1.00000000 0.00000000
v -0.06132908 0.01199977 0.04485388 0.00000000 1.00000000 0.00000000
v -0.06200013 0.01199977 0.04480485 0.00000000 1.00000000 0.00000000
v -0.06194417 0.01349977 0.04830893 0.00000000 1.00000000 0.00000000
v -0.06200004 -0.01200023 0.04480485 0.00000000 1.00000000 0.00000000
v -0.06132899 -0.01200023 0.04485388 0.00000000 1.00000000 0.00000000
v -0.06194407 -0.01350023 0.04830893 0.00000000 1.00000000 0.00000000
v -0.06200004 -0.01200023 0.04480485 0.00000000 1.00000000 0.00000000
v -0.07421496 -0.01200027 0.09782790 0.00000000 1.00000000 0.00000000
v -0.07416604 0.01199973 0.09715690 0.00000000 1.00000000 0.00000000
v -0.07416596 -0.01200027 0.09715690 0.00000000 1.00000000 0.00000000
v -0.07421504 0.01199973 0.09782790 0.00000000 1.00000000 0.00000000
v -0.06792740 0.01199975 0.04937058 0.00000000 1.00000000 0.00000000
v -0.06792732 -0.01200025 0.04937058 0.00000000 1.00000000 0.00000000
v -0.06805126 0.01199975 0.05003193 0.00000000 1.00000000 0.00000000
v -0.06805118 -0.01200025 0.05003193 0.00000000 1.00000000 0.00000000
v -0.06792740 0.01199975 0.04937058 0.00000000 1.00000000 0.00000000
v -0.06773020 -0.01200025 0.04872726 0.00000000 1.00000000 0.00000000
v -0.06792732 -0.01200025 0.04937058 0.00000000 1.00000000 0.00000000
v -0.06773028 0.01199975 0.04872726 0.00000000 1.00000000 0.00000000
v -0.07090978 -0.01200026 0.10329020 0.00000000 1.00000000 0.00000000
v -0.07029257 -0.01200026 0.10355810 0.00000000 1.00000000 0.00000000
v -0.07029265 0.01199974 0.10355810 0.00000000 1.00000000 0.00000000
v -0.07090986 0.01199974 0.10329020 0.00000000 1.00000000 0.00000000
v -0.07296916 -0.01200027 0.10159040 0.00000000 1.00000000 0.00000000
v -0.07252934 0.01199973 0.10209960 0.00000000 1.00000000 0.00000000
v -0.07296924 0.01199973 0.10159040 0.00000000 1.00000000 0.00000000
v -0.07252926 -0.01200027 0.10209960 0.00000000 1.00000000 0.00000000
v -0.07203522 -0.01200026 0.10255630 0.00000000 1.00000000 0.00000000
v -0.07252934 0.01199973 0.10209960 0.00000000 1.00000000 0.00000000
v -0.07252926 -0.01200027 0.10209960 0.00000000 1.00000000 0.00000000
v -0.07203530 0.01199974 0.10255630 0.00000000 1.00000000 0.00000000
v -0.06764460 0.01199975 0.10390170 0.00000000 1.00000000 0.00000000
v -0.06831693 0.01199975 0.10392810 0.00000000 1.00000000 0.00000000
v -0.06764452 -0.01200025 0.10390170 0.00000000 1.00000000 0.00000000
v -0.06831685 -0.01200025 0.10392810 0.00000000 1.00000000 0.00000000
v -0.06898798 0.01199975 0.10387910 0.00000000 1.00000000 0.00000000
v -0.06898790 -0.01200025 0.10387910 0.00000000 1.00000000 0.00000000
v -0.06831693 0.01199975 0.10392810 0.00000000 1.00000000 0.00000000
v -0.06831685 -0.01200025 0.10392810 0.00000000 1.00000000 0.00000000
v -0.07090978 -0.01200026 0.10329020 0.00000000 1.00000000 0.00000000
v -0.07090986 0.01199974 0.10329020 0.00000000 1.00000000 0.00000000
v -0.07149318 0.01199974 0.10295480 0.00000000 1.00000000 0.00000000
v -0.07149310 -0.01200026 0.10295480 0.00000000 1.00000000 0.00000000
v -0.07203522 -0.01200026 0.10255630 0.00000000 1.00000000 0.00000000
v -0.07149318 0.01199974 0.10295480 0.00000000 1.00000000 0.00000000
v -0.07203530 0.01199974 0.10255630 0.00000000 1.00000000 0.00000000
v -0.07149310 -0.01200026 0.10295480 0.00000000 1.00000000 0.00000000
v -0.05615094 -0.01200021 0.05157607 0.00000000 1.00000000 0.00000000
v -0.05610191 -0.01200021 0.05090501 0.00000000 1.00000000 0.00000000
v -0.05610199 0.01199979 0.05090501 0.00000000 1.00000000 0.00000000
v -0.05615102 0.01199979 0.05157607 0.00000000 1.00000000 0.00000000
v -0.06764452 -0.01200025 0.10390170 0.00000000 1.00000000 0.00000000
v -0.06697946 0.01199975 0.10380020 0.00000000 1.00000000 0.00000000
v -0.06764460 0.01199975 0.10390170 0.00000000 1.00000000 0.00000000
v -0.06697938 -0.01200025 0.10380020 0.00000000 1.00000000 0.00000000
v -0.06632978 -0.01200024 0.10362480 0.00000000 1.00000000 0.00000000
v -0.06632986 0.01199976 0.10362480 0.00000000 1.00000000 0.00000000
v -0.06697946 0.01199975 0.10380020 0.00000000 1.00000000 0.00000000
v -0.06697938 -0.01200025 0.10380020 0.00000000 1.00000000 0.00000000
v -0.06510970 0.01199976 0.10306230 0.00000000 1.00000000 0.00000000
v -0.06570391 -0.01200024 0.10337780 0.00000000 1.00000000 0.00000000
v -0.06510962 -0.01200024 0.10306230 0.00000000 1.00000000 0.00000000
v -0.06570399 0.01199976 0.10337780 0.00000000 1.00000000 0.00000000
v -0.06632978 -0.01200024 0.10362480 0.00000000 1.00000000 0.00000000
v -0.06570391 -0.01200024 0.10337780 0.00000000 1.00000000 0.00000000
v -0.06632986 0.01199976 0.10362480 0.00000000 1.00000000 0.00000000
v -0.06570399 0.01199976 0.10337780 0.00000000 1.00000000 0.00000000
v -0.06898798 0.01199975 0.10387910 0.00000000 1.00000000 0.00000000
v -0.06964933 0.01199974 0.10375520 0.00000000 1.00000000 0.00000000
v -0.06898790 -0.01200025 0.10387910 0.00000000 1.00000000 0.00000000
v -0.06964925 -0.01200026 0.10375520 0.00000000 1.00000000 0.00000000
v -0.07029265 0.01199974 0.10355810 0.00000000 1.00000000 0.00000000
v -0.07029257 -0.01200026 0.10355810 0.00000000 1.00000000 0.00000000
v -0.06964933 0.01199974 0.10375520 0.00000000 1.00000000 0.00000000
v -0.06964925 -0.01200026 0.10375520 0.00000000 1.00000000 0.00000000
v -0.07334916 -0.01200027 0.10103520 0.00000000 1.00000000 0.00000000
v -0.07366484 0.01199973 0.10044090 0.00000000 1.00000000 0.00000000
v -0.07366476 -0.01200027 0.10044090 0.00000000 1.00000000 0.00000000
v -0.07334924 0.01199973 0.10103520 0.00000000 1.00000000 0.00000000
v -0.07296924 0.01199973 0.10159040 0.00000000 1.00000000 0.00000000
v -0.07334916 -0.01200027 0.10103520 0.00000000 1.00000000 0.00000000
v -0.07296916 -0.01200027 0.10159040 0.00000000 1.00000000 0.00000000
v -0.07334924 0.01199973 0.10103520 0.00000000 1.00000000 0.00000000
v -0.05696777 0.01199979 0.04769779 0.00000000 1.00000000 0.00000000
v -0.05665227 0.01199979 0.04829207 0.00000000 1.00000000 0.00000000
v -0.05696769 -0.01200021 0.04769779 0.00000000 1.00000000 0.00000000
v -0.05665219 -0.01200021 0.04829207 0.00000000 1.00000000 0.00000000
v -0.05622992 0.01199979 0.04956754 0.00000000 1.00000000 0.00000000
v -0.05612840 0.01199979 0.05023268 0.00000000 1.00000000 0.00000000
v -0.05622984 -0.01200021 0.04956754 0.00000000 1.00000000 0.00000000
v -0.05612832 -0.01200021 0.05023268 0.00000000 1.00000000 0.00000000
v -0.05612840 0.01199979 0.05023268 0.00000000 1.00000000 0.00000000
v -0.05610199 0.01199979 0.05090501 0.00000000 1.00000000 0.00000000
v -0.05610191 -0.01200021 0.05090501 0.00000000 1.00000000 0.00000000
v -0.05612832 -0.01200021 0.05023268 0.00000000 1.00000000 0.00000000
v -0.07408714 0.01199973 0.09916540 0.00000000 1.00000000 0.00000000
v -0.07418864 0.01199973 0.09850030 0.00000000 1.00000000 0.00000000
v -0.07408706 -0.01200027 0.09916540 0.00000000 1.00000000 0.00000000
v -0.07418856 -0.01200027 0.09850030 0.00000000 1.00000000 0.00000000
v -0.07421496 -0.01200027 0.09782790 0.00000000 1.00000000 0.00000000
v -0.07418864 0.01199973 0.09850030 0.00000000 1.00000000 0.00000000
v -0.07421504 0.01199973 0.09782790 0.00000000 1.00000000 0.00000000
v -0.07418856 -0.01200027 0.09850030 0.00000000 1.00000000 0.00000000
v -0.06238957 -0.01200023 0.09936230 0.00000000 1.00000000 0.00000000
v -0.06238966 0.01199977 0.09936230 0.00000000 1.00000000 0.00000000
v -0.06258678 0.01199977 0.10000570 0.00000000 1.00000000 0.00000000
v -0.06258670 -0.01200023 0.10000570 0.00000000 1.00000000 0.00000000
v -0.06226571 -0.01200023 0.09870100 0.00000000 1.00000000 0.00000000
v -0.06226580 0.01199977 0.09870100 0.00000000 1.00000000 0.00000000
v -0.06238957 -0.01200023 0.09936230 0.00000000 1.00000000 0.00000000
v -0.06238966 0.01199977 0.09936230 0.00000000 1.00000000 0.00000000
v -0.05967959 -0.01350022 0.05018227 0.00000000 1.00000000 0.00000000
v -0.05960105 -0.01350022 0.05080400 0.00000000 1.00000000 0.00000000
v -0.06597583 -0.01350024 0.09903910 0.00000000 1.00000000 0.00000000
v -0.07070719 -0.01350026 0.09772140 0.00000000 1.00000000 0.00000000
v -0.06458134 -0.01350024 0.05049067 0.00000000 1.00000000 0.00000000
v -0.06918313 -0.01350025 0.10023420 0.00000000 1.00000000 0.00000000
v -0.06857944 -0.01350025 0.10040240 0.00000000 1.00000000 0.00000000
v -0.05967959 -0.01350022 0.05142573 0.00000000 1.00000000 0.00000000
v -0.06442549 -0.01350024 0.04988369 0.00000000 1.00000000 0.00000000
v -0.06412359 -0.01350024 0.04933454 0.00000000 1.00000000 0.00000000
v -0.06256950 -0.01350023 0.04834828 0.00000000 1.00000000 0.00000000
v -0.06194407 -0.01350023 0.04830893 0.00000000 1.00000000 0.00000000
v -0.07068055 -0.01350026 0.09834740 0.00000000 1.00000000 0.00000000
v -0.06369461 -0.01350023 0.04887772 0.00000000 1.00000000 0.00000000
v -0.06972604 -0.01350026 0.09992120 0.00000000 1.00000000 0.00000000
v -0.06132851 -0.01350023 0.04842636 0.00000000 1.00000000 0.00000000
v -0.06076148 -0.01350022 0.04869318 0.00000000 1.00000000 0.00000000
v -0.06678772 -0.01350025 0.09998090 0.00000000 1.00000000 0.00000000
v -0.06632228 -0.01350024 0.09956130 0.00000000 1.00000000 0.00000000
v -0.06577012 -0.01350024 0.09844710 0.00000000 1.00000000 0.00000000
v -0.06795290 -0.01350025 0.10041510 0.00000000 1.00000000 0.00000000
v -0.06316550 -0.01350023 0.04854193 0.00000000 1.00000000 0.00000000
v -0.05991028 -0.01350022 0.04959962 0.00000000 1.00000000 0.00000000
v -0.06734289 -0.01350025 0.10027160 0.00000000 1.00000000 0.00000000
v -0.07049903 -0.01350026 0.09894720 0.00000000 1.00000000 0.00000000
v -0.06027863 -0.01350022 0.04909263 0.00000000 1.00000000 0.00000000
v -0.07017406 -0.01350026 0.09948310 0.00000000 1.00000000 0.00000000
v -0.06510962 -0.01200024 0.10306230 0.00000000 1.00000000 0.00000000
v -0.06455448 0.01199976 0.10268220 0.00000000 1.00000000 0.00000000
v -0.06510970 0.01199976 0.10306230 0.00000000 1.00000000 0.00000000
v -0.06455440 -0.01200024 0.10268220 0.00000000 1.00000000 0.00000000
v -0.06404530 0.01199976 0.10224240 0.00000000 1.00000000 0.00000000
v -0.06455448 0.01199976 0.10268220 0.00000000 1.00000000 0.00000000
v -0.06404522 -0.01200024 0.10224240 0.00000000 1.00000000 0.00000000
v -0.06455440 -0.01200024 0.10268220 0.00000000 1.00000000 0.00000000
v -0.06672841 -0.01200025 0.04698462 0.00000000 1.00000000 0.00000000
v -0.06712694 -0.01200025 0.04752673 0.00000000 1.00000000 0.00000000
v -0.06712702 0.01199975 0.04752673 0.00000000 1.00000000 0.00000000
v -0.06672849 0.01199975 0.04698462 0.00000000 1.00000000 0.00000000
v -0.06672849 0.01199975 0.04698462 0.00000000 1.00000000 0.00000000
v -0.06627175 0.01199976 0.04649053 0.00000000 1.00000000 0.00000000
v -0.06672841 -0.01200025 0.04698462 0.00000000 1.00000000 0.00000000
v -0.06627167 -0.01200024 0.04649053 0.00000000 1.00000000 0.00000000
v -0.05622984 -0.01200021 0.04956754 0.00000000 1.00000000 0.00000000
v -0.05640528 0.01199979 0.04891795 0.00000000 1.00000000 0.00000000
v -0.05622992 0.01199979 0.04956754 0.00000000 1.00000000 0.00000000
v -0.05640520 -0.01200021 0.04891795 0.00000000 1.00000000 0.00000000
v -0.05665227 0.01199979 0.04829207 0.00000000 1.00000000 0.00000000
v -0.05640528 0.01199979 0.04891795 0.00000000 1.00000000 0.00000000
v -0.05665219 -0.01200021 0.04829207 0.00000000 1.00000000 0.00000000
v -0.05640520 -0.01200021 0.04891795 0.00000000 1.00000000 0.00000000
v -0.05967969 0.01349978 0.05142573 0.00000000 1.00000000 0.00000000
v -0.06256960 0.01349977 0.04834828 0.00000000 1.00000000 0.00000000
v -0.06577022 0.01349976 0.09844710 0.00000000 1.00000000 0.00000000
v -0.06632238 0.01349976 0.09956130 0.00000000 1.00000000 0.00000000
v -0.06597593 0.01349976 0.09903910 0.00000000 1.00000000 0.00000000
v -0.06795300 0.01349975 0.10041510 0.00000000 1.00000000 0.00000000
v -0.06857954 0.01349975 0.10040240 0.00000000 1.00000000 0.00000000
v -0.07070729 0.01349974 0.09772140 0.00000000 1.00000000 0.00000000
v -0.06458144 0.01349976 0.05049067 0.00000000 1.00000000 0.00000000
v -0.05991038 0.01349978 0.04959962 0.00000000 1.00000000 0.00000000
v -0.05967969 0.01349978 0.05018227 0.00000000 1.00000000 0.00000000
v -0.05960115 0.01349978 0.05080400 0.00000000 1.00000000 0.00000000
v -0.06734299 0.01349975 0.10027160 0.00000000 1.00000000 0.00000000
v -0.07068065 0.01349974 0.09834740 0.00000000 1.00000000 0.00000000
v -0.06076158 0.01349978 0.04869318 0.00000000 1.00000000 0.00000000
v -0.06027873 0.01349978 0.04909263 0.00000000 1.00000000 0.00000000
v -0.07049913 0.01349974 0.09894720 0.00000000 1.00000000 0.00000000
v -0.06972614 0.01349974 0.09992120 0.00000000 1.00000000 0.00000000
v -0.07017416 0.01349974 0.09948310 0.00000000 1.00000000 0.00000000
v -0.06678782 0.01349975 0.09998090 0.00000000 1.00000000 0.00000000
v -0.06918323 0.01349975 0.10023420 0.00000000 1.00000000 0.00000000
v -0.06442559 0.01349976 0.04988369 0.00000000 1.00000000 0.00000000
v -0.06412369 0.01349976 0.04933454 0.00000000 1.00000000 0.00000000
v -0.06369471 0.01349977 0.04887772 0.00000000 1.00000000 0.00000000
v -0.06316560 0.01349977 0.04854193 0.00000000 1.00000000 0.00000000
v -0.06194417 0.01349977 0.04830893 0.00000000 1.00000000 0.00000000
v -0.06132861 0.01349977 0.04842636 0.00000000 1.00000000 0.00000000
v -0.06066764 -0.01200022 0.04497774 0.00000000 1.00000000 0.00000000
v -0.06132908 0.01199977 0.04485388 0.00000000 1.00000000 0.00000000
v -0.06066772 0.01199978 0.04497774 0.00000000 1.00000000 0.00000000
v -0.06132899 -0.01200023 0.04485388 0.00000000 1.00000000 0.00000000
v -0.06398711 -0.01200024 0.04510814 0.00000000 1.00000000 0.00000000
v -0.06461307 0.01199976 0.04535513 0.00000000 1.00000000 0.00000000
v -0.06398719 0.01199976 0.04510814 0.00000000 1.00000000 0.00000000
v -0.06461299 -0.01200024 0.04535513 0.00000000 1.00000000 0.00000000
v -0.06520735 0.01199976 0.04567063 0.00000000 1.00000000 0.00000000
v -0.06461307 0.01199976 0.04535513 0.00000000 1.00000000 0.00000000
v -0.06520727 -0.01200024 0.04567063 0.00000000 1.00000000 0.00000000
v -0.06461299 -0.01200024 0.04535513 0.00000000 1.00000000 0.00000000
v -0.05882379 -0.01200022 0.04577812 0.00000000 1.00000000 0.00000000
v -0.05940720 0.01199978 0.04544278 0.00000000 1.00000000 0.00000000
v -0.05882387 0.01199978 0.04577812 0.00000000 1.00000000 0.00000000
v -0.05940712 -0.01200022 0.04544278 0.00000000 1.00000000 0.00000000
v -0.05778767 0.01199979 0.04663339 0.00000000 1.00000000 0.00000000
v -0.05734784 0.01199979 0.04714257 0.00000000 1.00000000 0.00000000
v -0.05778759 -0.01200021 0.04663339 0.00000000 1.00000000 0.00000000
v -0.05734776 -0.01200021 0.04714257 0.00000000 1.00000000 0.00000000
v -0.05696769 -0.01200021 0.04769779 0.00000000 1.00000000 0.00000000
v -0.05734784 0.01199979 0.04714257 0.00000000 1.00000000 0.00000000
v -0.05696777 0.01199979 0.04769779 0.00000000 1.00000000 0.00000000
v -0.05734776 -0.01200021 0.04714257 0.00000000 1.00000000 0.00000000
v -0.05882379 -0.01200022 0.04577812 0.00000000 1.00000000 0.00000000
v -0.05828176 0.01199979 0.04617665 0.00000000 1.00000000 0.00000000
v -0.05828168 -0.01200021 0.04617665 0.00000000 1.00000000 0.00000000
v -0.05882387 0.01199978 0.04577812 0.00000000 1.00000000 0.00000000
v -0.05778759 -0.01200021 0.04663339 0.00000000 1.00000000 0.00000000
v -0.05828168 -0.01200021 0.04617665 0.00000000 1.00000000 0.00000000
v -0.05828176 0.01199979 0.04617665 0.00000000 1.00000000 0.00000000
v -0.05778767 0.01199979 0.04663339 0.00000000 1.00000000 0.00000000
v -0.07366484 0.01199973 0.10044090 0.00000000 1.00000000 0.00000000
v -0.07391174 0.01199973 0.09981500 0.00000000 1.00000000 0.00000000
v -0.07366476 -0.01200027 0.10044090 0.00000000 1.00000000 0.00000000
v -0.07391166 -0.01200027 0.09981500 0.00000000 1.00000000 0.00000000
v -0.07408714 0.01199973 0.09916540 0.00000000 1.00000000 0.00000000
v -0.07408706 -0.01200027 0.09916540 0.00000000 1.00000000 0.00000000
v -0.07391174 0.01199973 0.09981500 0.00000000 1.00000000 0.00000000
v -0.07391166 -0.01200027 0.09981500 0.00000000 1.00000000 0.00000000
v -0.06258678 0.01199977 0.10000570 0.00000000 1.00000000 0.00000000
v -0.06285461 -0.01200023 0.10062290 0.00000000 1.00000000 0.00000000
v -0.06258670 -0.01200023 0.10000570 0.00000000 1.00000000 0.00000000
v -0.06285470 0.01199977 0.10062290 0.00000000 1.00000000 0.00000000
v -0.06318995 -0.01200023 0.10120620 0.00000000 1.00000000 0.00000000
v -0.06285461 -0.01200023 0.10062290 0.00000000 1.00000000 0.00000000
v -0.06319003 0.01199977 0.10120620 0.00000000 1.00000000 0.00000000
v -0.06285470 0.01199977 0.10062290 0.00000000 1.00000000 0.00000000
v -0.06319003 0.01199977 0.10120620 0.00000000 1.00000000 0.00000000
v -0.06358857 0.01199977 0.10174830 0.00000000 1.00000000 0.00000000
v -0.06318995 -0.01200023 0.10120620 0.00000000 1.00000000 0.00000000
v -0.06358849 -0.01200023 0.10174830 0.00000000 1.00000000 0.00000000
v -0.06404522 -0.01200024 0.10224240 0.00000000 1.00000000 0.00000000
v -0.06358857 0.01199977 0.10174830 0.00000000 1.00000000 0.00000000
v -0.06404530 0.01199976 0.10224240 0.00000000 1.00000000 0.00000000
v -0.06358849 -0.01200023 0.10174830 0.00000000 1.00000000 0.00000000
v -0.05940720 0.01199978 0.04544278 0.00000000 1.00000000 0.00000000
v -0.05940712 -0.01200022 0.04544278 0.00000000 1.00000000 0.00000000
v -0.06002432 -0.01200022 0.04517486 0.00000000 1.00000000 0.00000000
v -0.06002440 0.01199978 0.04517486 0.00000000 1.00000000 0.00000000
v -0.06002432 -0.01200022 0.04517486 0.00000000 1.00000000 0.00000000
v -0.06066764 -0.01200022 0.04497774 0.00000000 1.00000000 0.00000000
v -0.06066772 0.01199978 0.04497774 0.00000000 1.00000000 0.00000000
v -0.06002440 0.01199978 0.04517486 0.00000000 1.00000000 0.00000000
v -0.06746236 0.01199975 0.04811006 0.00000000 1.00000000 0.00000000
v -0.06773020 -0.01200025 0.04872726 0.00000000 1.00000000 0.00000000
v -0.06773028 0.01199975 0.04872726 0.00000000 1.00000000 0.00000000
v -0.06746228 -0.01200025 0.04811006 0.00000000 1.00000000 0.00000000
v -0.06712702 0.01199975 0.04752673 0.00000000 1.00000000 0.00000000
v -0.06712694 -0.01200025 0.04752673 0.00000000 1.00000000 0.00000000
v -0.06746236 0.01199975 0.04811006 0.00000000 1.00000000 0.00000000
v -0.06746228 -0.01200025 0.04811006 0.00000000 1.00000000 0.00000000
v -0.06520727 -0.01200024 0.04567063 0.00000000 1.00000000 0.00000000
v -0.06576249 -0.01200024 0.04605070 0.00000000 1.00000000 0.00000000
v -0.06576257 0.01199976 0.04605070 0.00000000 1.00000000 0.00000000
v -0.06520735 0.01199976 0.04567063 0.00000000 1.00000000 0.00000000
v -0.06627175 0.01199976 0.04649053 0.00000000 1.00000000 0.00000000
v -0.06576257 0.01199976 0.04605070 0.00000000 1.00000000 0.00000000
v -0.06627167 -0.01200024 0.04649053 0.00000000 1.00000000 0.00000000
v -0.06576249 -0.01200024 0.04605070 0.00000000 1.00000000 0.00000000
v -0.06267246 0.01199977 0.04483126 0.00000000 1.00000000 0.00000000
v -0.06267237 -0.01200023 0.04483126 0.00000000 1.00000000 0.00000000
v -0.06333760 0.01199977 0.04493278 0.00000000 1.00000000 0.00000000
v -0.06333752 -0.01200023 0.04493278 0.00000000 1.00000000 0.00000000
v -0.06398711 -0.01200024 0.04510814 0.00000000 1.00000000 0.00000000
v -0.06398719 0.01199976 0.04510814 0.00000000 1.00000000 0.00000000
v -0.06333760 0.01199977 0.04493278 0.00000000 1.00000000 0.00000000
v -0.06333752 -0.01200023 0.04493278 0.00000000 1.00000000 0.00000000
v -0.06267246 0.01199977 0.04483126 0.00000000 1.00000000 0.00000000
v -0.06200004 -0.01200023 0.04480485 0.00000000 1.00000000 0.00000000
v -0.06267237 -0.01200023 0.04483126 0.00000000 1.00000000 0.00000000
v -0.06200013 0.01199977 0.04480485 0.00000000 1.00000000 0.00000000
v -0.06132908 0.01199977 0.04485388 0.00000000 1.00000000 0.00000000
v -0.06132899 -0.01200023 0.04485388 0.00000000 1.00000000 0.00000000
v -0.06200004 -0.01200023 0.04480485 0.00000000 1.00000000 0.00000000
v -0.06200013 0.01199977 0.04480485 0.00000000 1.00000000 0.00000000
v 0.05615102 -0.01199979 0.05157607 0.00000000 1.00000000 0.00000000
v 0.06577022 -0.01349976 0.09844710 0.00000000 1.00000000 0.00000000
v 0.06226580 -0.01199977 0.09870100 0.00000000 1.00000000 0.00000000
v 0.06226580 -0.01199977 0.09870100 0.00000000 1.00000000 0.00000000
v 0.06002518 -0.00707441 0.08143330 0.00000000 1.00000000 0.00000000
v 0.05615102 -0.01199979 0.05157607 0.00000000 1.00000000 0.00000000
v 0.07416596 0.01200027 0.09715690 0.00000000 1.00000000 0.00000000
v 0.06458134 0.01350024 0.05049067 0.00000000 1.00000000 0.00000000
v 0.07070719 0.01350026 0.09772140 0.00000000 1.00000000 0.00000000
v 0.07416596 0.01200027 0.09715690 0.00000000 1.00000000 0.00000000
v 0.07070719 0.01350026 0.09772140 0.00000000 1.00000000 0.00000000
v 0.07421496 0.01200027 0.09782790 0.00000000 1.00000000 0.00000000
v 0.06458134 0.01350024 0.05049067 0.00000000 1.00000000 0.00000000
v 0.06805118 0.01200025 0.05003193 0.00000000 1.00000000 0.00000000
v 0.06792732 0.01200025 0.04937058 0.00000000 1.00000000 0.00000000
v 0.06805118 0.01200025 0.05003193 0.00000000 1.00000000 0.00000000
v 0.06458144 -0.01349976 0.05049067 0.00000000 1.00000000 0.00000000
v 0.07416604 -0.01199973 0.09715690 0.00000000 1.00000000 0.00000000
v 0.07070729 -0.01349974 0.09772140 0.00000000 1.00000000 0.00000000
v 0.07070729 -0.01349974 0.09772140 0.00000000 1.00000000 0.00000000
v 0.07416604 -0.01199973 0.09715690 0.00000000 1.00000000 0.00000000
v 0.07421504 -0.01199973 0.09782790 0.00000000 1.00000000 0.00000000
v 0.05960115 -0.01349978 0.05080400 0.00000000 1.00000000 0.00000000
v 0.05967969 -0.01349978 0.05142573 0.00000000 1.00000000 0.00000000
v 0.06792740 -0.01199975 0.04937058 0.00000000 1.00000000 0.00000000
v 0.06805126 -0.01199975 0.05003193 0.00000000 1.00000000 0.00000000
v 0.06458144 -0.01349976 0.05049067 0.00000000 1.00000000 0.00000000
v 0.06805126 -0.01199975 0.05003193 0.00000000 1.00000000 0.00000000
v 0.06597593 -0.01349976 0.09903910 0.00000000 1.00000000 0.00000000
v 0.06258678 -0.01199977 0.10000570 0.00000000 1.00000000 0.00000000
v 0.06577022 -0.01349976 0.09844710 0.00000000 1.00000000 0.00000000
v 0.06597593 -0.01349976 0.09903910 0.00000000 1.00000000 0.00000000
v 0.06632238 -0.01349976 0.09956130 0.00000000 1.00000000 0.00000000
v 0.06319003 -0.01199977 0.10120620 0.00000000 1.00000000 0.00000000
v 0.06194407 0.01350023 0.04830893 0.00000000 1.00000000 0.00000000
v 0.06256950 0.01350023 0.04834828 0.00000000 1.00000000 0.00000000
v 0.06267237 0.01200023 0.04483126 0.00000000 1.00000000 0.00000000
v 0.05967959 0.01350022 0.05018227 0.00000000 1.00000000 0.00000000
v 0.05612832 0.01200021 0.05023268 0.00000000 1.00000000 0.00000000
v 0.05960105 0.01350022 0.05080400 0.00000000 1.00000000 0.00000000
v 0.05960105 0.01350022 0.05080400 0.00000000 1.00000000 0.00000000
v 0.05612832 0.01200021 0.05023268 0.00000000 1.00000000 0.00000000
v 0.05610191 0.01200021 0.05090501 0.00000000 1.00000000 0.00000000
v 0.05967959 0.01350022 0.05142573 0.00000000 1.00000000 0.00000000
v 0.05960105 0.01350022 0.05080400 0.00000000 1.00000000 0.00000000
v 0.05615094 0.01200021 0.05157607 0.00000000 1.00000000 0.00000000
v 0.05960105 0.01350022 0.05080400 0.00000000 1.00000000 0.00000000
v 0.05610191 0.01200021 0.05090501 0.00000000 1.00000000 0.00000000
v 0.05615094 0.01200021 0.05157607 0.00000000 1.00000000 0.00000000
v 0.05615094 0.01200021 0.05157607 0.00000000 1.00000000 0.00000000
v 0.06002512 0.00707485 0.08143330 0.00000000 1.00000000 0.00000000
v 0.06226571 0.01200023 0.09870100 0.00000000 1.00000000 0.00000000
v 0.06857944 0.01350025 0.10040240 0.00000000 1.00000000 0.00000000
v 0.06831685 0.01200025 0.10392810 0.00000000 1.00000000 0.00000000
v 0.06898790 0.01200025 0.10387910 0.00000000 1.00000000 0.00000000
v 0.07252926 0.01200027 0.10209960 0.00000000 1.00000000 0.00000000
v 0.07296916 0.01200027 0.10159040 0.00000000 1.00000000 0.00000000
v 0.07017406 0.01350026 0.09948310 0.00000000 1.00000000 0.00000000
v 0.06805118 0.01200025 0.05003193 0.00000000 1.00000000 0.00000000
v 0.07416596 0.01200027 0.09715690 0.00000000 1.00000000 0.00000000
v 0.07212967 0.00750026 0.08146340 0.00000000 1.00000000 0.00000000
v 0.07296924 -0.01199973 0.10159040 0.00000000 1.00000000 0.00000000
v 0.07252934 -0.01199973 0.10209960 0.00000000 1.00000000 0.00000000
v 0.07017416 -0.01349974 0.09948310 0.00000000 1.00000000 0.00000000
v 0.07017416 -0.01349974 0.09948310 0.00000000 1.00000000 0.00000000
v 0.07252934 -0.01199973 0.10209960 0.00000000 1.00000000 0.00000000
v 0.06972614 -0.01349974 0.09992120 0.00000000 1.00000000 0.00000000
v 0.06972614 -0.01349974 0.09992120 0.00000000 1.00000000 0.00000000
v 0.07252934 -0.01199973 0.10209960 0.00000000 1.00000000 0.00000000
v 0.07203530 -0.01199974 0.10255630 0.00000000 1.00000000 0.00000000
v 0.06795300 -0.01349975 0.10041510 0.00000000 1.00000000 0.00000000
v 0.06831693 -0.01199975 0.10392810 0.00000000 1.00000000 0.00000000
v 0.06764460 -0.01199975 0.10390170 0.00000000 1.00000000 0.00000000
v 0.06857954 -0.01349975 0.10040240 0.00000000 1.00000000 0.00000000
v 0.06831693 -0.01199975 0.10392810 0.00000000 1.00000000 0.00000000
v 0.06795300 -0.01349975 0.10041510 0.00000000 1.00000000 0.00000000
v 0.06898798 -0.01199975 0.10387910 0.00000000 1.00000000 0.00000000
v 0.06831693 -0.01199975 0.10392810 0.00000000 1.00000000 0.00000000
v 0.06857954 -0.01349975 0.10040240 0.00000000 1.00000000 0.00000000
v 0.06972614 -0.01349974 0.09992120 0.00000000 1.00000000 0.00000000
v 0.07203530 -0.01199974 0.10255630 0.00000000 1.00000000 0.00000000
v 0.07149318 -0.01199974 0.10295480 0.00000000 1.00000000 0.00000000
v 0.06226571 0.01200023 0.09870100 0.00000000 1.00000000 0.00000000
v 0.06577012 0.01350024 0.09844710 0.00000000 1.00000000 0.00000000
v 0.06632978 0.01200024 0.10362480 0.00000000 1.00000000 0.00000000
v 0.06697938 0.01200025 0.10380020 0.00000000 1.00000000 0.00000000
v 0.06734289 0.01350025 0.10027160 0.00000000 1.00000000 0.00000000
v 0.07149310 0.01200026 0.10295480 0.00000000 1.00000000 0.00000000
v 0.06918313 0.01350025 0.10023420 0.00000000 1.00000000 0.00000000
v 0.07090978 0.01200026 0.10329020 0.00000000 1.00000000 0.00000000
v 0.07090978 0.01200026 0.10329020 0.00000000 1.00000000 0.00000000
v 0.06918313 0.01350025 0.10023420 0.00000000 1.00000000 0.00000000
v 0.07029257 0.01200026 0.10355810 0.00000000 1.00000000 0.00000000
v 0.06764452 0.01200025 0.10390170 0.00000000 1.00000000 0.00000000
v 0.06795290 0.01350025 0.10041510 0.00000000 1.00000000 0.00000000
v 0.06697938 0.01200025 0.10380020 0.00000000 1.00000000 0.00000000
v 0.06697938 0.01200025 0.10380020 0.00000000 1.00000000 0.00000000
v 0.06795290 0.01350025 0.10041510 0.00000000 1.00000000 0.00000000
v 0.06734289 0.01350025 0.10027160 0.00000000 1.00000000 0.00000000
v 0.06831685 0.01200025 0.10392810 0.00000000 1.00000000 0.00000000
v 0.06795290 0.01350025 0.10041510 0.00000000 1.00000000 0.00000000
v 0.06764452 0.01200025 0.10390170 0.00000000 1.00000000 0.00000000
v 0.06831685 0.01200025 0.10392810 0.00000000 1.00000000 0.00000000
v 0.06857944 0.01350025 0.10040240 0.00000000 1.00000000 0.00000000
v 0.06795290 0.01350025 0.10041510 0.00000000 1.00000000 0.00000000
v 0.06632228 0.01350024 0.09956130 0.00000000 1.00000000 0.00000000
v 0.06404522 0.01200024 0.10224240 0.00000000 1.00000000 0.00000000
v 0.06678772 0.01350025 0.09998090 0.00000000 1.00000000 0.00000000
v 0.06319003 -0.01199977 0.10120620 0.00000000 1.00000000 0.00000000
v 0.06285470 -0.01199977 0.10062290 0.00000000 1.00000000 0.00000000
v 0.06597593 -0.01349976 0.09903910 0.00000000 1.00000000 0.00000000
v 0.06258678 -0.01199977 0.10000570 0.00000000 1.00000000 0.00000000
v 0.06597593 -0.01349976 0.09903910 0.00000000 1.00000000 0.00000000
v 0.06285470 -0.01199977 0.10062290 0.00000000 1.00000000 0.00000000
v 0.06577022 -0.01349976 0.09844710 0.00000000 1.00000000 0.00000000
v 0.06238966 -0.01199977 0.09936230 0.00000000 1.00000000 0.00000000
v 0.06226580 -0.01199977 0.09870100 0.00000000 1.00000000 0.00000000
v 0.06258678 -0.01199977 0.10000570 0.00000000 1.00000000 0.00000000
v 0.06238966 -0.01199977 0.09936230 0.00000000 1.00000000 0.00000000
v 0.06577022 -0.01349976 0.09844710 0.00000000 1.00000000 0.00000000
v 0.06412359 0.01350024 0.04933454 0.00000000 1.00000000 0.00000000
v 0.06672841 0.01200025 0.04698462 0.00000000 1.00000000 0.00000000
v 0.06627167 0.01200024 0.04649053 0.00000000 1.00000000 0.00000000
v 0.06672841 0.01200025 0.04698462 0.00000000 1.00000000 0.00000000
v 0.06412359 0.01350024 0.04933454 0.00000000 1.00000000 0.00000000
v 0.06712694 0.01200025 0.04752673 0.00000000 1.00000000 0.00000000
v 0.06773020 0.01200025 0.04872726 0.00000000 1.00000000 0.00000000
v 0.06442549 0.01350024 0.04988369 0.00000000 1.00000000 0.00000000
v 0.06792732 0.01200025 0.04937058 0.00000000 1.00000000 0.00000000
v 0.06442549 0.01350024 0.04988369 0.00000000 1.00000000 0.00000000
v 0.06458134 0.01350024 0.05049067 0.00000000 1.00000000 0.00000000
v 0.06792732 0.01200025 0.04937058 0.00000000 1.00000000 0.00000000
v 0.06369461 0.01350023 0.04887772 0.00000000 1.00000000 0.00000000
v 0.05828168 0.01200021 0.04617665 0.00000000 1.00000000 0.00000000
v 0.06027863 0.01350022 0.04909263 0.00000000 1.00000000 0.00000000
v 0.06076148 0.01350022 0.04869318 0.00000000 1.00000000 0.00000000
v 0.05828168 0.01200021 0.04617665 0.00000000 1.00000000 0.00000000
v 0.05778759 0.01200021 0.04663339 0.00000000 1.00000000 0.00000000
v 0.06027863 0.01350022 0.04909263 0.00000000 1.00000000 0.00000000
v 0.07029265 -0.01199974 0.10355810 0.00000000 1.00000000 0.00000000
v 0.06918323 -0.01349975 0.10023420 0.00000000 1.00000000 0.00000000
v 0.07090986 -0.01199974 0.10329020 0.00000000 1.00000000 0.00000000
v 0.07149318 -0.01199974 0.10295480 0.00000000 1.00000000 0.00000000
v 0.07090986 -0.01199974 0.10329020 0.00000000 1.00000000 0.00000000
v 0.06918323 -0.01349975 0.10023420 0.00000000 1.00000000 0.00000000
v 0.06972614 -0.01349974 0.09992120 0.00000000 1.00000000 0.00000000
v 0.06857944 0.01350025 0.10040240 0.00000000 1.00000000 0.00000000
v 0.06898790 0.01200025 0.10387910 0.00000000 1.00000000 0.00000000
v 0.06964925 0.01200026 0.10375520 0.00000000 1.00000000 0.00000000
v 0.06857944 0.01350025 0.10040240 0.00000000 1.00000000 0.00000000
v 0.06964925 0.01200026 0.10375520 0.00000000 1.00000000 0.00000000
v 0.06918313 0.01350025 0.10023420 0.00000000 1.00000000 0.00000000
v 0.06918313 0.01350025 0.10023420 0.00000000 1.00000000 0.00000000
v 0.06964925 0.01200026 0.10375520 0.00000000 1.00000000 0.00000000
v 0.07029257 0.01200026 0.10355810 0.00000000 1.00000000 0.00000000
v 0.07049913 -0.01349974 0.09894720 0.00000000 1.00000000 0.00000000
v 0.07366484 -0.01199973 0.10044090 0.00000000 1.00000000 0.00000000
v 0.07334924 -0.01199973 0.10103520 0.00000000 1.00000000 0.00000000
v 0.07049913 -0.01349974 0.09894720 0.00000000 1.00000000 0.00000000
v 0.07334924 -0.01199973 0.10103520 0.00000000 1.00000000 0.00000000
v 0.07017416 -0.01349974 0.09948310 0.00000000 1.00000000 0.00000000
v 0.07017416 -0.01349974 0.09948310 0.00000000 1.00000000 0.00000000
v 0.07334924 -0.01199973 0.10103520 0.00000000 1.00000000 0.00000000
v 0.07296924 -0.01199973 0.10159040 0.00000000 1.00000000 0.00000000
v 0.05615102 -0.01199979 0.05157607 0.00000000 1.00000000 0.00000000
v 0.05610199 -0.01199979 0.05090501 0.00000000 1.00000000 0.00000000
v 0.05960115 -0.01349978 0.05080400 0.00000000 1.00000000 0.00000000
v 0.06805126 -0.01199975 0.05003193 0.00000000 1.00000000 0.00000000
v 0.07212973 -0.00749974 0.08146340 0.00000000 1.00000000 0.00000000
v 0.07416604 -0.01199973 0.09715690 0.00000000 1.00000000 0.00000000
v 0.06795300 -0.01349975 0.10041510 0.00000000 1.00000000 0.00000000
v 0.06764460 -0.01199975 0.10390170 0.00000000 1.00000000 0.00000000
v 0.06697946 -0.01199975 0.10380020 0.00000000 1.00000000 0.00000000
v 0.06795300 -0.01349975 0.10041510 0.00000000 1.00000000 0.00000000
v 0.06697946 -0.01199975 0.10380020 0.00000000 1.00000000 0.00000000
v 0.06734299 -0.01349975 0.10027160 0.00000000 1.00000000 0.00000000
v 0.06734299 -0.01349975 0.10027160 0.00000000 1.00000000 0.00000000
v 0.06697946 -0.01199975 0.10380020 0.00000000 1.00000000 0.00000000
v 0.06632986 -0.01199976 0.10362480 0.00000000 1.00000000 0.00000000
v 0.06734299 -0.01349975 0.10027160 0.00000000 1.00000000 0.00000000
v 0.06632986 -0.01199976 0.10362480 0.00000000 1.00000000 0.00000000
v 0.06570399 -0.01199976 0.10337780 0.00000000 1.00000000 0.00000000
v 0.06734299 -0.01349975 0.10027160 0.00000000 1.00000000 0.00000000
v 0.06570399 -0.01199976 0.10337780 0.00000000 1.00000000 0.00000000
v 0.06678782 -0.01349975 0.09998090 0.00000000 1.00000000 0.00000000
v 0.06510970 -0.01199976 0.10306230 0.00000000 1.00000000 0.00000000
v 0.06734289 0.01350025 0.10027160 0.00000000 1.00000000 0.00000000
v 0.06570391 0.01200024 0.10337780 0.00000000 1.00000000 0.00000000
v 0.06632978 0.01200024 0.10362480 0.00000000 1.00000000 0.00000000
v 0.06678772 0.01350025 0.09998090 0.00000000 1.00000000 0.00000000
v 0.06570391 0.01200024 0.10337780 0.00000000 1.00000000 0.00000000
v 0.06734289 0.01350025 0.10027160 0.00000000 1.00000000 0.00000000
v 0.06510962 0.01200024 0.10306230 0.00000000 1.00000000 0.00000000
v 0.07203522 0.01200026 0.10255630 0.00000000 1.00000000 0.00000000
v 0.06972604 0.01350026 0.09992120 0.00000000 1.00000000 0.00000000
v 0.07149310 0.01200026 0.10295480 0.00000000 1.00000000 0.00000000
v 0.06972604 0.01350026 0.09992120 0.00000000 1.00000000 0.00000000
v 0.07252926 0.01200027 0.10209960 0.00000000 1.00000000 0.00000000
v 0.06972604 0.01350026 0.09992120 0.00000000 1.00000000 0.00000000
v 0.07203522 0.01200026 0.10255630 0.00000000 1.00000000 0.00000000
v 0.07252926 0.01200027 0.10209960 0.00000000 1.00000000 0.00000000
v 0.07017406 0.01350026 0.09948310 0.00000000 1.00000000 0.00000000
v 0.06972604 0.01350026 0.09992120 0.00000000 1.00000000 0.00000000
v 0.06678782 -0.01349975 0.09998090 0.00000000 1.00000000 0.00000000
v 0.06404530 -0.01199976 0.10224240 0.00000000 1.00000000 0.00000000
v 0.06632238 -0.01349976 0.09956130 0.00000000 1.00000000 0.00000000
v 0.06678772 0.01350025 0.09998090 0.00000000 1.00000000 0.00000000
v 0.06455440 0.01200024 0.10268220 0.00000000 1.00000000 0.00000000
v 0.06510962 0.01200024 0.10306230 0.00000000 1.00000000 0.00000000
v 0.06404522 0.01200024 0.10224240 0.00000000 1.00000000 0.00000000
v 0.06455440 0.01200024 0.10268220 0.00000000 1.00000000 0.00000000
v 0.06678772 0.01350025 0.09998090 0.00000000 1.00000000 0.00000000
v 0.06773020 0.01200025 0.04872726 0.00000000 1.00000000 0.00000000
v 0.06746228 0.01200025 0.04811006 0.00000000 1.00000000 0.00000000
v 0.06442549 0.01350024 0.04988369 0.00000000 1.00000000 0.00000000
v 0.06442549 0.01350024 0.04988369 0.00000000 1.00000000 0.00000000
v 0.06746228 0.01200025 0.04811006 0.00000000 1.00000000 0.00000000
v 0.06412359 0.01350024 0.04933454 0.00000000 1.00000000 0.00000000
v 0.06412359 0.01350024 0.04933454 0.00000000 1.00000000 0.00000000
v 0.06746228 0.01200025 0.04811006 0.00000000 1.00000000 0.00000000
v 0.06712694 0.01200025 0.04752673 0.00000000 1.00000000 0.00000000
v 0.06369461 0.01350023 0.04887772 0.00000000 1.00000000 0.00000000
v 0.06627167 0.01200024 0.04649053 0.00000000 1.00000000 0.00000000
v 0.06576249 0.01200024 0.04605070 0.00000000 1.00000000 0.00000000
v 0.06076148 0.01350022 0.04869318 0.00000000 1.00000000 0.00000000
v 0.06132851 0.01350023 0.04842636 0.00000000 1.00000000 0.00000000
v 0.05940712 0.01200022 0.04544278 0.00000000 1.00000000 0.00000000
v 0.06076148 0.01350022 0.04869318 0.00000000 1.00000000 0.00000000
v 0.05882379 0.01200022 0.04577812 0.00000000 1.00000000 0.00000000
v 0.05828168 0.01200021 0.04617665 0.00000000 1.00000000 0.00000000
v 0.06076148 0.01350022 0.04869318 0.00000000 1.00000000 0.00000000
v 0.05940712 0.01200022 0.04544278 0.00000000 1.00000000 0.00000000
v 0.05882379 0.01200022 0.04577812 0.00000000 1.00000000 0.00000000
v 0.05778759 0.01200021 0.04663339 0.00000000 1.00000000 0.00000000
v 0.05734776 0.01200021 0.04714257 0.00000000 1.00000000 0.00000000
v 0.06027863 0.01350022 0.04909263 0.00000000 1.00000000 0.00000000
v 0.06027863 0.01350022 0.04909263 0.00000000 1.00000000 0.00000000
v 0.05734776 0.01200021 0.04714257 0.00000000 1.00000000 0.00000000
v 0.05991028 0.01350022 0.04959962 0.00000000 1.00000000 0.00000000
v 0.05991028 0.01350022 0.04959962 0.00000000 1.00000000 0.00000000
v 0.05734776 0.01200021 0.04714257 0.00000000 1.00000000 0.00000000
v 0.05696769 0.01200021 0.04769779 0.00000000 1.00000000 0.00000000
v 0.05622984 0.01200021 0.04956754 0.00000000 1.00000000 0.00000000
v 0.05612832 0.01200021 0.05023268 0.00000000 1.00000000 0.00000000
v 0.05967959 0.01350022 0.05018227 0.00000000 1.00000000 0.00000000
v 0.05640520 0.01200021 0.04891795 0.00000000 1.00000000 0.00000000
v 0.05622984 0.01200021 0.04956754 0.00000000 1.00000000 0.00000000
v 0.05967959 0.01350022 0.05018227 0.00000000 1.00000000 0.00000000
v 0.05991028 0.01350022 0.04959962 0.00000000 1.00000000 0.00000000
v 0.05665219 0.01200021 0.04829207 0.00000000 1.00000000 0.00000000
v 0.05967959 0.01350022 0.05018227 0.00000000 1.00000000 0.00000000
v 0.05640520 0.01200021 0.04891795 0.00000000 1.00000000 0.00000000
v 0.05991028 0.01350022 0.04959962 0.00000000 1.00000000 0.00000000
v 0.05696769 0.01200021 0.04769779 0.00000000 1.00000000 0.00000000
v 0.05665219 0.01200021 0.04829207 0.00000000 1.00000000 0.00000000
v 0.06857954 -0.01349975 0.10040240 0.00000000 1.00000000 0.00000000
v 0.06964933 -0.01199974 0.10375520 0.00000000 1.00000000 0.00000000
v 0.06898798 -0.01199975 0.10387910 0.00000000 1.00000000 0.00000000
v 0.06918323 -0.01349975 0.10023420 0.00000000 1.00000000 0.00000000
v 0.06964933 -0.01199974 0.10375520 0.00000000 1.00000000 0.00000000
v 0.06857954 -0.01349975 0.10040240 0.00000000 1.00000000 0.00000000
v 0.06918323 -0.01349975 0.10023420 0.00000000 1.00000000 0.00000000
v 0.07029265 -0.01199974 0.10355810 0.00000000 1.00000000 0.00000000
v 0.06964933 -0.01199974 0.10375520 0.00000000 1.00000000 0.00000000
v 0.07049903 0.01350026 0.09894720 0.00000000 1.00000000 0.00000000
v 0.07334916 0.01200027 0.10103520 0.00000000 1.00000000 0.00000000
v 0.07366476 0.01200027 0.10044090 0.00000000 1.00000000 0.00000000
v 0.07017406 0.01350026 0.09948310 0.00000000 1.00000000 0.00000000
v 0.07334916 0.01200027 0.10103520 0.00000000 1.00000000 0.00000000
v 0.07049903 0.01350026 0.09894720 0.00000000 1.00000000 0.00000000
v 0.07296916 0.01200027 0.10159040 0.00000000 1.00000000 0.00000000
v 0.07334916 0.01200027 0.10103520 0.00000000 1.00000000 0.00000000
v 0.07017406 0.01350026 0.09948310 0.00000000 1.00000000 0.00000000
v 0.06792740 -0.01199975 0.04937058 0.00000000 1.00000000 0.00000000
v 0.06442559 -0.01349976 0.04988369 0.00000000 1.00000000 0.00000000
v 0.06773028 -0.01199975 0.04872726 0.00000000 1.00000000 0.00000000
v 0.06792740 -0.01199975 0.04937058 0.00000000 1.00000000 0.00000000
v 0.06458144 -0.01349976 0.05049067 0.00000000 1.00000000 0.00000000
v 0.06442559 -0.01349976 0.04988369 0.00000000 1.00000000 0.00000000
v 0.06369471 -0.01349977 0.04887772 0.00000000 1.00000000 0.00000000
v 0.06316560 -0.01349977 0.04854193 0.00000000 1.00000000 0.00000000
v 0.06520735 -0.01199976 0.04567063 0.00000000 1.00000000 0.00000000
v 0.06256950 0.01350023 0.04834828 0.00000000 1.00000000 0.00000000
v 0.06333752 0.01200023 0.04493278 0.00000000 1.00000000 0.00000000
v 0.06267237 0.01200023 0.04483126 0.00000000 1.00000000 0.00000000
v 0.05967969 -0.01349978 0.05018227 0.00000000 1.00000000 0.00000000
v 0.05665227 -0.01199979 0.04829207 0.00000000 1.00000000 0.00000000
v 0.05991038 -0.01349978 0.04959962 0.00000000 1.00000000 0.00000000
v 0.05991038 -0.01349978 0.04959962 0.00000000 1.00000000 0.00000000
v 0.05665227 -0.01199979 0.04829207 0.00000000 1.00000000 0.00000000
v 0.05696777 -0.01199979 0.04769779 0.00000000 1.00000000 0.00000000
v 0.05610199 -0.01199979 0.05090501 0.00000000 1.00000000 0.00000000
v 0.05612840 -0.01199979 0.05023268 0.00000000 1.00000000 0.00000000
v 0.05960115 -0.01349978 0.05080400 0.00000000 1.00000000 0.00000000
v 0.05960115 -0.01349978 0.05080400 0.00000000 1.00000000 0.00000000
v 0.05612840 -0.01199979 0.05023268 0.00000000 1.00000000 0.00000000
v 0.05967969 -0.01349978 0.05018227 0.00000000 1.00000000 0.00000000
v 0.05967969 -0.01349978 0.05018227 0.00000000 1.00000000 0.00000000
v 0.05612840 -0.01199979 0.05023268 0.00000000 1.00000000 0.00000000
v 0.05622992 -0.01199979 0.04956754 0.00000000 1.00000000 0.00000000
v 0.06066772 -0.01199978 0.04497774 0.00000000 1.00000000 0.00000000
v 0.06194417 -0.01349977 0.04830893 0.00000000 1.00000000 0.00000000
v 0.06132861 -0.01349977 0.04842636 0.00000000 1.00000000 0.00000000
v 0.06002440 -0.01199978 0.04517486 0.00000000 1.00000000 0.00000000
v 0.06066772 -0.01199978 0.04497774 0.00000000 1.00000000 0.00000000
v 0.06132861 -0.01349977 0.04842636 0.00000000 1.00000000 0.00000000
v 0.07408706 0.01200027 0.09916540 0.00000000 1.00000000 0.00000000
v 0.07418856 0.01200027 0.09850030 0.00000000 1.00000000 0.00000000
v 0.07068055 0.01350026 0.09834740 0.00000000 1.00000000 0.00000000
v 0.07068055 0.01350026 0.09834740 0.00000000 1.00000000 0.00000000
v 0.07418856 0.01200027 0.09850030 0.00000000 1.00000000 0.00000000
v 0.07070719 0.01350026 0.09772140 0.00000000 1.00000000 0.00000000
v 0.07421496 0.01200027 0.09782790 0.00000000 1.00000000 0.00000000
v 0.07068065 -0.01349974 0.09834740 0.00000000 1.00000000 0.00000000
v 0.07418864 -0.01199973 0.09850030 0.00000000 1.00000000 0.00000000
v 0.07408714 -0.01199973 0.09916540 0.00000000 1.00000000 0.00000000
v 0.07070729 -0.01349974 0.09772140 0.00000000 1.00000000 0.00000000
v 0.07418864 -0.01199973 0.09850030 0.00000000 1.00000000 0.00000000
v 0.07068065 -0.01349974 0.09834740 0.00000000 1.00000000 0.00000000
v 0.07421504 -0.01199973 0.09782790 0.00000000 1.00000000 0.00000000
v 0.06577012 0.01350024 0.09844710 0.00000000 1.00000000 0.00000000
v 0.06226571 0.01200023 0.09870100 0.00000000 1.00000000 0.00000000
v 0.06238957 0.01200023 0.09936230 0.00000000 1.00000000 0.00000000
v 0.06258670 0.01200023 0.10000570 0.00000000 1.00000000 0.00000000
v 0.06577012 0.01350024 0.09844710 0.00000000 1.00000000 0.00000000
v 0.06238957 0.01200023 0.09936230 0.00000000 1.00000000 0.00000000
v 0.06258670 0.01200023 0.10000570 0.00000000 1.00000000 0.00000000
v 0.06597583 0.01350024 0.09903910 0.00000000 1.00000000 0.00000000
v 0.06577012 0.01350024 0.09844710 0.00000000 1.00000000 0.00000000
v 0.06597583 0.01350024 0.09903910 0.00000000 1.00000000 0.00000000
v 0.06318995 0.01200023 0.10120620 0.00000000 1.00000000 0.00000000
v 0.06632228 0.01350024 0.09956130 0.00000000 1.00000000 0.00000000
v 0.06510970 -0.01199976 0.10306230 0.00000000 1.00000000 0.00000000
v 0.06455448 -0.01199976 0.10268220 0.00000000 1.00000000 0.00000000
v 0.06678782 -0.01349975 0.09998090 0.00000000 1.00000000 0.00000000
v 0.06404530 -0.01199976 0.10224240 0.00000000 1.00000000 0.00000000
v 0.06678782 -0.01349975 0.09998090 0.00000000 1.00000000 0.00000000
v 0.06455448 -0.01199976 0.10268220 0.00000000 1.00000000 0.00000000
v 0.06369461 0.01350023 0.04887772 0.00000000 1.00000000 0.00000000
v 0.06520727 0.01200024 0.04567063 0.00000000 1.00000000 0.00000000
v 0.06316550 0.01350023 0.04854193 0.00000000 1.00000000 0.00000000
v 0.06576249 0.01200024 0.04605070 0.00000000 1.00000000 0.00000000
v 0.06520727 0.01200024 0.04567063 0.00000000 1.00000000 0.00000000
v 0.06369461 0.01350023 0.04887772 0.00000000 1.00000000 0.00000000
v 0.06520727 0.01200024 0.04567063 0.00000000 1.00000000 0.00000000
v 0.06461299 0.01200024 0.04535513 0.00000000 1.00000000 0.00000000
v 0.06316550 0.01350023 0.04854193 0.00000000 1.00000000 0.00000000
v 0.06194407 0.01350023 0.04830893 0.00000000 1.00000000 0.00000000
v 0.06066764 0.01200022 0.04497774 0.00000000 1.00000000 0.00000000
v 0.06132851 0.01350023 0.04842636 0.00000000 1.00000000 0.00000000
v 0.06132899 0.01200023 0.04485388 0.00000000 1.00000000 0.00000000
v 0.06672849 -0.01199975 0.04698462 0.00000000 1.00000000 0.00000000
v 0.06712702 -0.01199975 0.04752673 0.00000000 1.00000000 0.00000000
v 0.06412369 -0.01349976 0.04933454 0.00000000 1.00000000 0.00000000
v 0.06369471 -0.01349977 0.04887772 0.00000000 1.00000000 0.00000000
v 0.06627175 -0.01199976 0.04649053 0.00000000 1.00000000 0.00000000
v 0.06412369 -0.01349976 0.04933454 0.00000000 1.00000000 0.00000000
v 0.06672849 -0.01199975 0.04698462 0.00000000 1.00000000 0.00000000
v 0.06316550 0.01350023 0.04854193 0.00000000 1.00000000 0.00000000
v 0.06398711 0.01200024 0.04510814 0.00000000 1.00000000 0.00000000
v 0.06256950 0.01350023 0.04834828 0.00000000 1.00000000 0.00000000
v 0.06398711 0.01200024 0.04510814 0.00000000 1.00000000 0.00000000
v 0.06333752 0.01200023 0.04493278 0.00000000 1.00000000 0.00000000
v 0.06256950 0.01350023 0.04834828 0.00000000 1.00000000 0.00000000
v 0.06461299 0.01200024 0.04535513 0.00000000 1.00000000 0.00000000
v 0.06398711 0.01200024 0.04510814 0.00000000 1.00000000 0.00000000
v 0.06316550 0.01350023 0.04854193 0.00000000 1.00000000 0.00000000
v 0.05967969 -0.01349978 0.05018227 0.00000000 1.00000000 0.00000000
v 0.05622992 -0.01199979 0.04956754 0.00000000 1.00000000 0.00000000
v 0.05640528 -0.01199979 0.04891795 0.00000000 1.00000000 0.00000000
v 0.05640528 -0.01199979 0.04891795 0.00000000 1.00000000 0.00000000
v 0.06267246 -0.01199977 0.04483126 0.00000000 1.00000000 0.00000000
v 0.06256960 -0.01349977 0.04834828 0.00000000 1.00000000 0.00000000
v 0.06194417 -0.01349977 0.04830893 0.00000000 1.00000000 0.00000000
v 0.06398719 -0.01199976 0.04510814 0.00000000 1.00000000 0.00000000
v 0.06316560 -0.01349977 0.04854193 0.00000000 1.00000000 0.00000000
v 0.06256960 -0.01349977 0.04834828 0.00000000 1.00000000 0.00000000
v 0.06132908 -0.01199977 0.04485388 0.00000000 1.00000000 0.00000000
v 0.06316560 -0.01349977 0.04854193 0.00000000 1.00000000 0.00000000
v 0.06461307 -0.01199976 0.04535513 0.00000000 1.00000000 0.00000000
v 0.06520735 -0.01199976 0.04567063 0.00000000 1.00000000 0.00000000
v 0.06398719 -0.01199976 0.04510814 0.00000000 1.00000000 0.00000000
v 0.06461307 -0.01199976 0.04535513 0.00000000 1.00000000 0.00000000
v 0.06316560 -0.01349977 0.04854193 0.00000000 1.00000000 0.00000000
v 0.06076158 -0.01349978 0.04869318 0.00000000 1.00000000 0.00000000
v 0.05940720 -0.01199978 0.04544278 0.00000000 1.00000000 0.00000000
v 0.06132861 -0.01349977 0.04842636 0.00000000 1.00000000 0.00000000
v 0.05940720 -0.01199978 0.04544278 0.00000000 1.00000000 0.00000000
v 0.06002440 -0.01199978 0.04517486 0.00000000 1.00000000 0.00000000
v 0.06132861 -0.01349977 0.04842636 0.00000000 1.00000000 0.00000000
v 0.06076158 -0.01349978 0.04869318 0.00000000 1.00000000 0.00000000
v 0.05882387 -0.01199978 0.04577812 0.00000000 1.00000000 0.00000000
v 0.05940720 -0.01199978 0.04544278 0.00000000 1.00000000 0.00000000
v 0.06027873 -0.01349978 0.04909263 0.00000000 1.00000000 0.00000000
v 0.05734784 -0.01199979 0.04714257 0.00000000 1.00000000 0.00000000
v 0.05778767 -0.01199979 0.04663339 0.00000000 1.00000000 0.00000000
v 0.05991038 -0.01349978 0.04959962 0.00000000 1.00000000 0.00000000
v 0.05734784 -0.01199979 0.04714257 0.00000000 1.00000000 0.00000000
v 0.06027873 -0.01349978 0.04909263 0.00000000 1.00000000 0.00000000
v 0.05991038 -0.01349978 0.04959962 0.00000000 1.00000000 0.00000000
v 0.05696777 -0.01199979 0.04769779 0.00000000 1.00000000 0.00000000
v 0.05734784 -0.01199979 0.04714257 0.00000000 1.00000000 0.00000000
v 0.06027873 -0.01349978 0.04909263 0.00000000 1.00000000 0.00000000
v 0.05828176 -0.01199979 0.04617665 0.00000000 1.00000000 0.00000000
v 0.06076158 -0.01349978 0.04869318 0.00000000 1.00000000 0.00000000
v 0.05778767 -0.01199979 0.04663339 0.00000000 1.00000000 0.00000000
v 0.05828176 -0.01199979 0.04617665 0.00000000 1.00000000 0.00000000
v 0.06027873 -0.01349978 0.04909263 0.00000000 1.00000000 0.00000000
v 0.06076158 -0.01349978 0.04869318 0.00000000 1.00000000 0.00000000
v 0.05828176 -0.01199979 0.04617665 0.00000000 1.00000000 0.00000000
v 0.05882387 -0.01199978 0.04577812 0.00000000 1.00000000 0.00000000
v 0.07049903 0.01350026 0.09894720 0.00000000 1.00000000 0.00000000
v 0.07366476 0.01200027 0.10044090 0.00000000 1.00000000 0.00000000
v 0.07391166 0.01200027 0.09981500 0.00000000 1.00000000 0.00000000
v 0.07049903 0.01350026 0.09894720 0.00000000 1.00000000 0.00000000
v 0.07391166 0.01200027 0.09981500 0.00000000 1.00000000 0.00000000
v 0.07068055 0.01350026 0.09834740 0.00000000 1.00000000 0.00000000
v 0.07391166 0.01200027 0.09981500 0.00000000 1.00000000 0.00000000
v 0.07408706 0.01200027 0.09916540 0.00000000 1.00000000 0.00000000
v 0.07068055 0.01350026 0.09834740 0.00000000 1.00000000 0.00000000
v 0.07049913 -0.01349974 0.09894720 0.00000000 1.00000000 0.00000000
v 0.07391174 -0.01199973 0.09981500 0.00000000 1.00000000 0.00000000
v 0.07366484 -0.01199973 0.10044090 0.00000000 1.00000000 0.00000000
v 0.07068065 -0.01349974 0.09834740 0.00000000 1.00000000 0.00000000
v 0.07391174 -0.01199973 0.09981500 0.00000000 1.00000000 0.00000000
v 0.07049913 -0.01349974 0.09894720 0.00000000 1.00000000 0.00000000
v 0.07408714 -0.01199973 0.09916540 0.00000000 1.00000000 0.00000000
v 0.07391174 -0.01199973 0.09981500 0.00000000 1.00000000 0.00000000
v 0.07068065 -0.01349974 0.09834740 0.00000000 1.00000000 0.00000000
v 0.06597583 0.01350024 0.09903910 0.00000000 1.00000000 0.00000000
v 0.06285461 0.01200023 0.10062290 0.00000000 1.00000000 0.00000000
v 0.06318995 0.01200023 0.10120620 0.00000000 1.00000000 0.00000000
v 0.06597583 0.01350024 0.09903910 0.00000000 1.00000000 0.00000000
v 0.06258670 0.01200023 0.10000570 0.00000000 1.00000000 0.00000000
v 0.06285461 0.01200023 0.10062290 0.00000000 1.00000000 0.00000000
v 0.06318995 0.01200023 0.10120620 0.00000000 1.00000000 0.00000000
v 0.06358849 0.01200023 0.10174830 0.00000000 1.00000000 0.00000000
v 0.06632228 0.01350024 0.09956130 0.00000000 1.00000000 0.00000000
v 0.06632228 0.01350024 0.09956130 0.00000000 1.00000000 0.00000000
v 0.06358849 0.01200023 0.10174830 0.00000000 1.00000000 0.00000000
v 0.06404522 0.01200024 0.10224240 0.00000000 1.00000000 0.00000000
v 0.06632238 -0.01349976 0.09956130 0.00000000 1.00000000 0.00000000
v 0.06358857 -0.01199977 0.10174830 0.00000000 1.00000000 0.00000000
v 0.06319003 -0.01199977 0.10120620 0.00000000 1.00000000 0.00000000
v 0.06404530 -0.01199976 0.10224240 0.00000000 1.00000000 0.00000000
v 0.06358857 -0.01199977 0.10174830 0.00000000 1.00000000 0.00000000
v 0.06632238 -0.01349976 0.09956130 0.00000000 1.00000000 0.00000000
v 0.06132851 0.01350023 0.04842636 0.00000000 1.00000000 0.00000000
v 0.06002432 0.01200022 0.04517486 0.00000000 1.00000000 0.00000000
v 0.05940712 0.01200022 0.04544278 0.00000000 1.00000000 0.00000000
v 0.06066764 0.01200022 0.04497774 0.00000000 1.00000000 0.00000000
v 0.06002432 0.01200022 0.04517486 0.00000000 1.00000000 0.00000000
v 0.06132851 0.01350023 0.04842636 0.00000000 1.00000000 0.00000000
v 0.06442559 -0.01349976 0.04988369 0.00000000 1.00000000 0.00000000
v 0.06746236 -0.01199975 0.04811006 0.00000000 1.00000000 0.00000000
v 0.06773028 -0.01199975 0.04872726 0.00000000 1.00000000 0.00000000
v 0.06412369 -0.01349976 0.04933454 0.00000000 1.00000000 0.00000000
v 0.06746236 -0.01199975 0.04811006 0.00000000 1.00000000 0.00000000
v 0.06442559 -0.01349976 0.04988369 0.00000000 1.00000000 0.00000000
v 0.06712702 -0.01199975 0.04752673 0.00000000 1.00000000 0.00000000
v 0.06746236 -0.01199975 0.04811006 0.00000000 1.00000000 0.00000000
v 0.06412369 -0.01349976 0.04933454 0.00000000 1.00000000 0.00000000
v 0.06369471 -0.01349977 0.04887772 0.00000000 1.00000000 0.00000000
v 0.06520735 -0.01199976 0.04567063 0.00000000 1.00000000 0.00000000
v 0.06576257 -0.01199976 0.04605070 0.00000000 1.00000000 0.00000000
v 0.06576257 -0.01199976 0.04605070 0.00000000 1.00000000 0.00000000
v 0.06627175 -0.01199976 0.04649053 0.00000000 1.00000000 0.00000000
v 0.06369471 -0.01349977 0.04887772 0.00000000 1.00000000 0.00000000
v 0.06333760 -0.01199977 0.04493278 0.00000000 1.00000000 0.00000000
v 0.06256960 -0.01349977 0.04834828 0.00000000 1.00000000 0.00000000
v 0.06267246 -0.01199977 0.04483126 0.00000000 1.00000000 0.00000000
v 0.06256960 -0.01349977 0.04834828 0.00000000 1.00000000 0.00000000
v 0.06333760 -0.01199977 0.04493278 0.00000000 1.00000000 0.00000000
v 0.06398719 -0.01199976 0.04510814 0.00000000 1.00000000 0.00000000
v 0.06200013 -0.01199977 0.04480485 0.00000000 1.00000000 0.00000000
v 0.06132908 -0.01199977 0.04485388 0.00000000 1.00000000 0.00000000
v 0.06200013 -0.01199977 0.04480485 0.00000000 1.00000000 0.00000000
v 0.06194417 -0.01349977 0.04830893 0.00000000 1.00000000 0.00000000
v 0.06200004 0.01200023 0.04480485 0.00000000 1.00000000 0.00000000
v 0.06132899 0.01200023 0.04485388 0.00000000 1.00000000 0.00000000
v 0.06194407 0.01350023 0.04830893 0.00000000 1.00000000 0.00000000
v 0.06200004 0.01200023 0.04480485 0.00000000 1.00000000 0.00000000
v 0.07421496 0.01200027 0.09782790 0.00000000 1.00000000 0.00000000
v 0.07416604 -0.01199973 0.09715690 0.00000000 1.00000000 0.00000000
v 0.07416596 0.01200027 0.09715690 0.00000000 1.00000000 0.00000000
v 0.07421504 -0.01199973 0.09782790 0.00000000 1.00000000 0.00000000
v 0.06792740 -0.01199975 0.04937058 0.00000000 1.00000000 0.00000000
v 0.06792732 0.01200025 0.04937058 0.00000000 1.00000000 0.00000000
v 0.06805126 -0.01199975 0.05003193 0.00000000 1.00000000 0.00000000
v 0.06805118 0.01200025 0.05003193 0.00000000 1.00000000 0.00000000
v 0.06792740 -0.01199975 0.04937058 0.00000000 1.00000000 0.00000000
v 0.06773020 0.01200025 0.04872726 0.00000000 1.00000000 0.00000000
v 0.06792732 0.01200025 0.04937058 0.00000000 1.00000000 0.00000000
v 0.06773028 -0.01199975 0.04872726 0.00000000 1.00000000 0.00000000
v 0.07090978 0.01200026 0.10329020 0.00000000 1.00000000 0.00000000
v 0.07029257 0.01200026 0.10355810 0.00000000 1.00000000 0.00000000
v 0.07029265 -0.01199974 0.10355810 0.00000000 1.00000000 0.00000000
v 0.07090986 -0.01199974 0.10329020 0.00000000 1.00000000 0.00000000
v 0.07296916 0.01200027 0.10159040 0.00000000 1.00000000 0.00000000
v 0.07252934 -0.01199973 0.10209960 0.00000000 1.00000000 0.00000000
v 0.07296924 -0.01199973 0.10159040 0.00000000 1.00000000 0.00000000
v 0.07252926 0.01200027 0.10209960 0.00000000 1.00000000 0.00000000
v 0.07203522 0.01200026 0.10255630 0.00000000 1.00000000 0.00000000
v 0.07252934 -0.01199973 0.10209960 0.00000000 1.00000000 0.00000000
v 0.07252926 0.01200027 0.10209960 0.00000000 1.00000000 0.00000000
v 0.07203530 -0.01199974 0.10255630 0.00000000 1.00000000 0.00000000
v 0.06764460 -0.01199975 0.10390170 0.00000000 1.00000000 0.00000000
v 0.06831693 -0.01199975 0.10392810 0.00000000 1.00000000 0.00000000
v 0.06764452 0.01200025 0.10390170 0.00000000 1.00000000 0.00000000
v 0.06831685 0.01200025 0.10392810 0.00000000 1.00000000 0.00000000
v 0.06898798 -0.01199975 0.10387910 0.00000000 1.00000000 0.00000000
v 0.06898790 0.01200025 0.10387910 0.00000000 1.00000000 0.00000000
v 0.06831693 -0.01199975 0.10392810 0.00000000 1.00000000 0.00000000
v 0.06831685 0.01200025 0.10392810 0.00000000 1.00000000 0.00000000
v 0.07090978 0.01200026 0.10329020 0.00000000 1.00000000 0.00000000
v 0.07090986 -0.01199974 0.10329020 0.00000000 1.00000000 0.00000000
v 0.07149318 -0.01199974 0.10295480 0.00000000 1.00000000 0.00000000
v 0.07149310 0.01200026 0.10295480 0.00000000 1.00000000 0.00000000
v 0.07203522 0.01200026 0.10255630 0.00000000 1.00000000 0.00000000
v 0.07149318 -0.01199974 0.10295480 0.00000000 1.00000000 0.00000000
v 0.07203530 -0.01199974 0.10255630 0.00000000 1.00000000 0.00000000
v 0.07149310 0.01200026 0.10295480 0.00000000 1.00000000 0.00000000
v 0.05615094 0.01200021 0.05157607 0.00000000 1.00000000 0.00000000
v 0.05610191 0.01200021 0.05090501 0.00000000 1.00000000 0.00000000
v 0.05610199 -0.01199979 0.05090501 0.00000000 1.00000000 0.00000000
v 0.05615102 -0.01199979 0.05157607 0.00000000 1.00000000 0.00000000
v 0.06764452 0.01200025 0.10390170 0.00000000 1.00000000 0.00000000
v 0.06697946 -0.01199975 0.10380020 0.00000000 1.00000000 0.00000000
v 0.06764460 -0.01199975 0.10390170 0.00000000 1.00000000 0.00000000
v 0.06697938 0.01200025 0.10380020 0.00000000 1.00000000 0.00000000
v 0.06632978 0.01200024 0.10362480 0.00000000 1.00000000 0.00000000
v 0.06632986 -0.01199976 0.10362480 0.00000000 1.00000000 0.00000000
v 0.06697946 -0.01199975 0.10380020 0.00000000 1.00000000 0.00000000
v 0.06697938 0.01200025 0.10380020 0.00000000 1.00000000 0.00000000
v 0.06510970 -0.01199976 0.10306230 0.00000000 1.00000000 0.00000000
v 0.06570391 0.01200024 0.10337780 0.00000000 1.00000000 0.00000000
v 0.06510962 0.01200024 0.10306230 0.00000000 1.00000000 0.00000000
v 0.06570399 -0.01199976 0.10337780 0.00000000 1.00000000 0.00000000
v 0.06632978 0.01200024 0.10362480 0.00000000 1.00000000 0.00000000
v 0.06570391 0.01200024 0.10337780 0.00000000 1.00000000 0.00000000
v 0.06632986 -0.01199976 0.10362480 0.00000000 1.00000000 0.00000000
v 0.06570399 -0.01199976 0.10337780 0.00000000 1.00000000 0.00000000
v 0.06898798 -0.01199975 0.10387910 0.00000000 1.00000000 0.00000000
v 0.06964933 -0.01199974 0.10375520 0.00000000 1.00000000 0.00000000
v 0.06898790 0.01200025 0.10387910 0.00000000 1.00000000 0.00000000
v 0.06964925 0.01200026 0.10375520 0.00000000 1.00000000 0.00000000
v 0.07029265 -0.01199974 0.10355810 0.00000000 1.00000000 0.00000000
v 0.07029257 0.01200026 0.10355810 0.00000000 1.00000000 0.00000000
v 0.06964933 -0.01199974 0.10375520 0.00000000 1.00000000 0.00000000
v 0.06964925 0.01200026 0.10375520 0.00000000 1.00000000 0.00000000
v 0.07334916 0.01200027 0.10103520 0.00000000 1.00000000 0.00000000
v 0.07366484 -0.01199973 0.10044090 0.00000000 1.00000000 0.00000000
v 0.07366476 0.01200027 0.10044090 0.00000000 1.00000000 0.00000000
v 0.07334924 -0.01199973 0.10103520 0.00000000 1.00000000 0.00000000
v 0.07296924 -0.01199973 0.10159040 0.00000000 1.00000000 0.00000000
v 0.07334916 0.01200027 0.10103520 0.00000000 1.00000000 0.00000000
v 0.07296916 0.01200027 0.10159040 0.00000000 1.00000000 0.00000000
v 0.07334924 -0.01199973 0.10103520 0.00000000 1.00000000 0.00000000
v 0.05696777 -0.01199979 0.04769779 0.00000000 1.00000000 0.00000000
v 0.05665227 -0.01199979 0.04829207 0.00000000 1.00000000 0.00000000
v 0.05696769 0.01200021 0.04769779 0.00000000 1.00000000 0.00000000
v 0.05665219 0.01200021 0.04829207 0.00000000 1.00000000 0.00000000
v 0.05622992 -0.01199979 0.04956754 0.00000000 1.00000000 0.00000000
v 0.05612840 -0.01199979 0.05023268 0.00000000 1.00000000 0.00000000
v 0.05622984 0.01200021 0.04956754 0.00000000 1.00000000 0.00000000
v 0.05612832 0.01200021 0.05023268 0.00000000 1.00000000 0.00000000
v 0.05612840 -0.01199979 0.05023268 0.00000000 1.00000000 0.00000000
v 0.05610199 -0.01199979 0.05090501 0.00000000 1.00000000 0.00000000
v 0.05610191 0.01200021 0.05090501 0.00000000 1.00000000 0.00000000
v 0.05612832 0.01200021 0.05023268 0.00000000 1.00000000 0.00000000
v 0.07408714 -0.01199973 0.09916540 0.00000000 1.00000000 0.00000000
v 0.07418864 -0.01199973 0.09850030 0.00000000 1.00000000 0.00000000
v 0.07408706 0.01200027 0.09916540 0.00000000 1.00000000 0.00000000
v 0.07418856 0.01200027 0.09850030 0.00000000 1.00000000 0.00000000
v 0.07421496 0.01200027 0.09782790 0.00000000 1.00000000 0.00000000
v 0.07418864 -0.01199973 0.09850030 0.00000000 1.00000000 0.00000000
v 0.07421504 -0.01199973 0.09782790 0.00000000 1.00000000 0.00000000
v 0.07418856 0.01200027 0.09850030 0.00000000 1.00000000 0.00000000
v 0.06238957 0.01200023 0.09936230 0.00000000 1.00000000 0.00000000
v 0.06238966 -0.01199977 0.09936230 0.00000000 1.00000000 0.00000000
v 0.06258678 -0.01199977 0.10000570 0.00000000 1.00000000 0.00000000
v 0.06258670 0.01200023 0.10000570 0.00000000 1.00000000 0.00000000
v 0.06226571 0.01200023 0.09870100 0.00000000 1.00000000 0.00000000
v 0.06226580 -0.01199977 0.09870100 0.00000000 1.00000000 0.00000000
v 0.06238957 0.01200023 0.09936230 0.00000000 1.00000000 0.00000000
v 0.06238966 -0.01199977 0.09936230 0.00000000 1.00000000 0.00000000
v 0.05967959 0.01350022 0.05018227 0.00000000 1.00000000 0.00000000
v 0.05960105 0.01350022 0.05080400 0.00000000 1.00000000 0.00000000
v 0.06597583 0.01350024 0.09903910 0.00000000 1.00000000 0.00000000
v 0.07070719 0.01350026 0.09772140 0.00000000 1.00000000 0.00000000
v 0.06458134 0.01350024 0.05049067 0.00000000 1.00000000 0.00000000
v 0.06918313 0.01350025 0.10023420 0.00000000 1.00000000 0.00000000
v 0.06857944 0.01350025 0.10040240 0.00000000 1.00000000 0.00000000
v 0.05967959 0.01350022 0.05142573 0.00000000 1.00000000 0.00000000
v 0.06442549 0.01350024 0.04988369 0.00000000 1.00000000 0.00000000
v 0.06412359 0.01350024 0.04933454 0.00000000 1.00000000 0.00000000
v 0.06256950 0.01350023 0.04834828 0.00000000 1.00000000 0.00000000
v 0.06194407 0.01350023 0.04830893 0.00000000 1.00000000 0.00000000
v 0.07068055 0.01350026 0.09834740 0.00000000 1.00000000 0.00000000
v 0.06369461 0.01350023 0.04887772 0.00000000 1.00000000 0.00000000
v 0.06972604 0.01350026 0.09992120 0.00000000 1.00000000 0.00000000
v 0.06132851 0.01350023 0.04842636 0.00000000 1.00000000 0.00000000
v 0.06076148 0.01350022 0.04869318 0.00000000 1.00000000 0.00000000
v 0.06678772 0.01350025 0.09998090 0.00000000 1.00000000 0.00000000
v 0.06632228 0.01350024 0.09956130 0.00000000 1.00000000 0.00000000
v 0.06577012 0.01350024 0.09844710 0.00000000 1.00000000 0.00000000
v 0.06795290 0.01350025 0.10041510 0.00000000 1.00000000 0.00000000
v 0.06316550 0.01350023 0.04854193 0.00000000 1.00000000 0.00000000
v 0.05991028 0.01350022 0.04959962 0.00000000 1.00000000 0.00000000
v 0.06734289 0.01350025 0.10027160 0.00000000 1.00000000 0.00000000
v 0.07049903 0.01350026 0.09894720 0.00000000 1.00000000 0.00000000
v 0.06027863 0.01350022 0.04909263 0.00000000 1.00000000 0.00000000
v 0.07017406 0.01350026 0.09948310 0.00000000 1.00000000 0.00000000
v 0.06510962 0.01200024 0.10306230 0.00000000 1.00000000 0.00000000
v 0.06455448 -0.01199976 0.10268220 0.00000000 1.00000000 0.00000000
v 0.06510970 -0.01199976 0.10306230 0.00000000 1.00000000 0.00000000
v 0.06455440 0.01200024 0.10268220 0.00000000 1.00000000 0.00000000
v 0.06404530 -0.01199976 0.10224240 0.00000000 1.00000000 0.00000000
v 0.06455448 -0.01199976 0.10268220 0.00000000 1.00000000 0.00000000
v 0.06404522 0.01200024 0.10224240 0.00000000 1.00000000 0.00000000
v 0.06455440 0.01200024 0.10268220 0.00000000 1.00000000 0.00000000
v 0.06672841 0.01200025 0.04698462 0.00000000 1.00000000 0.00000000
v 0.06712694 0.01200025 0.04752673 0.00000000 1.00000000 0.00000000
v 0.06712702 -0.01199975 0.04752673 0.00000000 1.00000000 0.00000000
v 0.06672849 -0.01199975 0.04698462 0.00000000 1.00000000 0.00000000
v 0.06672849 -0.01199975 0.04698462 0.00000000 1.00000000 0.00000000
v 0.06627175 -0.01199976 0.04649053 0.00000000 1.00000000 0.00000000
v 0.06672841 0.01200025 0.04698462 0.00000000 1.00000000 0.00000000
v 0.06627167 0.01200024 0.04649053 0.00000000 1.00000000 0.00000000
v 0.05622984 0.01200021 0.04956754 0.00000000 1.00000000 0.00000000
v 0.05640528 -0.01199979 0.04891795 0.00000000 1.00000000 0.00000000
v 0.05622992 -0.01199979 0.04956754 0.00000000 1.00000000 0.00000000
v 0.05640520 0.01200021 0.04891795 0.00000000 1.00000000 0.00000000
v 0.05665227 -0.01199979 0.04829207 0.00000000 1.00000000 0.00000000
v 0.05640528 -0.01199979 0.04891795 0.00000000 1.00000000 0.00000000
v 0.05665219 0.01200021 0.04829207 0.00000000 1.00000000 0.00000000
v 0.05640520 0.01200021 0.04891795 0.00000000 1.00000000 0.00000000
v 0.05967969 -0.01349978 0.05142573 0.00000000 1.00000000 0.00000000
v 0.06256960 -0.01349977 0.04834828 0.00000000 1.00000000 0.00000000
v 0.06577022 -0.01349976 0.09844710 0.00000000 1.00000000 0.00000000
v 0.06632238 -0.01349976 0.09956130 0.00000000 1.00000000 0.00000000
v 0.06597593 -0.01349976 0.09903910 0.00000000 1.00000000 0.00000000
v 0.06795300 -0.01349975 0.10041510 0.00000000 1.00000000 0.00000000
v 0.06857954 -0.01349975 0.10040240 0.00000000 1.00000000 0.00000000
v 0.07070729 -0.01349974 0.09772140 0.00000000 1.00000000 0.00000000
v 0.06458144 -0.01349976 0.05049067 0.00000000 1.00000000 0.00000000
v 0.05991038 -0.01349978 0.04959962 0.00000000 1.00000000 0.00000000
v 0.05967969 -0.01349978 0.05018227 0.00000000 1.00000000 0.00000000
v 0.05960115 -0.01349978 0.05080400 0.00000000 1.00000000 0.00000000
v 0.06734299 -0.01349975 0.10027160 0.00000000 1.00000000 0.00000000
v 0.07068065 -0.01349974 0.09834740 0.00000000 1.00000000 0.00000000
v 0.06076158 -0.01349978 0.04869318 0.00000000 1.00000000 0.00000000
v 0.06027873 -0.01349978 0.04909263 0.00000000 1.00000000 0.00000000
v 0.07049913 -0.01349974 0.09894720 0.00000000 1.00000000 0.00000000
v 0.06972614 -0.01349974 0.09992120 0.00000000 1.00000000 0.00000000
v 0.07017416 -0.01349974 0.09948310 0.00000000 1.00000000 0.00000000
v 0.06678782 -0.01349975 0.09998090 0.00000000 1.00000000 0.00000000
v 0.06918323 -0.01349975 0.10023420 0.00000000 1.00000000 0.00000000
v 0.06442559 -0.01349976 0.04988369 0.00000000 1.00000000 0.00000000
v 0.06412369 -0.01349976 0.04933454 0.00000000 1.00000000 0.00000000
v 0.06369471 -0.01349977 0.04887772 0.00000000 1.00000000 0.00000000
v 0.06316560 -0.01349977 0.04854193 0.00000000 1.00000000 0.00000000
v 0.06194417 -0.01349977 0.04830893 0.00000000 1.00000000 0.00000000
v 0.06132861 -0.01349977 0.04842636 0.00000000 1.00000000 0.00000000
v 0.06066764 0.01200022 0.04497774 0.00000000 1.00000000 0.00000000
v 0.06132908 -0.01199977 0.04485388 0.00000000 1.00000000 0.00000000
v 0.06066772 -0.01199978 0.04497774 0.00000000 1.00000000 0.00000000
v 0.06132899 0.01200023 0.04485388 0.00000000 1.00000000 0.00000000
v 0.06398711 0.01200024 0.04510814 0.00000000 1.00000000 0.00000000
v 0.06461307 -0.01199976 0.04535513 0.00000000 1.00000000 0.00000000
v 0.06398719 -0.01199976 0.04510814 0.00000000 1.00000000 0.00000000
v 0.06461299 0.01200024 0.04535513 0.00000000 1.00000000 0.00000000
v 0.06520735 -0.01199976 0.04567063 0.00000000 1.00000000 0.00000000
v 0.06461307 -0.01199976 0.04535513 0.00000000 1.00000000 0.00000000
v 0.06520727 0.01200024 0.04567063 0.00000000 1.00000000 0.00000000
v 0.06461299 0.01200024 0.04535513 0.00000000 1.00000000 0.00000000
v 0.05882379 0.01200022 0.04577812 0.00000000 1.00000000 0.00000000
v 0.05940720 -0.01199978 0.04544278 0.00000000 1.00000000 0.00000000
v 0.05882387 -0.01199978 0.04577812 0.00000000 1.00000000 0.00000000
v 0.05940712 0.01200022 0.04544278 0.00000000 1.00000000 0.00000000
v 0.05778767 -0.01199979 0.04663339 0.00000000 1.00000000 0.00000000
v 0.05734784 -0.01199979 0.04714257 0.00000000 1.00000000 0.00000000
v 0.05778759 0.01200021 0.04663339 0.00000000 1.00000000 0.00000000
v 0.05734776 0.01200021 0.04714257 0.00000000 1.00000000 0.00000000
v 0.05696769 0.01200021 0.04769779 0.00000000 1.00000000 0.00000000
v 0.05734784 -0.01199979 0.04714257 0.00000000 1.00000000 0.00000000
v 0.05696777 -0.01199979 0.04769779 0.00000000 1.00000000 0.00000000
v 0.05734776 0.01200021 0.04714257 0.00000000 1.00000000 0.00000000
v 0.05882379 0.01200022 0.04577812 0.00000000 1.00000000 0.00000000
v 0.05828176 -0.01199979 0.04617665 0.00000000 1.00000000 0.00000000
v 0.05828168 0.01200021 0.04617665 0.00000000 1.00000000 0.00000000
v 0.05882387 -0.01199978 0.04577812 0.00000000 1.00000000 0.00000000
v 0.05778759 0.01200021 0.04663339 0.00000000 1.00000000 0.00000000
v 0.05828168 0.01200021 0.04617665 0.00000000 1.00000000 0.00000000
v 0.05828176 -0.01199979 0.04617665 0.00000000 1.00000000 0.00000000
v 0.05778767 -0.01199979 0.04663339 0.00000000 1.00000000 0.00000000
v 0.07366484 -0.01199973 0.10044090 0.00000000 1.00000000 0.00000000
v 0.07391174 -0.01199973 0.09981500 0.00000000 1.00000000 0.00000000
v 0.07366476 0.01200027 0.10044090 0.00000000 1.00000000 0.00000000
v 0.07391166 0.01200027 0.09981500 0.00000000 1.00000000 0.00000000
v 0.07408714 -0.01199973 0.09916540 0.00000000 1.00000000 0.00000000
v 0.07408706 0.01200027 0.09916540 0.00000000 1.00000000 0.00000000
v 0.07391174 -0.01199973 0.09981500 0.00000000 1.00000000 0.00000000
v 0.07391166 0.01200027 0.09981500 0.00000000 1.00000000 0.00000000
v 0.06258678 -0.01199977 0.10000570 0.00000000 1.00000000 0.00000000
v 0.06285461 0.01200023 0.10062290 0.00000000 1.00000000 0.00000000
v 0.06258670 0.01200023 0.10000570 0.00000000 1.00000000 0.00000000
v 0.06285470 -0.01199977 0.10062290 0.00000000 1.00000000 0.00000000
v 0.06318995 0.01200023 0.10120620 0.00000000 1.00000000 0.00000000
v 0.06285461 0.01200023 0.10062290 0.00000000 1.00000000 0.00000000
v 0.06319003 -0.01199977 0.10120620 0.00000000 1.00000000 0.00000000
v 0.06285470 -0.01199977 0.10062290 0.00000000 1.00000000 0.00000000
v 0.06319003 -0.01199977 0.10120620 0.00000000 1.00000000 0.00000000
v 0.06358857 -0.01199977 0.10174830 0.00000000 1.00000000 0.00000000
v 0.06318995 0.01200023 0.10120620 0.00000000 1.00000000 0.00000000
v 0.06358849 0.01200023 0.10174830 0.00000000 1.00000000 0.00000000
v 0.06404522 0.01200024 0.10224240 0.00000000 1.00000000 0.00000000
v 0.06358857 -0.01199977 0.10174830 0.00000000 1.00000000 0.00000000
v 0.06404530 -0.01199976 0.10224240 0.00000000 1.00000000 0.00000000
v 0.06358849 0.01200023 0.10174830 0.00000000 1.00000000 0.00000000
v 0.05940720 -0.01199978 0.04544278 0.00000000 1.00000000 0.00000000
v 0.05940712 0.01200022 0.04544278 0.00000000 1.00000000 0.00000000
v 0.06002432 0.01200022 0.04517486 0.00000000 1.00000000 0.00000000
v 0.06002440 -0.01199978 0.04517486 0.00000000 1.00000000 0.00000000
v 0.06002432 0.01200022 0.04517486 0.00000000 1.00000000 0.00000000
v 0.06066764 0.01200022 0.04497774 0.00000000 1.00000000 0.00000000
v 0.06066772 -0.01199978 0.04497774 0.00000000 1.00000000 0.00000000
v 0.06002440 -0.01199978 0.04517486 0.00000000 1.00000000 0.00000000
v 0.06746236 -0.01199975 0.04811006 0.00000000 1.00000000 0.00000000
v 0.06773020 0.01200025 0.04872726 0.00000000 1.00000000 0.00000000
v 0.06773028 -0.01199975 0.04872726 0.00000000 1.00000000 0.00000000
v 0.06746228 0.01200025 0.04811006 0.00000000 1.00000000 0.00000000
v 0.06712702 -0.01199975 0.04752673 0.00000000 1.00000000 0.00000000
v 0.06712694 0.01200025 0.04752673 0.00000000 1.00000000 0.00000000
v 0.06746236 -0.01199975 0.04811006 0.00000000 1.00000000 0.00000000
v 0.06746228 0.01200025 0.04811006 0.00000000 1.00000000 0.00000000
v 0.06520727 0.01200024 0.04567063 0.00000000 1.00000000 0.00000000
v 0.06576249 0.01200024 0.04605070 0.00000000 1.00000000 0.00000000
v 0.06576257 -0.01199976 0.04605070 0.00000000 1.00000000 0.00000000
v 0.06520735 -0.01199976 0.04567063 0.00000000 1.00000000 0.00000000
v 0.06627175 -0.01199976 0.04649053 0.00000000 1.00000000 0.00000000
v 0.06576257 -0.01199976 0.04605070 0.00000000 1.00000000 0.00000000
v 0.06627167 0.01200024 0.04649053 0.00000000 1.00000000 0.00000000
v 0.06576249 0.01200024 0.04605070 0.00000000 1.00000000 0.00000000
v 0.06267246 -0.01199977 0.04483126 0.00000000 1.00000000 0.00000000
v 0.06267237 0.01200023 0.04483126 0.00000000 1.00000000 0.00000000
v 0.06333760 -0.01199977 0.04493278 0.00000000 1.00000000 0.00000000
v 0.06333752 0.01200023 0.04493278 0.00000000 1.00000000 0.00000000
v 0.06398711 0.01200024 0.04510814 0.00000000 1.00000000 0.00000000
v 0.06398719 -0.01199976 0.04510814 0.00000000 1.00000000 0.00000000
v 0.06333760 -0.01199977 0.04493278 0.00000000 1.00000000 0.00000000
v 0.06333752 0.01200023 0.04493278 0.00000000 1.00000000 0.00000000
v 0.06267246 -0.01199977 0.04483126 0.00000000 1.00000000 0.00000000
v 0.06200004 0.01200023 0.04480485 0.00000000 1.00000000 0.00000000
v 0.06267237 0.01200023 0.04483126 0.00000000 1.00000000 0.00000000
v 0.06200013 -0.01199977 0.04480485 0.00000000 1.00000000 0.00000000
v 0.06132908 -0.01199977 0.04485388 0.00000000 1.00000000 0.00000000
v 0.06132899 0.01200023 0.04485388 0.00000000 1.00000000 0.00000000
v 0.06200004 0.01200023 0.04480485 0.00000000 1.00000000 0.00000000
v 0.06200013 -0.01199977 0.04480485 0.00000000 1.00000000 0.00000000
v -0.05429797 -0.00700020 0.14241890 0.00000000 1.00000000 0.00000000
v -0.05021117 -0.00750018 0.10941790 0.00000000 1.00000000 0.00000000
v -0.04929798 -0.00700018 0.14241860 0.00000000 1.00000000 0.00000000
v -0.07266132 0.00749973 0.10016379 0.00000000 1.00000000 0.00000000
v -0.07376413 0.00699973 0.10015189 0.00000000 1.00000000 0.00000000
v -0.05429803 0.00699980 0.14241890 0.00000000 1.00000000 0.00000000
v -0.04929803 0.00699982 0.14241860 0.00000000 1.00000000 0.00000000
v -0.05057273 0.00749981 0.10941120 0.00000000 1.00000000 0.00000000
v -0.05429803 0.00699980 0.14241890 0.00000000 1.00000000 0.00000000
v -0.04533153 0.00749983 0.10498157 0.00000000 1.00000000 0.00000000
v -0.04929803 0.00699982 0.14241860 0.00000000 1.00000000 0.00000000
v -0.04429933 0.00699984 0.11141840 0.00000000 1.00000000 0.00000000
v -0.04762637 -0.00750017 0.10019331 0.00000000 1.00000000 0.00000000
v -0.04757598 -0.00700017 0.09907253 0.00000000 1.00000000 0.00000000
v -0.04694468 -0.00700017 0.09944431 0.00000000 1.00000000 0.00000000
v -0.06614920 -0.00700024 0.09226575 0.00000000 1.00000000 0.00000000
v -0.04867287 -0.00750018 0.09969071 0.00000000 1.00000000 0.00000000
v -0.06657434 -0.00750024 0.09317603 0.00000000 1.00000000 0.00000000
v -0.04824777 -0.00700018 0.09878044 0.00000000 1.00000000 0.00000000
v -0.05171673 0.00749981 0.10921370 0.00000000 1.00000000 0.00000000
v -0.05226383 0.00749981 0.10901680 0.00000000 1.00000000 0.00000000
v -0.05429803 0.00699980 0.14241890 0.00000000 1.00000000 0.00000000
v -0.07016527 0.00749974 0.10250206 0.00000000 1.00000000 0.00000000
v -0.05171673 0.00749981 0.10921370 0.00000000 1.00000000 0.00000000
v -0.05429803 0.00699980 0.14241890 0.00000000 1.00000000 0.00000000
v -0.05115053 0.00749981 0.10934580 0.00000000 1.00000000 0.00000000
v -0.05057273 0.00749981 0.10941120 0.00000000 1.00000000 0.00000000
v -0.06674980 -0.00700025 0.09208216 0.00000000 1.00000000 0.00000000
v -0.06614920 -0.00700024 0.09226575 0.00000000 1.00000000 0.00000000
v -0.06657434 -0.00750024 0.09317603 0.00000000 1.00000000 0.00000000
v -0.06614926 0.00699976 0.09226575 0.00000000 1.00000000 0.00000000
v -0.04833553 0.00749982 0.09982063 0.00000000 1.00000000 0.00000000
v -0.04824783 0.00699982 0.09878044 0.00000000 1.00000000 0.00000000
v -0.04529973 0.00749983 0.10440099 0.00000000 1.00000000 0.00000000
v -0.04533153 0.00749983 0.10498157 0.00000000 1.00000000 0.00000000
v -0.04429933 0.00699984 0.11141840 0.00000000 1.00000000 0.00000000
v -0.04429967 -0.00700016 0.10441842 0.00000000 1.00000000 0.00000000
v -0.04429927 -0.00700016 0.11141840 0.00000000 1.00000000 0.00000000
v -0.04530377 -0.00750017 0.10462108 0.00000000 1.00000000 0.00000000
v -0.07418644 -0.00700027 0.09832281 0.00000000 1.00000000 0.00000000
v -0.07318669 -0.00750027 0.09828296 0.00000000 1.00000000 0.00000000
v -0.07410987 -0.00700027 0.09894615 0.00000000 1.00000000 0.00000000
v -0.07296490 -0.00750027 0.09942251 0.00000000 1.00000000 0.00000000
v -0.07376407 -0.00700027 0.10015189 0.00000000 1.00000000 0.00000000
v -0.07396857 -0.00700027 0.09955808 0.00000000 1.00000000 0.00000000
v -0.07376407 -0.00700027 0.10015189 0.00000000 1.00000000 0.00000000
v -0.07275641 -0.00750027 0.09996529 0.00000000 1.00000000 0.00000000
v -0.05429797 -0.00700020 0.14241890 0.00000000 1.00000000 0.00000000
v -0.07296490 -0.00750027 0.09942251 0.00000000 1.00000000 0.00000000
v -0.07275641 -0.00750027 0.09996529 0.00000000 1.00000000 0.00000000
v -0.07376407 -0.00700027 0.10015189 0.00000000 1.00000000 0.00000000
v -0.06982780 -0.00750026 0.10263197 0.00000000 1.00000000 0.00000000
v -0.05192637 -0.00750019 0.10914670 0.00000000 1.00000000 0.00000000
v -0.05429797 -0.00700020 0.14241890 0.00000000 1.00000000 0.00000000
v -0.04701847 -0.00750017 0.10819150 0.00000000 1.00000000 0.00000000
v -0.04660267 -0.00750017 0.10778503 0.00000000 1.00000000 0.00000000
v -0.04929798 -0.00700018 0.14241860 0.00000000 1.00000000 0.00000000
v -0.04963147 -0.00750018 0.10937380 0.00000000 1.00000000 0.00000000
v -0.04747867 -0.00750017 0.10854690 0.00000000 1.00000000 0.00000000
v -0.04701847 -0.00750017 0.10819150 0.00000000 1.00000000 0.00000000
v -0.04929798 -0.00700018 0.14241860 0.00000000 1.00000000 0.00000000
v -0.06674980 -0.00700025 0.09208216 0.00000000 1.00000000 0.00000000
v -0.06713422 -0.00750025 0.09301914 0.00000000 1.00000000 0.00000000
v -0.06736630 -0.00700025 0.09196235 0.00000000 1.00000000 0.00000000
v -0.06674980 -0.00700025 0.09208216 0.00000000 1.00000000 0.00000000
v -0.06657434 -0.00750024 0.09317603 0.00000000 1.00000000 0.00000000
v -0.06713422 -0.00750025 0.09301914 0.00000000 1.00000000 0.00000000
v -0.04715397 -0.00750017 0.10053222 0.00000000 1.00000000 0.00000000
v -0.04762637 -0.00750017 0.10019331 0.00000000 1.00000000 0.00000000
v -0.04694468 -0.00700017 0.09944431 0.00000000 1.00000000 0.00000000
v -0.04636347 -0.00700017 0.09989025 0.00000000 1.00000000 0.00000000
v -0.04715397 -0.00750017 0.10053222 0.00000000 1.00000000 0.00000000
v -0.04694468 -0.00700017 0.09944431 0.00000000 1.00000000 0.00000000
v -0.04757598 -0.00700017 0.09907253 0.00000000 1.00000000 0.00000000
v -0.04813507 -0.00750018 0.09991153 0.00000000 1.00000000 0.00000000
v -0.04824777 -0.00700018 0.09878044 0.00000000 1.00000000 0.00000000
v -0.04813507 -0.00750018 0.09991153 0.00000000 1.00000000 0.00000000
v -0.04867287 -0.00750018 0.09969071 0.00000000 1.00000000 0.00000000
v -0.04824777 -0.00700018 0.09878044 0.00000000 1.00000000 0.00000000
v -0.04757598 -0.00700017 0.09907253 0.00000000 1.00000000 0.00000000
v -0.04762637 -0.00750017 0.10019331 0.00000000 1.00000000 0.00000000
v -0.04813507 -0.00750018 0.09991153 0.00000000 1.00000000 0.00000000
v -0.07161945 0.00749974 0.10155299 0.00000000 1.00000000 0.00000000
v -0.07201995 0.00749974 0.10113147 0.00000000 1.00000000 0.00000000
v -0.05429803 0.00699980 0.14241890 0.00000000 1.00000000 0.00000000
v -0.07016527 0.00749974 0.10250206 0.00000000 1.00000000 0.00000000
v -0.07068579 0.00749974 0.10224295 0.00000000 1.00000000 0.00000000
v -0.05429803 0.00699980 0.14241890 0.00000000 1.00000000 0.00000000
v -0.04929803 0.00699982 0.14241860 0.00000000 1.00000000 0.00000000
v -0.04778443 0.00749982 0.10873990 0.00000000 1.00000000 0.00000000
v -0.04830303 0.00749982 0.10900270 0.00000000 1.00000000 0.00000000
v -0.04884873 0.00749982 0.10920350 0.00000000 1.00000000 0.00000000
v -0.04999133 0.00749982 0.10940920 0.00000000 1.00000000 0.00000000
v -0.06674986 0.00699975 0.09208216 0.00000000 1.00000000 0.00000000
v -0.06678407 0.00749975 0.09310901 0.00000000 1.00000000 0.00000000
v -0.06614926 0.00699976 0.09226575 0.00000000 1.00000000 0.00000000
v -0.04833553 0.00749982 0.09982063 0.00000000 1.00000000 0.00000000
v -0.04757603 0.00699983 0.09907253 0.00000000 1.00000000 0.00000000
v -0.04824783 0.00699982 0.09878044 0.00000000 1.00000000 0.00000000
v -0.07396863 0.00699973 0.09955808 0.00000000 1.00000000 0.00000000
v -0.07306224 0.00749973 0.09907429 0.00000000 1.00000000 0.00000000
v -0.07410993 0.00699973 0.09894615 0.00000000 1.00000000 0.00000000
v -0.04529973 0.00749983 0.10440099 0.00000000 1.00000000 0.00000000
v -0.04429933 0.00699984 0.11141840 0.00000000 1.00000000 0.00000000
v -0.04429973 0.00699984 0.10441842 0.00000000 1.00000000 0.00000000
v -0.04560733 0.00749983 0.10269197 0.00000000 1.00000000 0.00000000
v -0.04543853 0.00749983 0.10324840 0.00000000 1.00000000 0.00000000
v -0.04447803 0.00699984 0.10296690 0.00000000 1.00000000 0.00000000
v -0.07419742 -0.00700027 0.09769487 0.00000000 1.00000000 0.00000000
v -0.07319697 -0.00750027 0.09770161 0.00000000 1.00000000 0.00000000
v -0.07418644 -0.00700027 0.09832281 0.00000000 1.00000000 0.00000000
v -0.07318669 -0.00750027 0.09828296 0.00000000 1.00000000 0.00000000
v -0.07414272 -0.00700027 0.09706923 0.00000000 1.00000000 0.00000000
v -0.07319697 -0.00750027 0.09770161 0.00000000 1.00000000 0.00000000
v -0.07419742 -0.00700027 0.09769487 0.00000000 1.00000000 0.00000000
v -0.07318669 -0.00750027 0.09828296 0.00000000 1.00000000 0.00000000
v -0.07310898 -0.00750027 0.09885920 0.00000000 1.00000000 0.00000000
v -0.07410987 -0.00700027 0.09894615 0.00000000 1.00000000 0.00000000
v -0.07410987 -0.00700027 0.09894615 0.00000000 1.00000000 0.00000000
v -0.07310898 -0.00750027 0.09885920 0.00000000 1.00000000 0.00000000
v -0.07396857 -0.00700027 0.09955808 0.00000000 1.00000000 0.00000000
v -0.07396857 -0.00700027 0.09955808 0.00000000 1.00000000 0.00000000
v -0.07310898 -0.00750027 0.09885920 0.00000000 1.00000000 0.00000000
v -0.07296490 -0.00750027 0.09942251 0.00000000 1.00000000 0.00000000
v -0.07275641 -0.00750027 0.09996529 0.00000000 1.00000000 0.00000000
v -0.07248630 -0.00750027 0.10048020 0.00000000 1.00000000 0.00000000
v -0.05429797 -0.00700020 0.14241890 0.00000000 1.00000000 0.00000000
v -0.05079217 -0.00750019 0.10939440 0.00000000 1.00000000 0.00000000
v -0.07177668 -0.00750026 0.10139900 0.00000000 1.00000000 0.00000000
v -0.07134676 -0.00750026 0.10179047 0.00000000 1.00000000 0.00000000
v -0.05429797 -0.00700020 0.14241890 0.00000000 1.00000000 0.00000000
v -0.07134676 -0.00750026 0.10179047 0.00000000 1.00000000 0.00000000
v -0.07087430 -0.00750026 0.10212938 0.00000000 1.00000000 0.00000000
v -0.05429797 -0.00700020 0.14241890 0.00000000 1.00000000 0.00000000
v -0.07036569 -0.00750026 0.10241115 0.00000000 1.00000000 0.00000000
v -0.07036569 -0.00750026 0.10241115 0.00000000 1.00000000 0.00000000
v -0.04592597 -0.00750017 0.10684171 0.00000000 1.00000000 0.00000000
v -0.04567427 -0.00750017 0.10631757 0.00000000 1.00000000 0.00000000
v -0.04929798 -0.00700018 0.14241860 0.00000000 1.00000000 0.00000000
v -0.04567427 -0.00750017 0.10631757 0.00000000 1.00000000 0.00000000
v -0.04548507 -0.00750017 0.10576776 0.00000000 1.00000000 0.00000000
v -0.04929798 -0.00700018 0.14241860 0.00000000 1.00000000 0.00000000
v -0.04929798 -0.00700018 0.14241860 0.00000000 1.00000000 0.00000000
v -0.04536097 -0.00750017 0.10519970 0.00000000 1.00000000 0.00000000
v -0.04429927 -0.00700016 0.11141840 0.00000000 1.00000000 0.00000000
v -0.04548507 -0.00750017 0.10576776 0.00000000 1.00000000 0.00000000
v -0.04536097 -0.00750017 0.10519970 0.00000000 1.00000000 0.00000000
v -0.04929798 -0.00700018 0.14241860 0.00000000 1.00000000 0.00000000
v -0.04429927 -0.00700016 0.11141840 0.00000000 1.00000000 0.00000000
v -0.04536097 -0.00750017 0.10519970 0.00000000 1.00000000 0.00000000
v -0.04530377 -0.00750017 0.10462108 0.00000000 1.00000000 0.00000000
v -0.04623687 -0.00750017 0.10733308 0.00000000 1.00000000 0.00000000
v -0.04592597 -0.00750017 0.10684171 0.00000000 1.00000000 0.00000000
v -0.04929798 -0.00700018 0.14241860 0.00000000 1.00000000 0.00000000
v -0.04623687 -0.00750017 0.10733308 0.00000000 1.00000000 0.00000000
v -0.04850667 -0.00750018 0.10908620 0.00000000 1.00000000 0.00000000
v -0.04906067 -0.00750018 0.10926280 0.00000000 1.00000000 0.00000000
v -0.04850667 -0.00750018 0.10908620 0.00000000 1.00000000 0.00000000
v -0.04797697 -0.00750018 0.10884650 0.00000000 1.00000000 0.00000000
v -0.06713422 -0.00750025 0.09301914 0.00000000 1.00000000 0.00000000
v -0.06770853 -0.00750025 0.09292832 0.00000000 1.00000000 0.00000000
v -0.06736630 -0.00700025 0.09196235 0.00000000 1.00000000 0.00000000
v -0.04584097 -0.00700017 0.10040371 0.00000000 1.00000000 0.00000000
v -0.04672397 -0.00750017 0.10092369 0.00000000 1.00000000 0.00000000
v -0.04636347 -0.00700017 0.09989025 0.00000000 1.00000000 0.00000000
v -0.04672397 -0.00750017 0.10092369 0.00000000 1.00000000 0.00000000
v -0.04715397 -0.00750017 0.10053222 0.00000000 1.00000000 0.00000000
v -0.04636347 -0.00700017 0.09989025 0.00000000 1.00000000 0.00000000
v -0.07236882 0.00749973 0.10066631 0.00000000 1.00000000 0.00000000
v -0.07266132 0.00749973 0.10016379 0.00000000 1.00000000 0.00000000
v -0.05429803 0.00699980 0.14241890 0.00000000 1.00000000 0.00000000
v -0.07201995 0.00749974 0.10113147 0.00000000 1.00000000 0.00000000
v -0.07236882 0.00749973 0.10066631 0.00000000 1.00000000 0.00000000
v -0.05429803 0.00699980 0.14241890 0.00000000 1.00000000 0.00000000
v -0.07117271 0.00749974 0.10192516 0.00000000 1.00000000 0.00000000
v -0.07117271 0.00749974 0.10192516 0.00000000 1.00000000 0.00000000
v -0.04884873 0.00749982 0.10920350 0.00000000 1.00000000 0.00000000
v -0.04941403 0.00749982 0.10933960 0.00000000 1.00000000 0.00000000
v -0.06623699 0.00749976 0.09330594 0.00000000 1.00000000 0.00000000
v -0.06678407 0.00749975 0.09310901 0.00000000 1.00000000 0.00000000
v -0.06736635 0.00699975 0.09196235 0.00000000 1.00000000 0.00000000
v -0.06735032 0.00749975 0.09297692 0.00000000 1.00000000 0.00000000
v -0.06674986 0.00699975 0.09208216 0.00000000 1.00000000 0.00000000
v -0.06735032 0.00749975 0.09297692 0.00000000 1.00000000 0.00000000
v -0.06678407 0.00749975 0.09310901 0.00000000 1.00000000 0.00000000
v -0.06674986 0.00699975 0.09208216 0.00000000 1.00000000 0.00000000
v -0.07306224 0.00749973 0.09907429 0.00000000 1.00000000 0.00000000
v -0.07316524 0.00749973 0.09850204 0.00000000 1.00000000 0.00000000
v -0.07410993 0.00699973 0.09894615 0.00000000 1.00000000 0.00000000
v -0.07376413 0.00699973 0.10015189 0.00000000 1.00000000 0.00000000
v -0.07289351 0.00749973 0.09963072 0.00000000 1.00000000 0.00000000
v -0.07396863 0.00699973 0.09955808 0.00000000 1.00000000 0.00000000
v -0.07289351 0.00749973 0.09963072 0.00000000 1.00000000 0.00000000
v -0.07306224 0.00749973 0.09907429 0.00000000 1.00000000 0.00000000
v -0.07396863 0.00699973 0.09955808 0.00000000 1.00000000 0.00000000
v -0.07376413 0.00699973 0.10015189 0.00000000 1.00000000 0.00000000
v -0.07266132 0.00749973 0.10016379 0.00000000 1.00000000 0.00000000
v -0.07289351 0.00749973 0.09963072 0.00000000 1.00000000 0.00000000
v -0.04729973 0.00749983 0.10841870 0.00000000 1.00000000 0.00000000
v -0.04685563 0.00749983 0.10804340 0.00000000 1.00000000 0.00000000
v -0.04611253 0.00749983 0.10715143 0.00000000 1.00000000 0.00000000
v -0.04645813 0.00749983 0.10761905 0.00000000 1.00000000 0.00000000
v -0.04929803 0.00699982 0.14241860 0.00000000 1.00000000 0.00000000
v -0.04685563 0.00749983 0.10804340 0.00000000 1.00000000 0.00000000
v -0.04533153 0.00749983 0.10498157 0.00000000 1.00000000 0.00000000
v -0.04543043 0.00749983 0.10555454 0.00000000 1.00000000 0.00000000
v -0.04929803 0.00699982 0.14241860 0.00000000 1.00000000 0.00000000
v -0.04543043 0.00749983 0.10555454 0.00000000 1.00000000 0.00000000
v -0.04559523 0.00749983 0.10611215 0.00000000 1.00000000 0.00000000
v -0.04929803 0.00699982 0.14241860 0.00000000 1.00000000 0.00000000
v -0.04582363 0.00749983 0.10664686 0.00000000 1.00000000 0.00000000
v -0.04611253 0.00749983 0.10715143 0.00000000 1.00000000 0.00000000
v -0.04929803 0.00699982 0.14241860 0.00000000 1.00000000 0.00000000
v -0.04559523 0.00749983 0.10611215 0.00000000 1.00000000 0.00000000
v -0.04582363 0.00749983 0.10664686 0.00000000 1.00000000 0.00000000
v -0.04929803 0.00699982 0.14241860 0.00000000 1.00000000 0.00000000
v -0.04560733 0.00749983 0.10269197 0.00000000 1.00000000 0.00000000
v -0.04447803 0.00699984 0.10296690 0.00000000 1.00000000 0.00000000
v -0.04469833 0.00699984 0.10226823 0.00000000 1.00000000 0.00000000
v -0.04500207 -0.00700017 0.10160162 0.00000000 1.00000000 0.00000000
v -0.04469827 -0.00700016 0.10226823 0.00000000 1.00000000 0.00000000
v -0.04574427 -0.00750017 0.10235740 0.00000000 1.00000000 0.00000000
v -0.04533563 0.00749983 0.10382065 0.00000000 1.00000000 0.00000000
v -0.04434442 0.00699984 0.10368721 0.00000000 1.00000000 0.00000000
v -0.04543853 0.00749983 0.10324840 0.00000000 1.00000000 0.00000000
v -0.04447803 0.00699984 0.10296690 0.00000000 1.00000000 0.00000000
v -0.04529973 0.00749983 0.10440099 0.00000000 1.00000000 0.00000000
v -0.04434442 0.00699984 0.10368721 0.00000000 1.00000000 0.00000000
v -0.04533563 0.00749983 0.10382065 0.00000000 1.00000000 0.00000000
v -0.04429973 0.00699984 0.10441842 0.00000000 1.00000000 0.00000000
v -0.07313969 -0.00750027 0.09712299 0.00000000 1.00000000 0.00000000
v -0.07319697 -0.00750027 0.09770161 0.00000000 1.00000000 0.00000000
v -0.07414272 -0.00700027 0.09706923 0.00000000 1.00000000 0.00000000
v -0.07215825 -0.00750027 0.10096026 0.00000000 1.00000000 0.00000000
v -0.07177668 -0.00750026 0.10139900 0.00000000 1.00000000 0.00000000
v -0.05429797 -0.00700020 0.14241890 0.00000000 1.00000000 0.00000000
v -0.07248630 -0.00750027 0.10048020 0.00000000 1.00000000 0.00000000
v -0.07215825 -0.00750027 0.10096026 0.00000000 1.00000000 0.00000000
v -0.05429797 -0.00700020 0.14241890 0.00000000 1.00000000 0.00000000
v -0.05192637 -0.00750019 0.10914670 0.00000000 1.00000000 0.00000000
v -0.05136647 -0.00750019 0.10930350 0.00000000 1.00000000 0.00000000
v -0.05429797 -0.00700020 0.14241890 0.00000000 1.00000000 0.00000000
v -0.05079217 -0.00750019 0.10939440 0.00000000 1.00000000 0.00000000
v -0.06944002 -0.00750026 0.09305993 0.00000000 1.00000000 0.00000000
v -0.06999400 -0.00750026 0.09323652 0.00000000 1.00000000 0.00000000
v -0.06985515 -0.00700026 0.09213650 0.00000000 1.00000000 0.00000000
v -0.06861988 -0.00700025 0.09191863 0.00000000 1.00000000 0.00000000
v -0.06799194 -0.00700025 0.09190765 0.00000000 1.00000000 0.00000000
v -0.06828951 -0.00750025 0.09290478 0.00000000 1.00000000 0.00000000
v -0.06828951 -0.00750025 0.09290478 0.00000000 1.00000000 0.00000000
v -0.06799194 -0.00700025 0.09190765 0.00000000 1.00000000 0.00000000
v -0.06770853 -0.00750025 0.09292832 0.00000000 1.00000000 0.00000000
v -0.06770853 -0.00750025 0.09292832 0.00000000 1.00000000 0.00000000
v -0.06799194 -0.00700025 0.09190765 0.00000000 1.00000000 0.00000000
v -0.06736630 -0.00700025 0.09196235 0.00000000 1.00000000 0.00000000
v -0.06861988 -0.00700025 0.09191863 0.00000000 1.00000000 0.00000000
v -0.06828951 -0.00750025 0.09290478 0.00000000 1.00000000 0.00000000
v -0.06886928 -0.00750025 0.09294885 0.00000000 1.00000000 0.00000000
v -0.04538487 -0.00700017 0.10097701 0.00000000 1.00000000 0.00000000
v -0.04634247 -0.00750017 0.10136243 0.00000000 1.00000000 0.00000000
v -0.04584097 -0.00700017 0.10040371 0.00000000 1.00000000 0.00000000
v -0.04634247 -0.00750017 0.10136243 0.00000000 1.00000000 0.00000000
v -0.04672397 -0.00750017 0.10092369 0.00000000 1.00000000 0.00000000
v -0.04584097 -0.00700017 0.10040371 0.00000000 1.00000000 0.00000000
v -0.04694473 0.00699983 0.09944431 0.00000000 1.00000000 0.00000000
v -0.04732813 0.00749983 0.10039753 0.00000000 1.00000000 0.00000000
v -0.04636353 0.00699983 0.09989025 0.00000000 1.00000000 0.00000000
v -0.04732813 0.00749983 0.10039753 0.00000000 1.00000000 0.00000000
v -0.04688143 0.00749983 0.10076970 0.00000000 1.00000000 0.00000000
v -0.04636353 0.00699983 0.09989025 0.00000000 1.00000000 0.00000000
v -0.07320110 0.00749973 0.09792170 0.00000000 1.00000000 0.00000000
v -0.07418650 0.00699973 0.09832281 0.00000000 1.00000000 0.00000000
v -0.07316524 0.00749973 0.09850204 0.00000000 1.00000000 0.00000000
v -0.07419748 0.00699973 0.09769487 0.00000000 1.00000000 0.00000000
v -0.07418650 0.00699973 0.09832281 0.00000000 1.00000000 0.00000000
v -0.07320110 0.00749973 0.09792170 0.00000000 1.00000000 0.00000000
v -0.07316524 0.00749973 0.09850204 0.00000000 1.00000000 0.00000000
v -0.07418650 0.00699973 0.09832281 0.00000000 1.00000000 0.00000000
v -0.07410993 0.00699973 0.09894615 0.00000000 1.00000000 0.00000000
v -0.07359401 0.00699973 0.09527401 0.00000000 1.00000000 0.00000000
v -0.07290562 0.00749973 0.09621054 0.00000000 1.00000000 0.00000000
v -0.07267721 0.00749973 0.09567583 0.00000000 1.00000000 0.00000000
v -0.07383938 0.00699973 0.09585213 0.00000000 1.00000000 0.00000000
v -0.07290562 0.00749973 0.09621054 0.00000000 1.00000000 0.00000000
v -0.07359401 0.00699973 0.09527401 0.00000000 1.00000000 0.00000000
v -0.07402297 0.00699973 0.09645273 0.00000000 1.00000000 0.00000000
v -0.07290562 0.00749973 0.09621054 0.00000000 1.00000000 0.00000000
v -0.07383938 0.00699973 0.09585213 0.00000000 1.00000000 0.00000000
v -0.07307041 0.00749973 0.09676815 0.00000000 1.00000000 0.00000000
v -0.07419748 0.00699973 0.09769487 0.00000000 1.00000000 0.00000000
v -0.07320110 0.00749973 0.09792170 0.00000000 1.00000000 0.00000000
v -0.07316934 0.00749973 0.09734112 0.00000000 1.00000000 0.00000000
v -0.06886928 -0.00750025 0.09294885 0.00000000 1.00000000 0.00000000
v -0.06924322 -0.00700025 0.09199520 0.00000000 1.00000000 0.00000000
v -0.06861988 -0.00700025 0.09191863 0.00000000 1.00000000 0.00000000
v -0.06944002 -0.00750026 0.09305993 0.00000000 1.00000000 0.00000000
v -0.06924322 -0.00700025 0.09199520 0.00000000 1.00000000 0.00000000
v -0.06886928 -0.00750025 0.09294885 0.00000000 1.00000000 0.00000000
v -0.06944002 -0.00750026 0.09305993 0.00000000 1.00000000 0.00000000
v -0.06985515 -0.00700026 0.09213650 0.00000000 1.00000000 0.00000000
v -0.06924322 -0.00700025 0.09199520 0.00000000 1.00000000 0.00000000
v -0.04688143 0.00749983 0.10076970 0.00000000 1.00000000 0.00000000
v -0.04584103 0.00699983 0.10040371 0.00000000 1.00000000 0.00000000
v -0.04636353 0.00699983 0.09989025 0.00000000 1.00000000 0.00000000
v -0.04538493 0.00699983 0.10097701 0.00000000 1.00000000 0.00000000
v -0.04613203 0.00749983 0.10165637 0.00000000 1.00000000 0.00000000
v -0.04500213 0.00699983 0.10160162 0.00000000 1.00000000 0.00000000
v -0.04429967 -0.00700016 0.10441842 0.00000000 1.00000000 0.00000000
v -0.04530377 -0.00750017 0.10462108 0.00000000 1.00000000 0.00000000
v -0.04531397 -0.00750017 0.10403972 0.00000000 1.00000000 0.00000000
v -0.04447797 -0.00700016 0.10296690 0.00000000 1.00000000 0.00000000
v -0.04553577 -0.00750017 0.10290018 0.00000000 1.00000000 0.00000000
v -0.04469827 -0.00700016 0.10226823 0.00000000 1.00000000 0.00000000
v -0.04539177 -0.00750017 0.10346349 0.00000000 1.00000000 0.00000000
v -0.04553577 -0.00750017 0.10290018 0.00000000 1.00000000 0.00000000
v -0.04447797 -0.00700016 0.10296690 0.00000000 1.00000000 0.00000000
v -0.04469827 -0.00700016 0.10226823 0.00000000 1.00000000 0.00000000
v -0.04553577 -0.00750017 0.10290018 0.00000000 1.00000000 0.00000000
v -0.04574427 -0.00750017 0.10235740 0.00000000 1.00000000 0.00000000
v -0.04531397 -0.00750017 0.10403972 0.00000000 1.00000000 0.00000000
v -0.04434437 -0.00700016 0.10368721 0.00000000 1.00000000 0.00000000
v -0.04429967 -0.00700016 0.10441842 0.00000000 1.00000000 0.00000000
v -0.04539177 -0.00750017 0.10346349 0.00000000 1.00000000 0.00000000
v -0.04434437 -0.00700016 0.10368721 0.00000000 1.00000000 0.00000000
v -0.04531397 -0.00750017 0.10403972 0.00000000 1.00000000 0.00000000
v -0.04539177 -0.00750017 0.10346349 0.00000000 1.00000000 0.00000000
v -0.04447797 -0.00700016 0.10296690 0.00000000 1.00000000 0.00000000
v -0.04434437 -0.00700016 0.10368721 0.00000000 1.00000000 0.00000000
v -0.07052374 -0.00750026 0.09347623 0.00000000 1.00000000 0.00000000
v -0.07044896 -0.00700026 0.09234100 0.00000000 1.00000000 0.00000000
v -0.06999400 -0.00750026 0.09323652 0.00000000 1.00000000 0.00000000
v -0.06999400 -0.00750026 0.09323652 0.00000000 1.00000000 0.00000000
v -0.07044896 -0.00700026 0.09234100 0.00000000 1.00000000 0.00000000
v -0.06985515 -0.00700026 0.09213650 0.00000000 1.00000000 0.00000000
v -0.07155645 -0.00700026 0.09292992 0.00000000 1.00000000 0.00000000
v -0.07052374 -0.00750026 0.09347623 0.00000000 1.00000000 0.00000000
v -0.07102207 -0.00750026 0.09377581 0.00000000 1.00000000 0.00000000
v -0.07102207 -0.00750026 0.09377581 0.00000000 1.00000000 0.00000000
v -0.07148225 -0.00750026 0.09413122 0.00000000 1.00000000 0.00000000
v -0.07205800 -0.00700026 0.09330790 0.00000000 1.00000000 0.00000000
v -0.07155645 -0.00700026 0.09292992 0.00000000 1.00000000 0.00000000
v -0.07102207 -0.00750026 0.09377581 0.00000000 1.00000000 0.00000000
v -0.07205800 -0.00700026 0.09330790 0.00000000 1.00000000 0.00000000
v -0.07292930 -0.00700027 0.09421024 0.00000000 1.00000000 0.00000000
v -0.07189806 -0.00750026 0.09453765 0.00000000 1.00000000 0.00000000
v -0.07226387 -0.00750027 0.09498961 0.00000000 1.00000000 0.00000000
v -0.07292930 -0.00700027 0.09421024 0.00000000 1.00000000 0.00000000
v -0.07251729 -0.00700027 0.09373624 0.00000000 1.00000000 0.00000000
v -0.07189806 -0.00750026 0.09453765 0.00000000 1.00000000 0.00000000
v -0.07189806 -0.00750026 0.09453765 0.00000000 1.00000000 0.00000000
v -0.07251729 -0.00700027 0.09373624 0.00000000 1.00000000 0.00000000
v -0.07148225 -0.00750026 0.09413122 0.00000000 1.00000000 0.00000000
v -0.07148225 -0.00750026 0.09413122 0.00000000 1.00000000 0.00000000
v -0.07251729 -0.00700027 0.09373624 0.00000000 1.00000000 0.00000000
v -0.07205800 -0.00700026 0.09330790 0.00000000 1.00000000 0.00000000
v -0.07282646 -0.00750027 0.09600511 0.00000000 1.00000000 0.00000000
v -0.07359395 -0.00700027 0.09527401 0.00000000 1.00000000 0.00000000
v -0.07257474 -0.00750027 0.09548098 0.00000000 1.00000000 0.00000000
v -0.04538487 -0.00700017 0.10097701 0.00000000 1.00000000 0.00000000
v -0.04500207 -0.00700017 0.10160162 0.00000000 1.00000000 0.00000000
v -0.04601437 -0.00750017 0.10184249 0.00000000 1.00000000 0.00000000
v -0.04634247 -0.00750017 0.10136243 0.00000000 1.00000000 0.00000000
v -0.04538487 -0.00700017 0.10097701 0.00000000 1.00000000 0.00000000
v -0.04601437 -0.00750017 0.10184249 0.00000000 1.00000000 0.00000000
v -0.04574427 -0.00750017 0.10235740 0.00000000 1.00000000 0.00000000
v -0.04601437 -0.00750017 0.10184249 0.00000000 1.00000000 0.00000000
v -0.04500207 -0.00700017 0.10160162 0.00000000 1.00000000 0.00000000
v -0.06792807 0.00749975 0.09291146 0.00000000 1.00000000 0.00000000
v -0.06735032 0.00749975 0.09297692 0.00000000 1.00000000 0.00000000
v -0.06736635 0.00699975 0.09196235 0.00000000 1.00000000 0.00000000
v -0.06850952 0.00749975 0.09291352 0.00000000 1.00000000 0.00000000
v -0.06861993 0.00699975 0.09191863 0.00000000 1.00000000 0.00000000
v -0.06908679 0.00749975 0.09298306 0.00000000 1.00000000 0.00000000
v -0.04757603 0.00699983 0.09907253 0.00000000 1.00000000 0.00000000
v -0.04781503 0.00749982 0.10007974 0.00000000 1.00000000 0.00000000
v -0.04694473 0.00699983 0.09944431 0.00000000 1.00000000 0.00000000
v -0.04781503 0.00749982 0.10007974 0.00000000 1.00000000 0.00000000
v -0.04732813 0.00749983 0.10039753 0.00000000 1.00000000 0.00000000
v -0.04694473 0.00699983 0.09944431 0.00000000 1.00000000 0.00000000
v -0.04757603 0.00699983 0.09907253 0.00000000 1.00000000 0.00000000
v -0.04833553 0.00749982 0.09982063 0.00000000 1.00000000 0.00000000
v -0.04781503 0.00749982 0.10007974 0.00000000 1.00000000 0.00000000
v -0.07316934 0.00749973 0.09734112 0.00000000 1.00000000 0.00000000
v -0.07414278 0.00699973 0.09706923 0.00000000 1.00000000 0.00000000
v -0.07419748 0.00699973 0.09769487 0.00000000 1.00000000 0.00000000
v -0.07307041 0.00749973 0.09676815 0.00000000 1.00000000 0.00000000
v -0.07414278 0.00699973 0.09706923 0.00000000 1.00000000 0.00000000
v -0.07316934 0.00749973 0.09734112 0.00000000 1.00000000 0.00000000
v -0.07307041 0.00749973 0.09676815 0.00000000 1.00000000 0.00000000
v -0.07402297 0.00699973 0.09645273 0.00000000 1.00000000 0.00000000
v -0.07414278 0.00699973 0.09706923 0.00000000 1.00000000 0.00000000
v -0.07328956 0.00699973 0.09472471 0.00000000 1.00000000 0.00000000
v -0.07359401 0.00699973 0.09527401 0.00000000 1.00000000 0.00000000
v -0.07267721 0.00749973 0.09567583 0.00000000 1.00000000 0.00000000
v -0.07155651 0.00699974 0.09292992 0.00000000 1.00000000 0.00000000
v -0.07205806 0.00699974 0.09330790 0.00000000 1.00000000 0.00000000
v -0.07120110 0.00749974 0.09390398 0.00000000 1.00000000 0.00000000
v -0.06985521 0.00699974 0.09213650 0.00000000 1.00000000 0.00000000
v -0.06965209 0.00749974 0.09311916 0.00000000 1.00000000 0.00000000
v -0.06908679 0.00749975 0.09298306 0.00000000 1.00000000 0.00000000
v -0.04613203 0.00749983 0.10165637 0.00000000 1.00000000 0.00000000
v -0.04583953 0.00749983 0.10215889 0.00000000 1.00000000 0.00000000
v -0.04500213 0.00699983 0.10160162 0.00000000 1.00000000 0.00000000
v -0.04500213 0.00699983 0.10160162 0.00000000 1.00000000 0.00000000
v -0.04583953 0.00749983 0.10215889 0.00000000 1.00000000 0.00000000
v -0.04469833 0.00699984 0.10226823 0.00000000 1.00000000 0.00000000
v -0.04469833 0.00699984 0.10226823 0.00000000 1.00000000 0.00000000
v -0.04583953 0.00749983 0.10215889 0.00000000 1.00000000 0.00000000
v -0.04560733 0.00749983 0.10269197 0.00000000 1.00000000 0.00000000
v -0.04584103 0.00699983 0.10040371 0.00000000 1.00000000 0.00000000
v -0.04648083 0.00749983 0.10119121 0.00000000 1.00000000 0.00000000
v -0.04538493 0.00699983 0.10097701 0.00000000 1.00000000 0.00000000
v -0.04648083 0.00749983 0.10119121 0.00000000 1.00000000 0.00000000
v -0.04613203 0.00749983 0.10165637 0.00000000 1.00000000 0.00000000
v -0.04538493 0.00699983 0.10097701 0.00000000 1.00000000 0.00000000
v -0.04584103 0.00699983 0.10040371 0.00000000 1.00000000 0.00000000
v -0.04688143 0.00749983 0.10076970 0.00000000 1.00000000 0.00000000
v -0.04648083 0.00749983 0.10119121 0.00000000 1.00000000 0.00000000
v -0.07359395 -0.00700027 0.09527401 0.00000000 1.00000000 0.00000000
v -0.07328950 -0.00700027 0.09472471 0.00000000 1.00000000 0.00000000
v -0.07257474 -0.00750027 0.09548098 0.00000000 1.00000000 0.00000000
v -0.07257474 -0.00750027 0.09548098 0.00000000 1.00000000 0.00000000
v -0.07328950 -0.00700027 0.09472471 0.00000000 1.00000000 0.00000000
v -0.07226387 -0.00750027 0.09498961 0.00000000 1.00000000 0.00000000
v -0.07226387 -0.00750027 0.09498961 0.00000000 1.00000000 0.00000000
v -0.07328950 -0.00700027 0.09472471 0.00000000 1.00000000 0.00000000
v -0.07292930 -0.00700027 0.09421024 0.00000000 1.00000000 0.00000000
v -0.07301563 -0.00750027 0.09655493 0.00000000 1.00000000 0.00000000
v -0.07383932 -0.00700027 0.09585213 0.00000000 1.00000000 0.00000000
v -0.07282646 -0.00750027 0.09600511 0.00000000 1.00000000 0.00000000
v -0.07383932 -0.00700027 0.09585213 0.00000000 1.00000000 0.00000000
v -0.07359395 -0.00700027 0.09527401 0.00000000 1.00000000 0.00000000
v -0.07282646 -0.00750027 0.09600511 0.00000000 1.00000000 0.00000000
v -0.06985521 0.00699974 0.09213650 0.00000000 1.00000000 0.00000000
v -0.06908679 0.00749975 0.09298306 0.00000000 1.00000000 0.00000000
v -0.06924328 0.00699975 0.09199520 0.00000000 1.00000000 0.00000000
v -0.06924328 0.00699975 0.09199520 0.00000000 1.00000000 0.00000000
v -0.06792807 0.00749975 0.09291146 0.00000000 1.00000000 0.00000000
v -0.06799200 0.00699975 0.09190765 0.00000000 1.00000000 0.00000000
v -0.06850952 0.00749975 0.09291352 0.00000000 1.00000000 0.00000000
v -0.06799200 0.00699975 0.09190765 0.00000000 1.00000000 0.00000000
v -0.06861993 0.00699975 0.09191863 0.00000000 1.00000000 0.00000000
v -0.06850952 0.00749975 0.09291352 0.00000000 1.00000000 0.00000000
v -0.06792807 0.00749975 0.09291146 0.00000000 1.00000000 0.00000000
v -0.06736635 0.00699975 0.09196235 0.00000000 1.00000000 0.00000000
v -0.06799200 0.00699975 0.09190765 0.00000000 1.00000000 0.00000000
v -0.07328956 0.00699973 0.09472471 0.00000000 1.00000000 0.00000000
v -0.07267721 0.00749973 0.09567583 0.00000000 1.00000000 0.00000000
v -0.07238827 0.00749973 0.09517126 0.00000000 1.00000000 0.00000000
v -0.07328956 0.00699973 0.09472471 0.00000000 1.00000000 0.00000000
v -0.07238827 0.00749973 0.09517126 0.00000000 1.00000000 0.00000000
v -0.07292936 0.00699973 0.09421024 0.00000000 1.00000000 0.00000000
v -0.07238827 0.00749973 0.09517126 0.00000000 1.00000000 0.00000000
v -0.07204270 0.00749974 0.09470364 0.00000000 1.00000000 0.00000000
v -0.07292936 0.00699973 0.09421024 0.00000000 1.00000000 0.00000000
v -0.07205806 0.00699974 0.09330790 0.00000000 1.00000000 0.00000000
v -0.07164519 0.00749974 0.09427930 0.00000000 1.00000000 0.00000000
v -0.07120110 0.00749974 0.09390398 0.00000000 1.00000000 0.00000000
v -0.07019776 0.00749974 0.09331996 0.00000000 1.00000000 0.00000000
v -0.07044902 0.00699974 0.09234100 0.00000000 1.00000000 0.00000000
v -0.07101820 0.00699974 0.09260644 0.00000000 1.00000000 0.00000000
v -0.06965209 0.00749974 0.09311916 0.00000000 1.00000000 0.00000000
v -0.07044902 0.00699974 0.09234100 0.00000000 1.00000000 0.00000000
v -0.07019776 0.00749974 0.09331996 0.00000000 1.00000000 0.00000000
v -0.06965209 0.00749974 0.09311916 0.00000000 1.00000000 0.00000000
v -0.06985521 0.00699974 0.09213650 0.00000000 1.00000000 0.00000000
v -0.07044902 0.00699974 0.09234100 0.00000000 1.00000000 0.00000000
v -0.07101820 0.00699974 0.09260644 0.00000000 1.00000000 0.00000000
v -0.07071644 0.00749974 0.09358275 0.00000000 1.00000000 0.00000000
v -0.07019776 0.00749974 0.09331996 0.00000000 1.00000000 0.00000000
v -0.07120110 0.00749974 0.09390398 0.00000000 1.00000000 0.00000000
v -0.07071644 0.00749974 0.09358275 0.00000000 1.00000000 0.00000000
v -0.07155651 0.00699974 0.09292992 0.00000000 1.00000000 0.00000000
v -0.07101820 0.00699974 0.09260644 0.00000000 1.00000000 0.00000000
v -0.07155651 0.00699974 0.09292992 0.00000000 1.00000000 0.00000000
v -0.07071644 0.00749974 0.09358275 0.00000000 1.00000000 0.00000000
v -0.07101814 -0.00700026 0.09260644 0.00000000 1.00000000 0.00000000
v -0.07101814 -0.00700026 0.09260644 0.00000000 1.00000000 0.00000000
v -0.07044896 -0.00700026 0.09234100 0.00000000 1.00000000 0.00000000
v -0.07052374 -0.00750026 0.09347623 0.00000000 1.00000000 0.00000000
v -0.07402291 -0.00700027 0.09645273 0.00000000 1.00000000 0.00000000
v -0.07383932 -0.00700027 0.09585213 0.00000000 1.00000000 0.00000000
v -0.07301563 -0.00750027 0.09655493 0.00000000 1.00000000 0.00000000
v -0.07313969 -0.00750027 0.09712299 0.00000000 1.00000000 0.00000000
v -0.07402291 -0.00700027 0.09645273 0.00000000 1.00000000 0.00000000
v -0.07301563 -0.00750027 0.09655493 0.00000000 1.00000000 0.00000000
v -0.07313969 -0.00750027 0.09712299 0.00000000 1.00000000 0.00000000
v -0.07414272 -0.00700027 0.09706923 0.00000000 1.00000000 0.00000000
v -0.07402291 -0.00700027 0.09645273 0.00000000 1.00000000 0.00000000
v -0.07164519 0.00749974 0.09427930 0.00000000 1.00000000 0.00000000
v -0.07251735 0.00699973 0.09373624 0.00000000 1.00000000 0.00000000
v -0.07204270 0.00749974 0.09470364 0.00000000 1.00000000 0.00000000
v -0.07204270 0.00749974 0.09470364 0.00000000 1.00000000 0.00000000
v -0.07251735 0.00699973 0.09373624 0.00000000 1.00000000 0.00000000
v -0.07292936 0.00699973 0.09421024 0.00000000 1.00000000 0.00000000
v -0.07164519 0.00749974 0.09427930 0.00000000 1.00000000 0.00000000
v -0.07205806 0.00699974 0.09330790 0.00000000 1.00000000 0.00000000
v -0.07251735 0.00699973 0.09373624 0.00000000 1.00000000 0.00000000
v -0.04929798 -0.00700018 0.14241860 0.00000000 1.00000000 0.00000000
v -0.04929803 0.00699982 0.14241860 0.00000000 1.00000000 0.00000000
v -0.05429797 -0.00700020 0.14241890 0.00000000 1.00000000 0.00000000
v -0.05429803 0.00699980 0.14241890 0.00000000 1.00000000 0.00000000
v -0.04429927 -0.00700016 0.11141840 0.00000000 1.00000000 0.00000000
v -0.04929803 0.00699982 0.14241860 0.00000000 1.00000000 0.00000000
v -0.04929798 -0.00700018 0.14241860 0.00000000 1.00000000 0.00000000
v -0.04429933 0.00699984 0.11141840 0.00000000 1.00000000 0.00000000
v -0.07376407 -0.00700027 0.10015189 0.00000000 1.00000000 0.00000000
v -0.05429797 -0.00700020 0.14241890 0.00000000 1.00000000 0.00000000
v -0.05429803 0.00699980 0.14241890 0.00000000 1.00000000 0.00000000
v -0.07376413 0.00699973 0.10015189 0.00000000 1.00000000 0.00000000
v -0.06736635 0.00699975 0.09196235 0.00000000 1.00000000 0.00000000
v -0.06674986 0.00699975 0.09208216 0.00000000 1.00000000 0.00000000
v -0.06674980 -0.00700025 0.09208216 0.00000000 1.00000000 0.00000000
v -0.06736630 -0.00700025 0.09196235 0.00000000 1.00000000 0.00000000
v -0.06614926 0.00699976 0.09226575 0.00000000 1.00000000 0.00000000
v -0.06674980 -0.00700025 0.09208216 0.00000000 1.00000000 0.00000000
v -0.06674986 0.00699975 0.09208216 0.00000000 1.00000000 0.00000000
v -0.06614920 -0.00700024 0.09226575 0.00000000 1.00000000 0.00000000
v -0.06614920 -0.00700024 0.09226575 0.00000000 1.00000000 0.00000000
v -0.06614926 0.00699976 0.09226575 0.00000000 1.00000000 0.00000000
v -0.04824777 -0.00700018 0.09878044 0.00000000 1.00000000 0.00000000
v -0.04824783 0.00699982 0.09878044 0.00000000 1.00000000 0.00000000
v -0.07396863 0.00699973 0.09955808 0.00000000 1.00000000 0.00000000
v -0.07410993 0.00699973 0.09894615 0.00000000 1.00000000 0.00000000
v -0.07396857 -0.00700027 0.09955808 0.00000000 1.00000000 0.00000000
v -0.07410987 -0.00700027 0.09894615 0.00000000 1.00000000 0.00000000
v -0.07376407 -0.00700027 0.10015189 0.00000000 1.00000000 0.00000000
v -0.07376413 0.00699973 0.10015189 0.00000000 1.00000000 0.00000000
v -0.07396857 -0.00700027 0.09955808 0.00000000 1.00000000 0.00000000
v -0.07396863 0.00699973 0.09955808 0.00000000 1.00000000 0.00000000
v -0.04824783 0.00699982 0.09878044 0.00000000 1.00000000 0.00000000
v -0.04757603 0.00699983 0.09907253 0.00000000 1.00000000 0.00000000
v -0.04824777 -0.00700018 0.09878044 0.00000000 1.00000000 0.00000000
v -0.04757598 -0.00700017 0.09907253 0.00000000 1.00000000 0.00000000
v -0.04429927 -0.00700016 0.11141840 0.00000000 1.00000000 0.00000000
v -0.04429973 0.00699984 0.10441842 0.00000000 1.00000000 0.00000000
v -0.04429933 0.00699984 0.11141840 0.00000000 1.00000000 0.00000000
v -0.04429967 -0.00700016 0.10441842 0.00000000 1.00000000 0.00000000
v -0.04636347 -0.00700017 0.09989025 0.00000000 1.00000000 0.00000000
v -0.04694473 0.00699983 0.09944431 0.00000000 1.00000000 0.00000000
v -0.04636353 0.00699983 0.09989025 0.00000000 1.00000000 0.00000000
v -0.04694468 -0.00700017 0.09944431 0.00000000 1.00000000 0.00000000
v -0.04757603 0.00699983 0.09907253 0.00000000 1.00000000 0.00000000
v -0.04694473 0.00699983 0.09944431 0.00000000 1.00000000 0.00000000
v -0.04757598 -0.00700017 0.09907253 0.00000000 1.00000000 0.00000000
v -0.04694468 -0.00700017 0.09944431 0.00000000 1.00000000 0.00000000
v -0.04500207 -0.00700017 0.10160162 0.00000000 1.00000000 0.00000000
v -0.04538493 0.00699983 0.10097701 0.00000000 1.00000000 0.00000000
v -0.04500213 0.00699983 0.10160162 0.00000000 1.00000000 0.00000000
v -0.04538487 -0.00700017 0.10097701 0.00000000 1.00000000 0.00000000
v -0.04500213 0.00699983 0.10160162 0.00000000 1.00000000 0.00000000
v -0.04469827 -0.00700016 0.10226823 0.00000000 1.00000000 0.00000000
v -0.04500207 -0.00700017 0.10160162 0.00000000 1.00000000 0.00000000
v -0.04469833 0.00699984 0.10226823 0.00000000 1.00000000 0.00000000
v -0.04447797 -0.00700016 0.10296690 0.00000000 1.00000000 0.00000000
v -0.04469827 -0.00700016 0.10226823 0.00000000 1.00000000 0.00000000
v -0.04447803 0.00699984 0.10296690 0.00000000 1.00000000 0.00000000
v -0.04469833 0.00699984 0.10226823 0.00000000 1.00000000 0.00000000
v -0.07418650 0.00699973 0.09832281 0.00000000 1.00000000 0.00000000
v -0.07410987 -0.00700027 0.09894615 0.00000000 1.00000000 0.00000000
v -0.07410993 0.00699973 0.09894615 0.00000000 1.00000000 0.00000000
v -0.07418644 -0.00700027 0.09832281 0.00000000 1.00000000 0.00000000
v -0.07418644 -0.00700027 0.09832281 0.00000000 1.00000000 0.00000000
v -0.07418650 0.00699973 0.09832281 0.00000000 1.00000000 0.00000000
v -0.07419742 -0.00700027 0.09769487 0.00000000 1.00000000 0.00000000
v -0.07419748 0.00699973 0.09769487 0.00000000 1.00000000 0.00000000
v -0.04584103 0.00699983 0.10040371 0.00000000 1.00000000 0.00000000
v -0.04636347 -0.00700017 0.09989025 0.00000000 1.00000000 0.00000000
v -0.04636353 0.00699983 0.09989025 0.00000000 1.00000000 0.00000000
v -0.04584097 -0.00700017 0.10040371 0.00000000 1.00000000 0.00000000
v -0.04584103 0.00699983 0.10040371 0.00000000 1.00000000 0.00000000
v -0.04538493 0.00699983 0.10097701 0.00000000 1.00000000 0.00000000
v -0.04538487 -0.00700017 0.10097701 0.00000000 1.00000000 0.00000000
v -0.04584097 -0.00700017 0.10040371 0.00000000 1.00000000 0.00000000
v -0.04434437 -0.00700016 0.10368721 0.00000000 1.00000000 0.00000000
v -0.04429973 0.00699984 0.10441842 0.00000000 1.00000000 0.00000000
v -0.04429967 -0.00700016 0.10441842 0.00000000 1.00000000 0.00000000
v -0.04434442 0.00699984 0.10368721 0.00000000 1.00000000 0.00000000
v -0.04447797 -0.00700016 0.10296690 0.00000000 1.00000000 0.00000000
v -0.04447803 0.00699984 0.10296690 0.00000000 1.00000000 0.00000000
v -0.04434437 -0.00700016 0.10368721 0.00000000 1.00000000 0.00000000
v -0.04434442 0.00699984 0.10368721 0.00000000 1.00000000 0.00000000
v -0.07319697 -0.00750027 0.09770161 0.00000000 1.00000000 0.00000000
v -0.04601437 -0.00750017 0.10184249 0.00000000 1.00000000 0.00000000
v -0.07318669 -0.00750027 0.09828296 0.00000000 1.00000000 0.00000000
v -0.04623687 -0.00750017 0.10733308 0.00000000 1.00000000 0.00000000
v -0.04660267 -0.00750017 0.10778503 0.00000000 1.00000000 0.00000000
v -0.07036569 -0.00750026 0.10241115 0.00000000 1.00000000 0.00000000
v -0.07087430 -0.00750026 0.10212938 0.00000000 1.00000000 0.00000000
v -0.07102207 -0.00750026 0.09377581 0.00000000 1.00000000 0.00000000
v -0.07148225 -0.00750026 0.09413122 0.00000000 1.00000000 0.00000000
v -0.05192637 -0.00750019 0.10914670 0.00000000 1.00000000 0.00000000
v -0.06982780 -0.00750026 0.10263197 0.00000000 1.00000000 0.00000000
v -0.06770853 -0.00750025 0.09292832 0.00000000 1.00000000 0.00000000
v -0.06713422 -0.00750025 0.09301914 0.00000000 1.00000000 0.00000000
v -0.06886928 -0.00750025 0.09294885 0.00000000 1.00000000 0.00000000
v -0.06944002 -0.00750026 0.09305993 0.00000000 1.00000000 0.00000000
v -0.07282646 -0.00750027 0.09600511 0.00000000 1.00000000 0.00000000
v -0.07257474 -0.00750027 0.09548098 0.00000000 1.00000000 0.00000000
v -0.07275641 -0.00750027 0.09996529 0.00000000 1.00000000 0.00000000
v -0.07296490 -0.00750027 0.09942251 0.00000000 1.00000000 0.00000000
v -0.07134676 -0.00750026 0.10179047 0.00000000 1.00000000 0.00000000
v -0.04536097 -0.00750017 0.10519970 0.00000000 1.00000000 0.00000000
v -0.04548507 -0.00750017 0.10576776 0.00000000 1.00000000 0.00000000
v -0.04963147 -0.00750018 0.10937380 0.00000000 1.00000000 0.00000000
v -0.04906067 -0.00750018 0.10926280 0.00000000 1.00000000 0.00000000
v -0.04797697 -0.00750018 0.10884650 0.00000000 1.00000000 0.00000000
v -0.04747867 -0.00750017 0.10854690 0.00000000 1.00000000 0.00000000
v -0.04672397 -0.00750017 0.10092369 0.00000000 1.00000000 0.00000000
v -0.04715397 -0.00750017 0.10053222 0.00000000 1.00000000 0.00000000
v -0.04867287 -0.00750018 0.09969071 0.00000000 1.00000000 0.00000000
v -0.06657434 -0.00750024 0.09317603 0.00000000 1.00000000 0.00000000
v -0.04813507 -0.00750018 0.09991153 0.00000000 1.00000000 0.00000000
v -0.07310898 -0.00750027 0.09885920 0.00000000 1.00000000 0.00000000
v -0.07248630 -0.00750027 0.10048020 0.00000000 1.00000000 0.00000000
v -0.07215825 -0.00750027 0.10096026 0.00000000 1.00000000 0.00000000
v -0.04567427 -0.00750017 0.10631757 0.00000000 1.00000000 0.00000000
v -0.04701847 -0.00750017 0.10819150 0.00000000 1.00000000 0.00000000
v -0.05021117 -0.00750018 0.10941790 0.00000000 1.00000000 0.00000000
v -0.06999400 -0.00750026 0.09323652 0.00000000 1.00000000 0.00000000
v -0.04762637 -0.00750017 0.10019331 0.00000000 1.00000000 0.00000000
v -0.04531397 -0.00750017 0.10403972 0.00000000 1.00000000 0.00000000
v -0.04539177 -0.00750017 0.10346349 0.00000000 1.00000000 0.00000000
v -0.07313969 -0.00750027 0.09712299 0.00000000 1.00000000 0.00000000
v -0.05079217 -0.00750019 0.10939440 0.00000000 1.00000000 0.00000000
v -0.07177668 -0.00750026 0.10139900 0.00000000 1.00000000 0.00000000
v -0.04592597 -0.00750017 0.10684171 0.00000000 1.00000000 0.00000000
v -0.04530377 -0.00750017 0.10462108 0.00000000 1.00000000 0.00000000
v -0.04850667 -0.00750018 0.10908620 0.00000000 1.00000000 0.00000000
v -0.06828951 -0.00750025 0.09290478 0.00000000 1.00000000 0.00000000
v -0.05136647 -0.00750019 0.10930350 0.00000000 1.00000000 0.00000000
v -0.07301563 -0.00750027 0.09655493 0.00000000 1.00000000 0.00000000
v -0.07189806 -0.00750026 0.09453765 0.00000000 1.00000000 0.00000000
v -0.04634247 -0.00750017 0.10136243 0.00000000 1.00000000 0.00000000
v -0.07052374 -0.00750026 0.09347623 0.00000000 1.00000000 0.00000000
v -0.04553577 -0.00750017 0.10290018 0.00000000 1.00000000 0.00000000
v -0.07226387 -0.00750027 0.09498961 0.00000000 1.00000000 0.00000000
v -0.04574427 -0.00750017 0.10235740 0.00000000 1.00000000 0.00000000
v -0.07419748 0.00699973 0.09769487 0.00000000 1.00000000 0.00000000
v -0.07414278 0.00699973 0.09706923 0.00000000 1.00000000 0.00000000
v -0.07419742 -0.00700027 0.09769487 0.00000000 1.00000000 0.00000000
v -0.07414272 -0.00700027 0.09706923 0.00000000 1.00000000 0.00000000
v -0.07205806 0.00699974 0.09330790 0.00000000 1.00000000 0.00000000
v -0.07155645 -0.00700026 0.09292992 0.00000000 1.00000000 0.00000000
v -0.07205800 -0.00700026 0.09330790 0.00000000 1.00000000 0.00000000
v -0.07155651 0.00699974 0.09292992 0.00000000 1.00000000 0.00000000
v -0.07328956 0.00699973 0.09472471 0.00000000 1.00000000 0.00000000
v -0.07292936 0.00699973 0.09421024 0.00000000 1.00000000 0.00000000
v -0.07328950 -0.00700027 0.09472471 0.00000000 1.00000000 0.00000000
v -0.07292930 -0.00700027 0.09421024 0.00000000 1.00000000 0.00000000
v -0.07359395 -0.00700027 0.09527401 0.00000000 1.00000000 0.00000000
v -0.07359401 0.00699973 0.09527401 0.00000000 1.00000000 0.00000000
v -0.07328950 -0.00700027 0.09472471 0.00000000 1.00000000 0.00000000
v -0.07328956 0.00699973 0.09472471 0.00000000 1.00000000 0.00000000
v -0.07359395 -0.00700027 0.09527401 0.00000000 1.00000000 0.00000000
v -0.07383932 -0.00700027 0.09585213 0.00000000 1.00000000 0.00000000
v -0.07359401 0.00699973 0.09527401 0.00000000 1.00000000 0.00000000
v -0.07383938 0.00699973 0.09585213 0.00000000 1.00000000 0.00000000
v -0.06924322 -0.00700025 0.09199520 0.00000000 1.00000000 0.00000000
v -0.06985515 -0.00700026 0.09213650 0.00000000 1.00000000 0.00000000
v -0.06924328 0.00699975 0.09199520 0.00000000 1.00000000 0.00000000
v -0.06985521 0.00699974 0.09213650 0.00000000 1.00000000 0.00000000
v -0.06924322 -0.00700025 0.09199520 0.00000000 1.00000000 0.00000000
v -0.06924328 0.00699975 0.09199520 0.00000000 1.00000000 0.00000000
v -0.06861988 -0.00700025 0.09191863 0.00000000 1.00000000 0.00000000
v -0.06861993 0.00699975 0.09191863 0.00000000 1.00000000 0.00000000
v -0.06736630 -0.00700025 0.09196235 0.00000000 1.00000000 0.00000000
v -0.06799200 0.00699975 0.09190765 0.00000000 1.00000000 0.00000000
v -0.06736635 0.00699975 0.09196235 0.00000000 1.00000000 0.00000000
v -0.06799194 -0.00700025 0.09190765 0.00000000 1.00000000 0.00000000
v -0.06861993 0.00699975 0.09191863 0.00000000 1.00000000 0.00000000
v -0.06799200 0.00699975 0.09190765 0.00000000 1.00000000 0.00000000
v -0.06861988 -0.00700025 0.09191863 0.00000000 1.00000000 0.00000000
v -0.06799194 -0.00700025 0.09190765 0.00000000 1.00000000 0.00000000
v -0.06985515 -0.00700026 0.09213650 0.00000000 1.00000000 0.00000000
v -0.07044902 0.00699974 0.09234100 0.00000000 1.00000000 0.00000000
v -0.06985521 0.00699974 0.09213650 0.00000000 1.00000000 0.00000000
v -0.07044896 -0.00700026 0.09234100 0.00000000 1.00000000 0.00000000
v -0.04830303 0.00749982 0.10900270 0.00000000 1.00000000 0.00000000
v -0.07071644 0.00749974 0.09358275 0.00000000 1.00000000 0.00000000
v -0.04884873 0.00749982 0.10920350 0.00000000 1.00000000 0.00000000
v -0.05226383 0.00749981 0.10901680 0.00000000 1.00000000 0.00000000
v -0.07016527 0.00749974 0.10250206 0.00000000 1.00000000 0.00000000
v -0.07201995 0.00749974 0.10113147 0.00000000 1.00000000 0.00000000
v -0.07161945 0.00749974 0.10155299 0.00000000 1.00000000 0.00000000
v -0.07290562 0.00749973 0.09621054 0.00000000 1.00000000 0.00000000
v -0.07307041 0.00749973 0.09676815 0.00000000 1.00000000 0.00000000
v -0.07289351 0.00749973 0.09963072 0.00000000 1.00000000 0.00000000
v -0.07306224 0.00749973 0.09907429 0.00000000 1.00000000 0.00000000
v -0.05057273 0.00749981 0.10941120 0.00000000 1.00000000 0.00000000
v -0.05115053 0.00749981 0.10934580 0.00000000 1.00000000 0.00000000
v -0.04729973 0.00749983 0.10841870 0.00000000 1.00000000 0.00000000
v -0.04685563 0.00749983 0.10804340 0.00000000 1.00000000 0.00000000
v -0.04529973 0.00749983 0.10440099 0.00000000 1.00000000 0.00000000
v -0.04533153 0.00749983 0.10498157 0.00000000 1.00000000 0.00000000
v -0.04543853 0.00749983 0.10324840 0.00000000 1.00000000 0.00000000
v -0.04560733 0.00749983 0.10269197 0.00000000 1.00000000 0.00000000
v -0.05171673 0.00749981 0.10921370 0.00000000 1.00000000 0.00000000
v -0.07236882 0.00749973 0.10066631 0.00000000 1.00000000 0.00000000
v -0.07117271 0.00749974 0.10192516 0.00000000 1.00000000 0.00000000
v -0.07068579 0.00749974 0.10224295 0.00000000 1.00000000 0.00000000
v -0.04941403 0.00749982 0.10933960 0.00000000 1.00000000 0.00000000
v -0.04999133 0.00749982 0.10940920 0.00000000 1.00000000 0.00000000
v -0.04533563 0.00749983 0.10382065 0.00000000 1.00000000 0.00000000
v -0.06735032 0.00749975 0.09297692 0.00000000 1.00000000 0.00000000
v -0.06678407 0.00749975 0.09310901 0.00000000 1.00000000 0.00000000
v -0.04543043 0.00749983 0.10555454 0.00000000 1.00000000 0.00000000
v -0.04559523 0.00749983 0.10611215 0.00000000 1.00000000 0.00000000
v -0.07164519 0.00749974 0.09427930 0.00000000 1.00000000 0.00000000
v -0.07204270 0.00749974 0.09470364 0.00000000 1.00000000 0.00000000
v -0.04778443 0.00749982 0.10873990 0.00000000 1.00000000 0.00000000
v -0.06623699 0.00749976 0.09330594 0.00000000 1.00000000 0.00000000
v -0.07316524 0.00749973 0.09850204 0.00000000 1.00000000 0.00000000
v -0.04781503 0.00749982 0.10007974 0.00000000 1.00000000 0.00000000
v -0.04732813 0.00749983 0.10039753 0.00000000 1.00000000 0.00000000
v -0.04645813 0.00749983 0.10761905 0.00000000 1.00000000 0.00000000
v -0.04583953 0.00749983 0.10215889 0.00000000 1.00000000 0.00000000
v -0.04613203 0.00749983 0.10165637 0.00000000 1.00000000 0.00000000
v -0.07266132 0.00749973 0.10016379 0.00000000 1.00000000 0.00000000
v -0.04833553 0.00749982 0.09982063 0.00000000 1.00000000 0.00000000
v -0.04582363 0.00749983 0.10664686 0.00000000 1.00000000 0.00000000
v -0.07320110 0.00749973 0.09792170 0.00000000 1.00000000 0.00000000
v -0.04688143 0.00749983 0.10076970 0.00000000 1.00000000 0.00000000
v -0.07316934 0.00749973 0.09734112 0.00000000 1.00000000 0.00000000
v -0.04611253 0.00749983 0.10715143 0.00000000 1.00000000 0.00000000
v -0.06850952 0.00749975 0.09291352 0.00000000 1.00000000 0.00000000
v -0.06908679 0.00749975 0.09298306 0.00000000 1.00000000 0.00000000
v -0.06792807 0.00749975 0.09291146 0.00000000 1.00000000 0.00000000
v -0.07267721 0.00749973 0.09567583 0.00000000 1.00000000 0.00000000
v -0.07238827 0.00749973 0.09517126 0.00000000 1.00000000 0.00000000
v -0.06965209 0.00749974 0.09311916 0.00000000 1.00000000 0.00000000
v -0.07019776 0.00749974 0.09331996 0.00000000 1.00000000 0.00000000
v -0.04648083 0.00749983 0.10119121 0.00000000 1.00000000 0.00000000
v -0.07120110 0.00749974 0.09390398 0.00000000 1.00000000 0.00000000
v -0.07101814 -0.00700026 0.09260644 0.00000000 1.00000000 0.00000000
v -0.07155645 -0.00700026 0.09292992 0.00000000 1.00000000 0.00000000
v -0.07155651 0.00699974 0.09292992 0.00000000 1.00000000 0.00000000
v -0.07101820 0.00699974 0.09260644 0.00000000 1.00000000 0.00000000
v -0.07044896 -0.00700026 0.09234100 0.00000000 1.00000000 0.00000000
v -0.07101814 -0.00700026 0.09260644 0.00000000 1.00000000 0.00000000
v -0.07044902 0.00699974 0.09234100 0.00000000 1.00000000 0.00000000
v -0.07101820 0.00699974 0.09260644 0.00000000 1.00000000 0.00000000
v -0.07414278 0.00699973 0.09706923 0.00000000 1.00000000 0.00000000
v -0.07402291 -0.00700027 0.09645273 0.00000000 1.00000000 0.00000000
v -0.07414272 -0.00700027 0.09706923 0.00000000 1.00000000 0.00000000
v -0.07402297 0.00699973 0.09645273 0.00000000 1.00000000 0.00000000
v -0.07383932 -0.00700027 0.09585213 0.00000000 1.00000000 0.00000000
v -0.07402291 -0.00700027 0.09645273 0.00000000 1.00000000 0.00000000
v -0.07383938 0.00699973 0.09585213 0.00000000 1.00000000 0.00000000
v -0.07402297 0.00699973 0.09645273 0.00000000 1.00000000 0.00000000
v -0.07292936 0.00699973 0.09421024 0.00000000 1.00000000 0.00000000
v -0.07251735 0.00699973 0.09373624 0.00000000 1.00000000 0.00000000
v -0.07292930 -0.00700027 0.09421024 0.00000000 1.00000000 0.00000000
v -0.07251729 -0.00700027 0.09373624 0.00000000 1.00000000 0.00000000
v -0.07205800 -0.00700026 0.09330790 0.00000000 1.00000000 0.00000000
v -0.07251735 0.00699973 0.09373624 0.00000000 1.00000000 0.00000000
v -0.07205806 0.00699974 0.09330790 0.00000000 1.00000000 0.00000000
v -0.07251729 -0.00700027 0.09373624 0.00000000 1.00000000 0.00000000
v 0.05429797 0.00700020 0.14241890 0.00000000 1.00000000 0.00000000
v 0.05021117 0.00750018 0.10941790 0.00000000 1.00000000 0.00000000
v 0.04929798 0.00700018 0.14241860 0.00000000 1.00000000 0.00000000
v 0.07266132 -0.00749973 0.10016379 0.00000000 1.00000000 0.00000000
v 0.07376413 -0.00699973 0.10015189 0.00000000 1.00000000 0.00000000
v 0.05429803 -0.00699980 0.14241890 0.00000000 1.00000000 0.00000000
v 0.04929803 -0.00699982 0.14241860 0.00000000 1.00000000 0.00000000
v 0.05057273 -0.00749981 0.10941120 0.00000000 1.00000000 0.00000000
v 0.05429803 -0.00699980 0.14241890 0.00000000 1.00000000 0.00000000
v 0.04533153 -0.00749983 0.10498157 0.00000000 1.00000000 0.00000000
v 0.04929803 -0.00699982 0.14241860 0.00000000 1.00000000 0.00000000
v 0.04429933 -0.00699984 0.11141840 0.00000000 1.00000000 0.00000000
v 0.04762637 0.00750017 0.10019331 0.00000000 1.00000000 0.00000000
v 0.04757598 0.00700017 0.09907253 0.00000000 1.00000000 0.00000000
v 0.04694468 0.00700017 0.09944431 0.00000000 1.00000000 0.00000000
v 0.06614920 0.00700024 0.09226575 0.00000000 1.00000000 0.00000000
v 0.04867287 0.00750018 0.09969071 0.00000000 1.00000000 0.00000000
v 0.06657434 0.00750024 0.09317603 0.00000000 1.00000000 0.00000000
v 0.04824777 0.00700018 0.09878044 0.00000000 1.00000000 0.00000000
v 0.05171673 -0.00749981 0.10921370 0.00000000 1.00000000 0.00000000
v 0.05226383 -0.00749981 0.10901680 0.00000000 1.00000000 0.00000000
v 0.05429803 -0.00699980 0.14241890 0.00000000 1.00000000 0.00000000
v 0.07016527 -0.00749974 0.10250206 0.00000000 1.00000000 0.00000000
v 0.05171673 -0.00749981 0.10921370 0.00000000 1.00000000 0.00000000
v 0.05429803 -0.00699980 0.14241890 0.00000000 1.00000000 0.00000000
v 0.05115053 -0.00749981 0.10934580 0.00000000 1.00000000 0.00000000
v 0.05057273 -0.00749981 0.10941120 0.00000000 1.00000000 0.00000000
v 0.06674980 0.00700025 0.09208216 0.00000000 1.00000000 0.00000000
v 0.06614920 0.00700024 0.09226575 0.00000000 1.00000000 0.00000000
v 0.06657434 0.00750024 0.09317603 0.00000000 1.00000000 0.00000000
v 0.06614926 -0.00699976 0.09226575 0.00000000 1.00000000 0.00000000
v 0.04833553 -0.00749982 0.09982063 0.00000000 1.00000000 0.00000000
v 0.04824783 -0.00699982 0.09878044 0.00000000 1.00000000 0.00000000
v 0.04529973 -0.00749983 0.10440099 0.00000000 1.00000000 0.00000000
v 0.04533153 -0.00749983 0.10498157 0.00000000 1.00000000 0.00000000
v 0.04429933 -0.00699984 0.11141840 0.00000000 1.00000000 0.00000000
v 0.04429967 0.00700016 0.10441842 0.00000000 1.00000000 0.00000000
v 0.04429927 0.00700016 0.11141840 0.00000000 1.00000000 0.00000000
v 0.04530377 0.00750017 0.10462108 0.00000000 1.00000000 0.00000000
v 0.07418644 0.00700027 0.09832281 0.00000000 1.00000000 0.00000000
v 0.07318669 0.00750027 0.09828296 0.00000000 1.00000000 0.00000000
v 0.07410987 0.00700027 0.09894615 0.00000000 1.00000000 0.00000000
v 0.07296490 0.00750027 0.09942251 0.00000000 1.00000000 0.00000000
v 0.07376407 0.00700027 0.10015189 0.00000000 1.00000000 0.00000000
v 0.07396857 0.00700027 0.09955808 0.00000000 1.00000000 0.00000000
v 0.07376407 0.00700027 0.10015189 0.00000000 1.00000000 0.00000000
v 0.07275641 0.00750027 0.09996529 0.00000000 1.00000000 0.00000000
v 0.05429797 0.00700020 0.14241890 0.00000000 1.00000000 0.00000000
v 0.07296490 0.00750027 0.09942251 0.00000000 1.00000000 0.00000000
v 0.07275641 0.00750027 0.09996529 0.00000000 1.00000000 0.00000000
v 0.07376407 0.00700027 0.10015189 0.00000000 1.00000000 0.00000000
v 0.06982780 0.00750026 0.10263197 0.00000000 1.00000000 0.00000000
v 0.05192637 0.00750019 0.10914670 0.00000000 1.00000000 0.00000000
v 0.05429797 0.00700020 0.14241890 0.00000000 1.00000000 0.00000000
v 0.04701847 0.00750017 0.10819150 0.00000000 1.00000000 0.00000000
v 0.04660267 0.00750017 0.10778503 0.00000000 1.00000000 0.00000000
v 0.04929798 0.00700018 0.14241860 0.00000000 1.00000000 0.00000000
v 0.04963147 0.00750018 0.10937380 0.00000000 1.00000000 0.00000000
v 0.04747867 0.00750017 0.10854690 0.00000000 1.00000000 0.00000000
v 0.04701847 0.00750017 0.10819150 0.00000000 1.00000000 0.00000000
v 0.04929798 0.00700018 0.14241860 0.00000000 1.00000000 0.00000000
v 0.06674980 0.00700025 0.09208216 0.00000000 1.00000000 0.00000000
v 0.06713422 0.00750025 0.09301914 0.00000000 1.00000000 0.00000000
v 0.06736630 0.00700025 0.09196235 0.00000000 1.00000000 0.00000000
v 0.06674980 0.00700025 0.09208216 0.00000000 1.00000000 0.00000000
v 0.06657434 0.00750024 0.09317603 0.00000000 1.00000000 0.00000000
v 0.06713422 0.00750025 0.09301914 0.00000000 1.00000000 0.00000000
v 0.04715397 0.00750017 0.10053222 0.00000000 1.00000000 0.00000000
v 0.04762637 0.00750017 0.10019331 0.00000000 1.00000000 0.00000000
v 0.04694468 0.00700017 0.09944431 0.00000000 1.00000000 0.00000000
v 0.04636347 0.00700017 0.09989025 0.00000000 1.00000000 0.00000000
v 0.04715397 0.00750017 0.10053222 0.00000000 1.00000000 0.00000000
v 0.04694468 0.00700017 0.09944431 0.00000000 1.00000000 0.00000000
v 0.04757598 0.00700017 0.09907253 0.00000000 1.00000000 0.00000000
v 0.04813507 0.00750018 0.09991153 0.00000000 1.00000000 0.00000000
v 0.04824777 0.00700018 0.09878044 0.00000000 1.00000000 0.00000000
v 0.04813507 0.00750018 0.09991153 0.00000000 1.00000000 0.00000000
v 0.04867287 0.00750018 0.09969071 0.00000000 1.00000000 0.00000000
v 0.04824777 0.00700018 0.09878044 0.00000000 1.00000000 0.00000000
v 0.04757598 0.00700017 0.09907253 0.00000000 1.00000000 0.00000000
v 0.04762637 0.00750017 0.10019331 0.00000000 1.00000000 0.00000000
v 0.04813507 0.00750018 0.09991153 0.00000000 1.00000000 0.00000000
v 0.07161945 -0.00749974 0.10155299 0.00000000 1.00000000 0.00000000
v 0.07201995 -0.00749974 0.10113147 0.00000000 1.00000000 0.00000000
v 0.05429803 -0.00699980 0.14241890 0.00000000 1.00000000 0.00000000
v 0.07016527 -0.00749974 0.10250206 0.00000000 1.00000000 0.00000000
v 0.07068579 -0.00749974 0.10224295 0.00000000 1.00000000 0.00000000
v 0.05429803 -0.00699980 0.14241890 0.00000000 1.00000000 0.00000000
v 0.04929803 -0.00699982 0.14241860 0.00000000 1.00000000 0.00000000
v 0.04778443 -0.00749982 0.10873990 0.00000000 1.00000000 0.00000000
v 0.04830303 -0.00749982 0.10900270 0.00000000 1.00000000 0.00000000
v 0.04884873 -0.00749982 0.10920350 0.00000000 1.00000000 0.00000000
v 0.04999133 -0.00749982 0.10940920 0.00000000 1.00000000 0.00000000
v 0.06674986 -0.00699975 0.09208216 0.00000000 1.00000000 0.00000000
v 0.06678407 -0.00749975 0.09310901 0.00000000 1.00000000 0.00000000
v 0.06614926 -0.00699976 0.09226575 0.00000000 1.00000000 0.00000000
v 0.04833553 -0.00749982 0.09982063 0.00000000 1.00000000 0.00000000
v 0.04757603 -0.00699983 0.09907253 0.00000000 1.00000000 0.00000000
v 0.04824783 -0.00699982 0.09878044 0.00000000 1.00000000 0.00000000
v 0.07396863 -0.00699973 0.09955808 0.00000000 1.00000000 0.00000000
v 0.07306224 -0.00749973 0.09907429 0.00000000 1.00000000 0.00000000
v 0.07410993 -0.00699973 0.09894615 0.00000000 1.00000000 0.00000000
v 0.04529973 -0.00749983 0.10440099 0.00000000 1.00000000 0.00000000
v 0.04429933 -0.00699984 0.11141840 0.00000000 1.00000000 0.00000000
v 0.04429973 -0.00699984 0.10441842 0.00000000 1.00000000 0.00000000
v 0.04560733 -0.00749983 0.10269197 0.00000000 1.00000000 0.00000000
v 0.04543853 -0.00749983 0.10324840 0.00000000 1.00000000 0.00000000
v 0.04447803 -0.00699984 0.10296690 0.00000000 1.00000000 0.00000000
v 0.07419742 0.00700027 0.09769487 0.00000000 1.00000000 0.00000000
v 0.07319697 0.00750027 0.09770161 0.00000000 1.00000000 0.00000000
v 0.07418644 0.00700027 0.09832281 0.00000000 1.00000000 0.00000000
v 0.07318669 0.00750027 0.09828296 0.00000000 1.00000000 0.00000000
v 0.07414272 0.00700027 0.09706923 0.00000000 1.00000000 0.00000000
v 0.07319697 0.00750027 0.09770161 0.00000000 1.00000000 0.00000000
v 0.07419742 0.00700027 0.09769487 0.00000000 1.00000000 0.00000000
v 0.07318669 0.00750027 0.09828296 0.00000000 1.00000000 0.00000000
v 0.07310898 0.00750027 0.09885920 0.00000000 1.00000000 0.00000000
v 0.07410987 0.00700027 0.09894615 0.00000000 1.00000000 0.00000000
v 0.07410987 0.00700027 0.09894615 0.00000000 1.00000000 0.00000000
v 0.07310898 0.00750027 0.09885920 0.00000000 1.00000000 0.00000000
v 0.07396857 0.00700027 0.09955808 0.00000000 1.00000000 0.00000000
v 0.07396857 0.00700027 0.09955808 0.00000000 1.00000000 0.00000000
v 0.07310898 0.00750027 0.09885920 0.00000000 1.00000000 0.00000000
v 0.07296490 0.00750027 0.09942251 0.00000000 1.00000000 0.00000000
v 0.07275641 0.00750027 0.09996529 0.00000000 1.00000000 0.00000000
v 0.07248630 0.00750027 0.10048020 0.00000000 1.00000000 0.00000000
v 0.05429797 0.00700020 0.14241890 0.00000000 1.00000000 0.00000000
v 0.05079217 0.00750019 0.10939440 0.00000000 1.00000000 0.00000000
v 0.07177668 0.00750026 0.10139900 0.00000000 1.00000000 0.00000000
v 0.07134676 0.00750026 0.10179047 0.00000000 1.00000000 0.00000000
v 0.05429797 0.00700020 0.14241890 0.00000000 1.00000000 0.00000000
v 0.07134676 0.00750026 0.10179047 0.00000000 1.00000000 0.00000000
v 0.07087430 0.00750026 0.10212938 0.00000000 1.00000000 0.00000000
v 0.05429797 0.00700020 0.14241890 0.00000000 1.00000000 0.00000000
v 0.07036569 0.00750026 0.10241115 0.00000000 1.00000000 0.00000000
v 0.07036569 0.00750026 0.10241115 0.00000000 1.00000000 0.00000000
v 0.04592597 0.00750017 0.10684171 0.00000000 1.00000000 0.00000000
v 0.04567427 0.00750017 0.10631757 0.00000000 1.00000000 0.00000000
v 0.04929798 0.00700018 0.14241860 0.00000000 1.00000000 0.00000000
v 0.04567427 0.00750017 0.10631757 0.00000000 1.00000000 0.00000000
v 0.04548507 0.00750017 0.10576776 0.00000000 1.00000000 0.00000000
v 0.04929798 0.00700018 0.14241860 0.00000000 1.00000000 0.00000000
v 0.04929798 0.00700018 0.14241860 0.00000000 1.00000000 0.00000000
v 0.04536097 0.00750017 0.10519970 0.00000000 1.00000000 0.00000000
v 0.04429927 0.00700016 0.11141840 0.00000000 1.00000000 0.00000000
v 0.04548507 0.00750017 0.10576776 0.00000000 1.00000000 0.00000000
v 0.04536097 0.00750017 0.10519970 0.00000000 1.00000000 0.00000000
v 0.04929798 0.00700018 0.14241860 0.00000000 1.00000000 0.00000000
v 0.04429927 0.00700016 0.11141840 0.00000000 1.00000000 0.00000000
v 0.04536097 0.00750017 0.10519970 0.00000000 1.00000000 0.00000000
v 0.04530377 0.00750017 0.10462108 0.00000000 1.00000000 0.00000000
v 0.04623687 0.00750017 0.10733308 0.00000000 1.00000000 0.00000000
v 0.04592597 0.00750017 0.10684171 0.00000000 1.00000000 0.00000000
v 0.04929798 0.00700018 0.14241860 0.00000000 1.00000000 0.00000000
v 0.04623687 0.00750017 0.10733308 0.00000000 1.00000000 0.00000000
v 0.04850667 0.00750018 0.10908620 0.00000000 1.00000000 0.00000000
v 0.04906067 0.00750018 0.10926280 0.00000000 1.00000000 0.00000000
v 0.04850667 0.00750018 0.10908620 0.00000000 1.00000000 0.00000000
v 0.04797697 0.00750018 0.10884650 0.00000000 1.00000000 0.00000000
v 0.06713422 0.00750025 0.09301914 0.00000000 1.00000000 0.00000000
v 0.06770853 0.00750025 0.09292832 0.00000000 1.00000000 0.00000000
v 0.06736630 0.00700025 0.09196235 0.00000000 1.00000000 0.00000000
v 0.04584097 0.00700017 0.10040371 0.00000000 1.00000000 0.00000000
v 0.04672397 0.00750017 0.10092369 0.00000000 1.00000000 0.00000000
v 0.04636347 0.00700017 0.09989025 0.00000000 1.00000000 0.00000000
v 0.04672397 0.00750017 0.10092369 0.00000000 1.00000000 0.00000000
v 0.04715397 0.00750017 0.10053222 0.00000000 1.00000000 0.00000000
v 0.04636347 0.00700017 0.09989025 0.00000000 1.00000000 0.00000000
v 0.07236882 -0.00749973 0.10066631 0.00000000 1.00000000 0.00000000
v 0.07266132 -0.00749973 0.10016379 0.00000000 1.00000000 0.00000000
v 0.05429803 -0.00699980 0.14241890 0.00000000 1.00000000 0.00000000
v 0.07201995 -0.00749974 0.10113147 0.00000000 1.00000000 0.00000000
v 0.07236882 -0.00749973 0.10066631 0.00000000 1.00000000 0.00000000
v 0.05429803 -0.00699980 0.14241890 0.00000000 1.00000000 0.00000000
v 0.07117271 -0.00749974 0.10192516 0.00000000 1.00000000 0.00000000
v 0.07117271 -0.00749974 0.10192516 0.00000000 1.00000000 0.00000000
v 0.04884873 -0.00749982 0.10920350 0.00000000 1.00000000 0.00000000
v 0.04941403 -0.00749982 0.10933960 0.00000000 1.00000000 0.00000000
v 0.06623699 -0.00749976 0.09330594 0.00000000 1.00000000 0.00000000
v 0.06678407 -0.00749975 0.09310901 0.00000000 1.00000000 0.00000000
v 0.06736635 -0.00699975 0.09196235 0.00000000 1.00000000 0.00000000
v 0.06735032 -0.00749975 0.09297692 0.00000000 1.00000000 0.00000000
v 0.06674986 -0.00699975 0.09208216 0.00000000 1.00000000 0.00000000
v 0.06735032 -0.00749975 0.09297692 0.00000000 1.00000000 0.00000000
v 0.06678407 -0.00749975 0.09310901 0.00000000 1.00000000 0.00000000
v 0.06674986 -0.00699975 0.09208216 0.00000000 1.00000000 0.00000000
v 0.07306224 -0.00749973 0.09907429 0.00000000 1.00000000 0.00000000
v 0.07316524 -0.00749973 0.09850204 0.00000000 1.00000000 0.00000000
v 0.07410993 -0.00699973 0.09894615 0.00000000 1.00000000 0.00000000
v 0.07376413 -0.00699973 0.10015189 0.00000000 1.00000000 0.00000000
v 0.07289351 -0.00749973 0.09963072 0.00000000 1.00000000 0.00000000
v 0.07396863 -0.00699973 0.09955808 0.00000000 1.00000000 0.00000000
v 0.07289351 -0.00749973 0.09963072 0.00000000 1.00000000 0.00000000
v 0.07306224 -0.00749973 0.09907429 0.00000000 1.00000000 0.00000000
v 0.07396863 -0.00699973 0.09955808 0.00000000 1.00000000 0.00000000
v 0.07376413 -0.00699973 0.10015189 0.00000000 1.00000000 0.00000000
v 0.07266132 -0.00749973 0.10016379 0.00000000 1.00000000 0.00000000
v 0.07289351 -0.00749973 0.09963072 0.00000000 1.00000000 0.00000000
v 0.04729973 -0.00749983 0.10841870 0.00000000 1.00000000 0.00000000
v 0.04685563 -0.00749983 0.10804340 0.00000000 1.00000000 0.00000000
v 0.04611253 -0.00749983 0.10715143 0.00000000 1.00000000 0.00000000
v 0.04645813 -0.00749983 0.10761905 0.00000000 1.00000000 0.00000000
v 0.04929803 -0.00699982 0.14241860 0.00000000 1.00000000 0.00000000
v 0.04685563 -0.00749983 0.10804340 0.00000000 1.00000000 0.00000000
v 0.04533153 -0.00749983 0.10498157 0.00000000 1.00000000 0.00000000
v 0.04543043 -0.00749983 0.10555454 0.00000000 1.00000000 0.00000000
v 0.04929803 -0.00699982 0.14241860 0.00000000 1.00000000 0.00000000
v 0.04543043 -0.00749983 0.10555454 0.00000000 1.00000000 0.00000000
v 0.04559523 -0.00749983 0.10611215 0.00000000 1.00000000 0.00000000
v 0.04929803 -0.00699982 0.14241860 0.00000000 1.00000000 0.00000000
v 0.04582363 -0.00749983 0.10664686 0.00000000 1.00000000 0.00000000
v 0.04611253 -0.00749983 0.10715143 0.00000000 1.00000000 0.00000000
v 0.04929803 -0.00699982 0.14241860 0.00000000 1.00000000 0.00000000
v 0.04559523 -0.00749983 0.10611215 0.00000000 1.00000000 0.00000000
v 0.04582363 -0.00749983 0.10664686 0.00000000 1.00000000 0.00000000
v 0.04929803 -0.00699982 0.14241860 0.00000000 1.00000000 0.00000000
v 0.04560733 -0.00749983 0.10269197 0.00000000 1.00000000 0.00000000
v 0.04447803 -0.00699984 0.10296690 0.00000000 1.00000000 0.00000000
v 0.04469833 -0.00699984 0.10226823 0.00000000 1.00000000 0.00000000
v 0.04500207 0.00700017 0.10160162 0.00000000 1.00000000 0.00000000
v 0.04469827 0.00700016 0.10226823 0.00000000 1.00000000 0.00000000
v 0.04574427 0.00750017 0.10235740 0.00000000 1.00000000 0.00000000
v 0.04533563 -0.00749983 0.10382065 0.00000000 1.00000000 0.00000000
v 0.04434442 -0.00699984 0.10368721 0.00000000 1.00000000 0.00000000
v 0.04543853 -0.00749983 0.10324840 0.00000000 1.00000000 0.00000000
v 0.04447803 -0.00699984 0.10296690 0.00000000 1.00000000 0.00000000
v 0.04529973 -0.00749983 0.10440099 0.00000000 1.00000000 0.00000000
v 0.04434442 -0.00699984 0.10368721 0.00000000 1.00000000 0.00000000
v 0.04533563 -0.00749983 0.10382065 0.00000000 1.00000000 0.00000000
v 0.04429973 -0.00699984 0.10441842 0.00000000 1.00000000 0.00000000
v 0.07313969 0.00750027 0.09712299 0.00000000 1.00000000 0.00000000
v 0.07319697 0.00750027 0.09770161 0.00000000 1.00000000 0.00000000
v 0.07414272 0.00700027 0.09706923 0.00000000 1.00000000 0.00000000
v 0.07215825 0.00750027 0.10096026 0.00000000 1.00000000 0.00000000
v 0.07177668 0.00750026 0.10139900 0.00000000 1.00000000 0.00000000
v 0.05429797 0.00700020 0.14241890 0.00000000 1.00000000 0.00000000
v 0.07248630 0.00750027 0.10048020 0.00000000 1.00000000 0.00000000
v 0.07215825 0.00750027 0.10096026 0.00000000 1.00000000 0.00000000
v 0.05429797 0.00700020 0.14241890 0.00000000 1.00000000 0.00000000
v 0.05192637 0.00750019 0.10914670 0.00000000 1.00000000 0.00000000
v 0.05136647 0.00750019 0.10930350 0.00000000 1.00000000 0.00000000
v 0.05429797 0.00700020 0.14241890 0.00000000 1.00000000 0.00000000
v 0.05079217 0.00750019 0.10939440 0.00000000 1.00000000 0.00000000
v 0.06944002 0.00750026 0.09305993 0.00000000 1.00000000 0.00000000
v 0.06999400 0.00750026 0.09323652 0.00000000 1.00000000 0.00000000
v 0.06985515 0.00700026 0.09213650 0.00000000 1.00000000 0.00000000
v 0.06861988 0.00700025 0.09191863 0.00000000 1.00000000 0.00000000
v 0.06799194 0.00700025 0.09190765 0.00000000 1.00000000 0.00000000
v 0.06828951 0.00750025 0.09290478 0.00000000 1.00000000 0.00000000
v 0.06828951 0.00750025 0.09290478 0.00000000 1.00000000 0.00000000
v 0.06799194 0.00700025 0.09190765 0.00000000 1.00000000 0.00000000
v 0.06770853 0.00750025 0.09292832 0.00000000 1.00000000 0.00000000
v 0.06770853 0.00750025 0.09292832 0.00000000 1.00000000 0.00000000
v 0.06799194 0.00700025 0.09190765 0.00000000 1.00000000 0.00000000
v 0.06736630 0.00700025 0.09196235 0.00000000 1.00000000 0.00000000
v 0.06861988 0.00700025 0.09191863 0.00000000 1.00000000 0.00000000
v 0.06828951 0.00750025 0.09290478 0.00000000 1.00000000 0.00000000
v 0.06886928 0.00750025 0.09294885 0.00000000 1.00000000 0.00000000
v 0.04538487 0.00700017 0.10097701 0.00000000 1.00000000 0.00000000
v 0.04634247 0.00750017 0.10136243 0.00000000 1.00000000 0.00000000
v 0.04584097 0.00700017 0.10040371 0.00000000 1.00000000 0.00000000
v 0.04634247 0.00750017 0.10136243 0.00000000 1.00000000 0.00000000
v 0.04672397 0.00750017 0.10092369 0.00000000 1.00000000 0.00000000
v 0.04584097 0.00700017 0.10040371 0.00000000 1.00000000 0.00000000
v 0.04694473 -0.00699983 0.09944431 0.00000000 1.00000000 0.00000000
v 0.04732813 -0.00749983 0.10039753 0.00000000 1.00000000 0.00000000
v 0.04636353 -0.00699983 0.09989025 0.00000000 1.00000000 0.00000000
v 0.04732813 -0.00749983 0.10039753 0.00000000 1.00000000 0.00000000
v 0.04688143 -0.00749983 0.10076970 0.00000000 1.00000000 0.00000000
v 0.04636353 -0.00699983 0.09989025 0.00000000 1.00000000 0.00000000
v 0.07320110 -0.00749973 0.09792170 0.00000000 1.00000000 0.00000000
v 0.07418650 -0.00699973 0.09832281 0.00000000 1.00000000 0.00000000
v 0.07316524 -0.00749973 0.09850204 0.00000000 1.00000000 0.00000000
v 0.07419748 -0.00699973 0.09769487 0.00000000 1.00000000 0.00000000
v 0.07418650 -0.00699973 0.09832281 0.00000000 1.00000000 0.00000000
v 0.07320110 -0.00749973 0.09792170 0.00000000 1.00000000 0.00000000
v 0.07316524 -0.00749973 0.09850204 0.00000000 1.00000000 0.00000000
v 0.07418650 -0.00699973 0.09832281 0.00000000 1.00000000 0.00000000
v 0.07410993 -0.00699973 0.09894615 0.00000000 1.00000000 0.00000000
v 0.07359401 -0.00699973 0.09527401 0.00000000 1.00000000 0.00000000
v 0.07290562 -0.00749973 0.09621054 0.00000000 1.00000000 0.00000000
v 0.07267721 -0.00749973 0.09567583 0.00000000 1.00000000 0.00000000
v 0.07383938 -0.00699973 0.09585213 0.00000000 1.00000000 0.00000000
v 0.07290562 -0.00749973 0.09621054 0.00000000 1.00000000 0.00000000
v 0.07359401 -0.00699973 0.09527401 0.00000000 1.00000000 0.00000000
v 0.07402297 -0.00699973 0.09645273 0.00000000 1.00000000 0.00000000
v 0.07290562 -0.00749973 0.09621054 0.00000000 1.00000000 0.00000000
v 0.07383938 -0.00699973 0.09585213 0.00000000 1.00000000 0.00000000
v 0.07307041 -0.00749973 0.09676815 0.00000000 1.00000000 0.00000000
v 0.07419748 -0.00699973 0.09769487 0.00000000 1.00000000 0.00000000
v 0.07320110 -0.00749973 0.09792170 0.00000000 1.00000000 0.00000000
v 0.07316934 -0.00749973 0.09734112 0.00000000 1.00000000 0.00000000
v 0.06886928 0.00750025 0.09294885 0.00000000 1.00000000 0.00000000
v 0.06924322 0.00700025 0.09199520 0.00000000 1.00000000 0.00000000
v 0.06861988 0.00700025 0.09191863 0.00000000 1.00000000 0.00000000
v 0.06944002 0.00750026 0.09305993 0.00000000 1.00000000 0.00000000
v 0.06924322 0.00700025 0.09199520 0.00000000 1.00000000 0.00000000
v 0.06886928 0.00750025 0.09294885 0.00000000 1.00000000 0.00000000
v 0.06944002 0.00750026 0.09305993 0.00000000 1.00000000 0.00000000
v 0.06985515 0.00700026 0.09213650 0.00000000 1.00000000 0.00000000
v 0.06924322 0.00700025 0.09199520 0.00000000 1.00000000 0.00000000
v 0.04688143 -0.00749983 0.10076970 0.00000000 1.00000000 0.00000000
v 0.04584103 -0.00699983 0.10040371 0.00000000 1.00000000 0.00000000
v 0.04636353 -0.00699983 0.09989025 0.00000000 1.00000000 0.00000000
v 0.04538493 -0.00699983 0.10097701 0.00000000 1.00000000 0.00000000
v 0.04613203 -0.00749983 0.10165637 0.00000000 1.00000000 0.00000000
v 0.04500213 -0.00699983 0.10160162 0.00000000 1.00000000 0.00000000
v 0.04429967 0.00700016 0.10441842 0.00000000 1.00000000 0.00000000
v 0.04530377 0.00750017 0.10462108 0.00000000 1.00000000 0.00000000
v 0.04531397 0.00750017 0.10403972 0.00000000 1.00000000 0.00000000
v 0.04447797 0.00700016 0.10296690 0.00000000 1.00000000 0.00000000
v 0.04553577 0.00750017 0.10290018 0.00000000 1.00000000 0.00000000
v 0.04469827 0.00700016 0.10226823 0.00000000 1.00000000 0.00000000
v 0.04539177 0.00750017 0.10346349 0.00000000 1.00000000 0.00000000
v 0.04553577 0.00750017 0.10290018 0.00000000 1.00000000 0.00000000
v 0.04447797 0.00700016 0.10296690 0.00000000 1.00000000 0.00000000
v 0.04469827 0.00700016 0.10226823 0.00000000 1.00000000 0.00000000
v 0.04553577 0.00750017 0.10290018 0.00000000 1.00000000 0.00000000
v 0.04574427 0.00750017 0.10235740 0.00000000 1.00000000 0.00000000
v 0.04531397 0.00750017 0.10403972 0.00000000 1.00000000 0.00000000
v 0.04434437 0.00700016 0.10368721 0.00000000 1.00000000 0.00000000
v 0.04429967 0.00700016 0.10441842 0.00000000 1.00000000 0.00000000
v 0.04539177 0.00750017 0.10346349 0.00000000 1.00000000 0.00000000
v 0.04434437 0.00700016 0.10368721 0.00000000 1.00000000 0.00000000
v 0.04531397 0.00750017 0.10403972 0.00000000 1.00000000 0.00000000
v 0.04539177 0.00750017 0.10346349 0.00000000 1.00000000 0.00000000
v 0.04447797 0.00700016 0.10296690 0.00000000 1.00000000 0.00000000
v 0.04434437 0.00700016 0.10368721 0.00000000 1.00000000 0.00000000
v 0.07052374 0.00750026 0.09347623 0.00000000 1.00000000 0.00000000
v 0.07044896 0.00700026 0.09234100 0.00000000 1.00000000 0.00000000
v 0.06999400 0.00750026 0.09323652 0.00000000 1.00000000 0.00000000
v 0.06999400 0.00750026 0.09323652 0.00000000 1.00000000 0.00000000
v 0.07044896 0.00700026 0.09234100 0.00000000 1.00000000 0.00000000
v 0.06985515 0.00700026 0.09213650 0.00000000 1.00000000 0.00000000
v 0.07155645 0.00700026 0.09292992 0.00000000 1.00000000 0.00000000
v 0.07052374 0.00750026 0.09347623 0.00000000 1.00000000 0.00000000
v 0.07102207 0.00750026 0.09377581 0.00000000 1.00000000 0.00000000
v 0.07102207 0.00750026 0.09377581 0.00000000 1.00000000 0.00000000
v 0.07148225 0.00750026 0.09413122 0.00000000 1.00000000 0.00000000
v 0.07205800 0.00700026 0.09330790 0.00000000 1.00000000 0.00000000
v 0.07155645 0.00700026 0.09292992 0.00000000 1.00000000 0.00000000
v 0.07102207 0.00750026 0.09377581 0.00000000 1.00000000 0.00000000
v 0.07205800 0.00700026 0.09330790 0.00000000 1.00000000 0.00000000
v 0.07292930 0.00700027 0.09421024 0.00000000 1.00000000 0.00000000
v 0.07189806 0.00750026 0.09453765 0.00000000 1.00000000 0.00000000
v 0.07226387 0.00750027 0.09498961 0.00000000 1.00000000 0.00000000
v 0.07292930 0.00700027 0.09421024 0.00000000 1.00000000 0.00000000
v 0.07251729 0.00700027 0.09373624 0.00000000 1.00000000 0.00000000
v 0.07189806 0.00750026 0.09453765 0.00000000 1.00000000 0.00000000
v 0.07189806 0.00750026 0.09453765 0.00000000 1.00000000 0.00000000
v 0.07251729 0.00700027 0.09373624 0.00000000 1.00000000 0.00000000
v 0.07148225 0.00750026 0.09413122 0.00000000 1.00000000 0.00000000
v 0.07148225 0.00750026 0.09413122 0.00000000 1.00000000 0.00000000
v 0.07251729 0.00700027 0.09373624 0.00000000 1.00000000 0.00000000
v 0.07205800 0.00700026 0.09330790 0.00000000 1.00000000 0.00000000
v 0.07282646 0.00750027 0.09600511 0.00000000 1.00000000 0.00000000
v 0.07359395 0.00700027 0.09527401 0.00000000 1.00000000 0.00000000
v 0.07257474 0.00750027 0.09548098 0.00000000 1.00000000 0.00000000
v 0.04538487 0.00700017 0.10097701 0.00000000 1.00000000 0.00000000
v 0.04500207 0.00700017 0.10160162 0.00000000 1.00000000 0.00000000
v 0.04601437 0.00750017 0.10184249 0.00000000 1.00000000 0.00000000
v 0.04634247 0.00750017 0.10136243 0.00000000 1.00000000 0.00000000
v 0.04538487 0.00700017 0.10097701 0.00000000 1.00000000 0.00000000
v 0.04601437 0.00750017 0.10184249 0.00000000 1.00000000 0.00000000
v 0.04574427 0.00750017 0.10235740 0.00000000 1.00000000 0.00000000
v 0.04601437 0.00750017 0.10184249 0.00000000 1.00000000 0.00000000
v 0.04500207 0.00700017 0.10160162 0.00000000 1.00000000 0.00000000
v 0.06792807 -0.00749975 0.09291146 0.00000000 1.00000000 0.00000000
v 0.06735032 -0.00749975 0.09297692 0.00000000 1.00000000 0.00000000
v 0.06736635 -0.00699975 0.09196235 0.00000000 1.00000000 0.00000000
v 0.06850952 -0.00749975 0.09291352 0.00000000 1.00000000 0.00000000
v 0.06861993 -0.00699975 0.09191863 0.00000000 1.00000000 0.00000000
v 0.06908679 -0.00749975 0.09298306 0.00000000 1.00000000 0.00000000
v 0.04757603 -0.00699983 0.09907253 0.00000000 1.00000000 0.00000000
v 0.04781503 -0.00749982 0.10007974 0.00000000 1.00000000 0.00000000
v 0.04694473 -0.00699983 0.09944431 0.00000000 1.00000000 0.00000000
v 0.04781503 -0.00749982 0.10007974 0.00000000 1.00000000 0.00000000
v 0.04732813 -0.00749983 0.10039753 0.00000000 1.00000000 0.00000000
v 0.04694473 -0.00699983 0.09944431 0.00000000 1.00000000 0.00000000
v 0.04757603 -0.00699983 0.09907253 0.00000000 1.00000000 0.00000000
v 0.04833553 -0.00749982 0.09982063 0.00000000 1.00000000 0.00000000
v 0.04781503 -0.00749982 0.10007974 0.00000000 1.00000000 0.00000000
v 0.07316934 -0.00749973 0.09734112 0.00000000 1.00000000 0.00000000
v 0.07414278 -0.00699973 0.09706923 0.00000000 1.00000000 0.00000000
v 0.07419748 -0.00699973 0.09769487 0.00000000 1.00000000 0.00000000
v 0.07307041 -0.00749973 0.09676815 0.00000000 1.00000000 0.00000000
v 0.07414278 -0.00699973 0.09706923 0.00000000 1.00000000 0.00000000
v 0.07316934 -0.00749973 0.09734112 0.00000000 1.00000000 0.00000000
v 0.07307041 -0.00749973 0.09676815 0.00000000 1.00000000 0.00000000
v 0.07402297 -0.00699973 0.09645273 0.00000000 1.00000000 0.00000000
v 0.07414278 -0.00699973 0.09706923 0.00000000 1.00000000 0.00000000
v 0.07328956 -0.00699973 0.09472471 0.00000000 1.00000000 0.00000000
v 0.07359401 -0.00699973 0.09527401 0.00000000 1.00000000 0.00000000
v 0.07267721 -0.00749973 0.09567583 0.00000000 1.00000000 0.00000000
v 0.07155651 -0.00699974 0.09292992 0.00000000 1.00000000 0.00000000
v 0.07205806 -0.00699974 0.09330790 0.00000000 1.00000000 0.00000000
v 0.07120110 -0.00749974 0.09390398 0.00000000 1.00000000 0.00000000
v 0.06985521 -0.00699974 0.09213650 0.00000000 1.00000000 0.00000000
v 0.06965209 -0.00749974 0.09311916 0.00000000 1.00000000 0.00000000
v 0.06908679 -0.00749975 0.09298306 0.00000000 1.00000000 0.00000000
v 0.04613203 -0.00749983 0.10165637 0.00000000 1.00000000 0.00000000
v 0.04583953 -0.00749983 0.10215889 0.00000000 1.00000000 0.00000000
v 0.04500213 -0.00699983 0.10160162 0.00000000 1.00000000 0.00000000
v 0.04500213 -0.00699983 0.10160162 0.00000000 1.00000000 0.00000000
v 0.04583953 -0.00749983 0.10215889 0.00000000 1.00000000 0.00000000
v 0.04469833 -0.00699984 0.10226823 0.00000000 1.00000000 0.00000000
v 0.04469833 -0.00699984 0.10226823 0.00000000 1.00000000 0.00000000
v 0.04583953 -0.00749983 0.10215889 0.00000000 1.00000000 0.00000000
v 0.04560733 -0.00749983 0.10269197 0.00000000 1.00000000 0.00000000
v 0.04584103 -0.00699983 0.10040371 0.00000000 1.00000000 0.00000000
v 0.04648083 -0.00749983 0.10119121 0.00000000 1.00000000 0.00000000
v 0.04538493 -0.00699983 0.10097701 0.00000000 1.00000000 0.00000000
v 0.04648083 -0.00749983 0.10119121 0.00000000 1.00000000 0.00000000
v 0.04613203 -0.00749983 0.10165637 0.00000000 1.00000000 0.00000000
v 0.04538493 -0.00699983 0.10097701 0.00000000 1.00000000 0.00000000
v 0.04584103 -0.00699983 0.10040371 0.00000000 1.00000000 0.00000000
v 0.04688143 -0.00749983 0.10076970 0.00000000 1.00000000 0.00000000
v 0.04648083 -0.00749983 0.10119121 0.00000000 1.00000000 0.00000000
v 0.07359395 0.00700027 0.09527401 0.00000000 1.00000000 0.00000000
v 0.07328950 0.00700027 0.09472471 0.00000000 1.00000000 0.00000000
v 0.07257474 0.00750027 0.09548098 0.00000000 1.00000000 0.00000000
v 0.07257474 0.00750027 0.09548098 0.00000000 1.00000000 0.00000000
v 0.07328950 0.00700027 0.09472471 0.00000000 1.00000000 0.00000000
v 0.07226387 0.00750027 0.09498961 0.00000000 1.00000000 0.00000000
v 0.07226387 0.00750027 0.09498961 0.00000000 1.00000000 0.00000000
v 0.07328950 0.00700027 0.09472471 0.00000000 1.00000000 0.00000000
v 0.07292930 0.00700027 0.09421024 0.00000000 1.00000000 0.00000000
v 0.07301563 0.00750027 0.09655493 0.00000000 1.00000000 0.00000000
v 0.07383932 0.00700027 0.09585213 0.00000000 1.00000000 0.00000000
v 0.07282646 0.00750027 0.09600511 0.00000000 1.00000000 0.00000000
v 0.07383932 0.00700027 0.09585213 0.00000000 1.00000000 0.00000000
v 0.07359395 0.00700027 0.09527401 0.00000000 1.00000000 0.00000000
v 0.07282646 0.00750027 0.09600511 0.00000000 1.00000000 0.00000000
v 0.06985521 -0.00699974 0.09213650 0.00000000 1.00000000 0.00000000
v 0.06908679 -0.00749975 0.09298306 0.00000000 1.00000000 0.00000000
v 0.06924328 -0.00699975 0.09199520 0.00000000 1.00000000 0.00000000
v 0.06924328 -0.00699975 0.09199520 0.00000000 1.00000000 0.00000000
v 0.06792807 -0.00749975 0.09291146 0.00000000 1.00000000 0.00000000
v 0.06799200 -0.00699975 0.09190765 0.00000000 1.00000000 0.00000000
v 0.06850952 -0.00749975 0.09291352 0.00000000 1.00000000 0.00000000
v 0.06799200 -0.00699975 0.09190765 0.00000000 1.00000000 0.00000000
v 0.06861993 -0.00699975 0.09191863 0.00000000 1.00000000 0.00000000
v 0.06850952 -0.00749975 0.09291352 0.00000000 1.00000000 0.00000000
v 0.06792807 -0.00749975 0.09291146 0.00000000 1.00000000 0.00000000
v 0.06736635 -0.00699975 0.09196235 0.00000000 1.00000000 0.00000000
v 0.06799200 -0.00699975 0.09190765 0.00000000 1.00000000 0.00000000
v 0.07328956 -0.00699973 0.09472471 0.00000000 1.00000000 0.00000000
v 0.07267721 -0.00749973 0.09567583 0.00000000 1.00000000 0.00000000
v 0.07238827 -0.00749973 0.09517126 0.00000000 1.00000000 0.00000000
v 0.07328956 -0.00699973 0.09472471 0.00000000 1.00000000 0.00000000
v 0.07238827 -0.00749973 0.09517126 0.00000000 1.00000000 0.00000000
v 0.07292936 -0.00699973 0.09421024 0.00000000 1.00000000 0.00000000
v 0.07238827 -0.00749973 0.09517126 0.00000000 1.00000000 0.00000000
v 0.07204270 -0.00749974 0.09470364 0.00000000 1.00000000 0.00000000
v 0.07292936 -0.00699973 0.09421024 0.00000000 1.00000000 0.00000000
v 0.07205806 -0.00699974 0.09330790 0.00000000 1.00000000 0.00000000
v 0.07164519 -0.00749974 0.09427930 0.00000000 1.00000000 0.00000000
v 0.07120110 -0.00749974 0.09390398 0.00000000 1.00000000 0.00000000
v 0.07019776 -0.00749974 0.09331996 0.00000000 1.00000000 0.00000000
v 0.07044902 -0.00699974 0.09234100 0.00000000 1.00000000 0.00000000
v 0.07101820 -0.00699974 0.09260644 0.00000000 1.00000000 0.00000000
v 0.06965209 -0.00749974 0.09311916 0.00000000 1.00000000 0.00000000
v 0.07044902 -0.00699974 0.09234100 0.00000000 1.00000000 0.00000000
v 0.07019776 -0.00749974 0.09331996 0.00000000 1.00000000 0.00000000
v 0.06965209 -0.00749974 0.09311916 0.00000000 1.00000000 0.00000000
v 0.06985521 -0.00699974 0.09213650 0.00000000 1.00000000 0.00000000
v 0.07044902 -0.00699974 0.09234100 0.00000000 1.00000000 0.00000000
v 0.07101820 -0.00699974 0.09260644 0.00000000 1.00000000 0.00000000
v 0.07071644 -0.00749974 0.09358275 0.00000000 1.00000000 0.00000000
v 0.07019776 -0.00749974 0.09331996 0.00000000 1.00000000 0.00000000
v 0.07120110 -0.00749974 0.09390398 0.00000000 1.00000000 0.00000000
v 0.07071644 -0.00749974 0.09358275 0.00000000 1.00000000 0.00000000
v 0.07155651 -0.00699974 0.09292992 0.00000000 1.00000000 0.00000000
v 0.07101820 -0.00699974 0.09260644 0.00000000 1.00000000 0.00000000
v 0.07155651 -0.00699974 0.09292992 0.00000000 1.00000000 0.00000000
v 0.07071644 -0.00749974 0.09358275 0.00000000 1.00000000 0.00000000
v 0.07101814 0.00700026 0.09260644 0.00000000 1.00000000 0.00000000
v 0.07101814 0.00700026 0.09260644 0.00000000 1.00000000 0.00000000
v 0.07044896 0.00700026 0.09234100 0.00000000 1.00000000 0.00000000
v 0.07052374 0.00750026 0.09347623 0.00000000 1.00000000 0.00000000
v 0.07402291 0.00700027 0.09645273 0.00000000 1.00000000 0.00000000
v 0.07383932 0.00700027 0.09585213 0.00000000 1.00000000 0.00000000
v 0.07301563 0.00750027 0.09655493 0.00000000 1.00000000 0.00000000
v 0.07313969 0.00750027 0.09712299 0.00000000 1.00000000 0.00000000
v 0.07402291 0.00700027 0.09645273 0.00000000 1.00000000 0.00000000
v 0.07301563 0.00750027 0.09655493 0.00000000 1.00000000 0.00000000
v 0.07313969 0.00750027 0.09712299 0.00000000 1.00000000 0.00000000
v 0.07414272 0.00700027 0.09706923 0.00000000 1.00000000 0.00000000
v 0.07402291 0.00700027 0.09645273 0.00000000 1.00000000 0.00000000
v 0.07164519 -0.00749974 0.09427930 0.00000000 1.00000000 0.00000000
v 0.07251735 -0.00699973 0.09373624 0.00000000 1.00000000 0.00000000
v 0.07204270 -0.00749974 0.09470364 0.00000000 1.00000000 0.00000000
v 0.07204270 -0.00749974 0.09470364 0.00000000 1.00000000 0.00000000
v 0.07251735 -0.00699973 0.09373624 0.00000000 1.00000000 0.00000000
v 0.07292936 -0.00699973 0.09421024 0.00000000 1.00000000 0.00000000
v 0.07164519 -0.00749974 0.09427930 0.00000000 1.00000000 0.00000000
v 0.07205806 -0.00699974 0.09330790 0.00000000 1.00000000 0.00000000
v 0.07251735 -0.00699973 0.09373624 0.00000000 1.00000000 0.00000000
v 0.04929798 0.00700018 0.14241860 0.00000000 1.00000000 0.00000000
v 0.04929803 -0.00699982 0.14241860 0.00000000 1.00000000 0.00000000
v 0.05429797 0.00700020 0.14241890 0.00000000 1.00000000 0.00000000
v 0.05429803 -0.00699980 0.14241890 0.00000000 1.00000000 0.00000000
v 0.04429927 0.00700016 0.11141840 0.00000000 1.00000000 0.00000000
v 0.04929803 -0.00699982 0.14241860 0.00000000 1.00000000 0.00000000
v 0.04929798 0.00700018 0.14241860 0.00000000 1.00000000 0.00000000
v 0.04429933 -0.00699984 0.11141840 0.00000000 1.00000000 0.00000000
v 0.07376407 0.00700027 0.10015189 0.00000000 1.00000000 0.00000000
v 0.05429797 0.00700020 0.14241890 0.00000000 1.00000000 0.00000000
v 0.05429803 -0.00699980 0.14241890 0.00000000 1.00000000 0.00000000
v 0.07376413 -0.00699973 0.10015189 0.00000000 1.00000000 0.00000000
v 0.06736635 -0.00699975 0.09196235 0.00000000 1.00000000 0.00000000
v 0.06674986 -0.00699975 0.09208216 0.00000000 1.00000000 0.00000000
v 0.06674980 0.00700025 0.09208216 0.00000000 1.00000000 0.00000000
v 0.06736630 0.00700025 0.09196235 0.00000000 1.00000000 0.00000000
v 0.06614926 -0.00699976 0.09226575 0.00000000 1.00000000 0.00000000
v 0.06674980 0.00700025 0.09208216 0.00000000 1.00000000 0.00000000
v 0.06674986 -0.00699975 0.09208216 0.00000000 1.00000000 0.00000000
v 0.06614920 0.00700024 0.09226575 0.00000000 1.00000000 0.00000000
v 0.06614920 0.00700024 0.09226575 0.00000000 1.00000000 0.00000000
v 0.06614926 -0.00699976 0.09226575 0.00000000 1.00000000 0.00000000
v 0.04824777 0.00700018 0.09878044 0.00000000 1.00000000 0.00000000
v 0.04824783 -0.00699982 0.09878044 0.00000000 1.00000000 0.00000000
v 0.07396863 -0.00699973 0.09955808 0.00000000 1.00000000 0.00000000
v 0.07410993 -0.00699973 0.09894615 0.00000000 1.00000000 0.00000000
v 0.07396857 0.00700027 0.09955808 0.00000000 1.00000000 0.00000000
v 0.07410987 0.00700027 0.09894615 0.00000000 1.00000000 0.00000000
v 0.07376407 0.00700027 0.10015189 0.00000000 1.00000000 0.00000000
v 0.07376413 -0.00699973 0.10015189 0.00000000 1.00000000 0.00000000
v 0.07396857 0.00700027 0.09955808 0.00000000 1.00000000 0.00000000
v 0.07396863 -0.00699973 0.09955808 0.00000000 1.00000000 0.00000000
v 0.04824783 -0.00699982 0.09878044 0.00000000 1.00000000 0.00000000
v 0.04757603 -0.00699983 0.09907253 0.00000000 1.00000000 0.00000000
v 0.04824777 0.00700018 0.09878044 0.00000000 1.00000000 0.00000000
v 0.04757598 0.00700017 0.09907253 0.00000000 1.00000000 0.00000000
v 0.04429927 0.00700016 0.11141840 0.00000000 1.00000000 0.00000000
v 0.04429973 -0.00699984 0.10441842 0.00000000 1.00000000 0.00000000
v 0.04429933 -0.00699984 0.11141840 0.00000000 1.00000000 0.00000000
v 0.04429967 0.00700016 0.10441842 0.00000000 1.00000000 0.00000000
v 0.04636347 0.00700017 0.09989025 0.00000000 1.00000000 0.00000000
v 0.04694473 -0.00699983 0.09944431 0.00000000 1.00000000 0.00000000
v 0.04636353 -0.00699983 0.09989025 0.00000000 1.00000000 0.00000000
v 0.04694468 0.00700017 0.09944431 0.00000000 1.00000000 0.00000000
v 0.04757603 -0.00699983 0.09907253 0.00000000 1.00000000 0.00000000
v 0.04694473 -0.00699983 0.09944431 0.00000000 1.00000000 0.00000000
v 0.04757598 0.00700017 0.09907253 0.00000000 1.00000000 0.00000000
v 0.04694468 0.00700017 0.09944431 0.00000000 1.00000000 0.00000000
v 0.04500207 0.00700017 0.10160162 0.00000000 1.00000000 0.00000000
v 0.04538493 -0.00699983 0.10097701 0.00000000 1.00000000 0.00000000
v 0.04500213 -0.00699983 0.10160162 0.00000000 1.00000000 0.00000000
v 0.04538487 0.00700017 0.10097701 0.00000000 1.00000000 0.00000000
v 0.04500213 -0.00699983 0.10160162 0.00000000 1.00000000 0.00000000
v 0.04469827 0.00700016 0.10226823 0.00000000 1.00000000 0.00000000
v 0.04500207 0.00700017 0.10160162 0.00000000 1.00000000 0.00000000
v 0.04469833 -0.00699984 0.10226823 0.00000000 1.00000000 0.00000000
v 0.04447797 0.00700016 0.10296690 0.00000000 1.00000000 0.00000000
v 0.04469827 0.00700016 0.10226823 0.00000000 1.00000000 0.00000000
v 0.04447803 -0.00699984 0.10296690 0.00000000 1.00000000 0.00000000
v 0.04469833 -0.00699984 0.10226823 0.00000000 1.00000000 0.00000000
v 0.07418650 -0.00699973 0.09832281 0.00000000 1.00000000 0.00000000
v 0.07410987 0.00700027 0.09894615 0.00000000 1.00000000 0.00000000
v 0.07410993 -0.00699973 0.09894615 0.00000000 1.00000000 0.00000000
v 0.07418644 0.00700027 0.09832281 0.00000000 1.00000000 0.00000000
v 0.07418644 0.00700027 0.09832281 0.00000000 1.00000000 0.00000000
v 0.07418650 -0.00699973 0.09832281 0.00000000 1.00000000 0.00000000
v 0.07419742 0.00700027 0.09769487 0.00000000 1.00000000 0.00000000
v 0.07419748 -0.00699973 0.09769487 0.00000000 1.00000000 0.00000000
v 0.04584103 -0.00699983 0.10040371 0.00000000 1.00000000 0.00000000
v 0.04636347 0.00700017 0.09989025 0.00000000 1.00000000 0.00000000
v 0.04636353 -0.00699983 0.09989025 0.00000000 1.00000000 0.00000000
v 0.04584097 0.00700017 0.10040371 0.00000000 1.00000000 0.00000000
v 0.04584103 -0.00699983 0.10040371 0.00000000 1.00000000 0.00000000
v 0.04538493 -0.00699983 0.10097701 0.00000000 1.00000000 0.00000000
v 0.04538487 0.00700017 0.10097701 0.00000000 1.00000000 0.00000000
v 0.04584097 0.00700017 0.10040371 0.00000000 1.00000000 0.00000000
v 0.04434437 0.00700016 0.10368721 0.00000000 1.00000000 0.00000000
v 0.04429973 -0.00699984 0.10441842 0.00000000 1.00000000 0.00000000
v 0.04429967 0.00700016 0.10441842 0.00000000 1.00000000 0.00000000
v 0.04434442 -0.00699984 0.10368721 0.00000000 1.00000000 0.00000000
v 0.04447797 0.00700016 0.10296690 0.00000000 1.00000000 0.00000000
v 0.04447803 -0.00699984 0.10296690 0.00000000 1.00000000 0.00000000
v 0.04434437 0.00700016 0.10368721 0.00000000 1.00000000 0.00000000
v 0.04434442 -0.00699984 0.10368721 0.00000000 1.00000000 0.00000000
v 0.07319697 0.00750027 0.09770161 0.00000000 1.00000000 0.00000000
v 0.04601437 0.00750017 0.10184249 0.00000000 1.00000000 0.00000000
v 0.07318669 0.00750027 0.09828296 0.00000000 1.00000000 0.00000000
v 0.04623687 0.00750017 0.10733308 0.00000000 1.00000000 0.00000000
v 0.04660267 0.00750017 0.10778503 0.00000000 1.00000000 0.00000000
v 0.07036569 0.00750026 0.10241115 0.00000000 1.00000000 0.00000000
v 0.07087430 0.00750026 0.10212938 0.00000000 1.00000000 0.00000000
v 0.07102207 0.00750026 0.09377581 0.00000000 1.00000000 0.00000000
v 0.07148225 0.00750026 0.09413122 0.00000000 1.00000000 0.00000000
v 0.05192637 0.00750019 0.10914670 0.00000000 1.00000000 0.00000000
v 0.06982780 0.00750026 0.10263197 0.00000000 1.00000000 0.00000000
v 0.06770853 0.00750025 0.09292832 0.00000000 1.00000000 0.00000000
v 0.06713422 0.00750025 0.09301914 0.00000000 1.00000000 0.00000000
v 0.06886928 0.00750025 0.09294885 0.00000000 1.00000000 0.00000000
v 0.06944002 0.00750026 0.09305993 0.00000000 1.00000000 0.00000000
v 0.07282646 0.00750027 0.09600511 0.00000000 1.00000000 0.00000000
v 0.07257474 0.00750027 0.09548098 0.00000000 1.00000000 0.00000000
v 0.07275641 0.00750027 0.09996529 0.00000000 1.00000000 0.00000000
v 0.07296490 0.00750027 0.09942251 0.00000000 1.00000000 0.00000000
v 0.07134676 0.00750026 0.10179047 0.00000000 1.00000000 0.00000000
v 0.04536097 0.00750017 0.10519970 0.00000000 1.00000000 0.00000000
v 0.04548507 0.00750017 0.10576776 0.00000000 1.00000000 0.00000000
v 0.04963147 0.00750018 0.10937380 0.00000000 1.00000000 0.00000000
v 0.04906067 0.00750018 0.10926280 0.00000000 1.00000000 0.00000000
v 0.04797697 0.00750018 0.10884650 0.00000000 1.00000000 0.00000000
v 0.04747867 0.00750017 0.10854690 0.00000000 1.00000000 0.00000000
v 0.04672397 0.00750017 0.10092369 0.00000000 1.00000000 0.00000000
v 0.04715397 0.00750017 0.10053222 0.00000000 1.00000000 0.00000000
v 0.04867287 0.00750018 0.09969071 0.00000000 1.00000000 0.00000000
v 0.06657434 0.00750024 0.09317603 0.00000000 1.00000000 0.00000000
v 0.04813507 0.00750018 0.09991153 0.00000000 1.00000000 0.00000000
v 0.07310898 0.00750027 0.09885920 0.00000000 1.00000000 0.00000000
v 0.07248630 0.00750027 0.10048020 0.00000000 1.00000000 0.00000000
v 0.07215825 0.00750027 0.10096026 0.00000000 1.00000000 0.00000000
v 0.04567427 0.00750017 0.10631757 0.00000000 1.00000000 0.00000000
v 0.04701847 0.00750017 0.10819150 0.00000000 1.00000000 0.00000000
v 0.05021117 0.00750018 0.10941790 0.00000000 1.00000000 0.00000000
v 0.06999400 0.00750026 0.09323652 0.00000000 1.00000000 0.00000000
v 0.04762637 0.00750017 0.10019331 0.00000000 1.00000000 0.00000000
v 0.04531397 0.00750017 0.10403972 0.00000000 1.00000000 0.00000000
v 0.04539177 0.00750017 0.10346349 0.00000000 1.00000000 0.00000000
v 0.07313969 0.00750027 0.09712299 0.00000000 1.00000000 0.00000000
v 0.05079217 0.00750019 0.10939440 0.00000000 1.00000000 0.00000000
v 0.07177668 0.00750026 0.10139900 0.00000000 1.00000000 0.00000000
v 0.04592597 0.00750017 0.10684171 0.00000000 1.00000000 0.00000000
v 0.04530377 0.00750017 0.10462108 0.00000000 1.00000000 0.00000000
v 0.04850667 0.00750018 0.10908620 0.00000000 1.00000000 0.00000000
v 0.06828951 0.00750025 0.09290478 0.00000000 1.00000000 0.00000000
v 0.05136647 0.00750019 0.10930350 0.00000000 1.00000000 0.00000000
v 0.07301563 0.00750027 0.09655493 0.00000000 1.00000000 0.00000000
v 0.07189806 0.00750026 0.09453765 0.00000000 1.00000000 0.00000000
v 0.04634247 0.00750017 0.10136243 0.00000000 1.00000000 0.00000000
v 0.07052374 0.00750026 0.09347623 0.00000000 1.00000000 0.00000000
v 0.04553577 0.00750017 0.10290018 0.00000000 1.00000000 0.00000000
v 0.07226387 0.00750027 0.09498961 0.00000000 1.00000000 0.00000000
v 0.04574427 0.00750017 0.10235740 0.00000000 1.00000000 0.00000000
v 0.07419748 -0.00699973 0.09769487 0.00000000 1.00000000 0.00000000
v 0.07414278 -0.00699973 0.09706923 0.00000000 1.00000000 0.00000000
v 0.07419742 0.00700027 0.09769487 0.00000000 1.00000000 0.00000000
v 0.07414272 0.00700027 0.09706923 0.00000000 1.00000000 0.00000000
v 0.07205806 -0.00699974 0.09330790 0.00000000 1.00000000 0.00000000
v 0.07155645 0.00700026 0.09292992 0.00000000 1.00000000 0.00000000
v 0.07205800 0.00700026 0.09330790 0.00000000 1.00000000 0.00000000
v 0.07155651 -0.00699974 0.09292992 0.00000000 1.00000000 0.00000000
v 0.07328956 -0.00699973 0.09472471 0.00000000 1.00000000 0.00000000
v 0.07292936 -0.00699973 0.09421024 0.00000000 1.00000000 0.00000000
v 0.07328950 0.00700027 0.09472471 0.00000000 1.00000000 0.00000000
v 0.07292930 0.00700027 0.09421024 0.00000000 1.00000000 0.00000000
v 0.07359395 0.00700027 0.09527401 0.00000000 1.00000000 0.00000000
v 0.07359401 -0.00699973 0.09527401 0.00000000 1.00000000 0.00000000
v 0.07328950 0.00700027 0.09472471 0.00000000 1.00000000 0.00000000
v 0.07328956 -0.00699973 0.09472471 0.00000000 1.00000000 0.00000000
v 0.07359395 0.00700027 0.09527401 0.00000000 1.00000000 0.00000000
v 0.07383932 0.00700027 0.09585213 0.00000000 1.00000000 0.00000000
v 0.07359401 -0.00699973 0.09527401 0.00000000 1.00000000 0.00000000
v 0.07383938 -0.00699973 0.09585213 0.00000000 1.00000000 0.00000000
v 0.06924322 0.00700025 0.09199520 0.00000000 1.00000000 0.00000000
v 0.06985515 0.00700026 0.09213650 0.00000000 1.00000000 0.00000000
v 0.06924328 -0.00699975 0.09199520 0.00000000 1.00000000 0.00000000
v 0.06985521 -0.00699974 0.09213650 0.00000000 1.00000000 0.00000000
v 0.06924322 0.00700025 0.09199520 0.00000000 1.00000000 0.00000000
v 0.06924328 -0.00699975 0.09199520 0.00000000 1.00000000 0.00000000
v 0.06861988 0.00700025 0.09191863 0.00000000 1.00000000 0.00000000
v 0.06861993 -0.00699975 0.09191863 0.00000000 1.00000000 0.00000000
v 0.06736630 0.00700025 0.09196235 0.00000000 1.00000000 0.00000000
v 0.06799200 -0.00699975 0.09190765 0.00000000 1.00000000 0.00000000
v 0.06736635 -0.00699975 0.09196235 0.00000000 1.00000000 0.00000000
v 0.06799194 0.00700025 0.09190765 0.00000000 1.00000000 0.00000000
v 0.06861993 -0.00699975 0.09191863 0.00000000 1.00000000 0.00000000
v 0.06799200 -0.00699975 0.09190765 0.00000000 1.00000000 0.00000000
v 0.06861988 0.00700025 0.09191863 0.00000000 1.00000000 0.00000000
v 0.06799194 0.00700025 0.09190765 0.00000000 1.00000000 0.00000000
v 0.06985515 0.00700026 0.09213650 0.00000000 1.00000000 0.00000000
v 0.07044902 -0.00699974 0.09234100 0.00000000 1.00000000 0.00000000
v 0.06985521 -0.00699974 0.09213650 0.00000000 1.00000000 0.00000000
v 0.07044896 0.00700026 0.09234100 0.00000000 1.00000000 0.00000000
v 0.04830303 -0.00749982 0.10900270 0.00000000 1.00000000 0.00000000
v 0.07071644 -0.00749974 0.09358275 0.00000000 1.00000000 0.00000000
v 0.04884873 -0.00749982 0.10920350 0.00000000 1.00000000 0.00000000
v 0.05226383 -0.00749981 0.10901680 0.00000000 1.00000000 0.00000000
v 0.07016527 -0.00749974 0.10250206 0.00000000 1.00000000 0.00000000
v 0.07201995 -0.00749974 0.10113147 0.00000000 1.00000000 0.00000000
v 0.07161945 -0.00749974 0.10155299 0.00000000 1.00000000 0.00000000
v 0.07290562 -0.00749973 0.09621054 0.00000000 1.00000000 0.00000000
v 0.07307041 -0.00749973 0.09676815 0.00000000 1.00000000 0.00000000
v 0.07289351 -0.00749973 0.09963072 0.00000000 1.00000000 0.00000000
v 0.07306224 -0.00749973 0.09907429 0.00000000 1.00000000 0.00000000
v 0.05057273 -0.00749981 0.10941120 0.00000000 1.00000000 0.00000000
v 0.05115053 -0.00749981 0.10934580 0.00000000 1.00000000 0.00000000
v 0.04729973 -0.00749983 0.10841870 0.00000000 1.00000000 0.00000000
v 0.04685563 -0.00749983 0.10804340 0.00000000 1.00000000 0.00000000
v 0.04529973 -0.00749983 0.10440099 0.00000000 1.00000000 0.00000000
v 0.04533153 -0.00749983 0.10498157 0.00000000 1.00000000 0.00000000
v 0.04543853 -0.00749983 0.10324840 0.00000000 1.00000000 0.00000000
v 0.04560733 -0.00749983 0.10269197 0.00000000 1.00000000 0.00000000
v 0.05171673 -0.00749981 0.10921370 0.00000000 1.00000000 0.00000000
v 0.07236882 -0.00749973 0.10066631 0.00000000 1.00000000 0.00000000
v 0.07117271 -0.00749974 0.10192516 0.00000000 1.00000000 0.00000000
v 0.07068579 -0.00749974 0.10224295 0.00000000 1.00000000 0.00000000
v 0.04941403 -0.00749982 0.10933960 0.00000000 1.00000000 0.00000000
v 0.04999133 -0.00749982 0.10940920 0.00000000 1.00000000 0.00000000
v 0.04533563 -0.00749983 0.10382065 0.00000000 1.00000000 0.00000000
v 0.06735032 -0.00749975 0.09297692 0.00000000 1.00000000 0.00000000
v 0.06678407 -0.00749975 0.09310901 0.00000000 1.00000000 0.00000000
v 0.04543043 -0.00749983 0.10555454 0.00000000 1.00000000 0.00000000
v 0.04559523 -0.00749983 0.10611215 0.00000000 1.00000000 0.00000000
v 0.07164519 -0.00749974 0.09427930 0.00000000 1.00000000 0.00000000
v 0.07204270 -0.00749974 0.09470364 0.00000000 1.00000000 0.00000000
v 0.04778443 -0.00749982 0.10873990 0.00000000 1.00000000 0.00000000
v 0.06623699 -0.00749976 0.09330594 0.00000000 1.00000000 0.00000000
v 0.07316524 -0.00749973 0.09850204 0.00000000 1.00000000 0.00000000
v 0.04781503 -0.00749982 0.10007974 0.00000000 1.00000000 0.00000000
v 0.04732813 -0.00749983 0.10039753 0.00000000 1.00000000 0.00000000
v 0.04645813 -0.00749983 0.10761905 0.00000000 1.00000000 0.00000000
v 0.04583953 -0.00749983 0.10215889 0.00000000 1.00000000 0.00000000
v 0.04613203 -0.00749983 0.10165637 0.00000000 1.00000000 0.00000000
v 0.07266132 -0.00749973 0.10016379 0.00000000 1.00000000 0.00000000
v 0.04833553 -0.00749982 0.09982063 0.00000000 1.00000000 0.00000000
v 0.04582363 -0.00749983 0.10664686 0.00000000 1.00000000 0.00000000
v 0.07320110 -0.00749973 0.09792170 0.00000000 1.00000000 0.00000000
v 0.04688143 -0.00749983 0.10076970 0.00000000 1.00000000 0.00000000
v 0.07316934 -0.00749973 0.09734112 0.00000000 1.00000000 0.00000000
v 0.04611253 -0.00749983 0.10715143 0.00000000 1.00000000 0.00000000
v 0.06850952 -0.00749975 0.09291352 0.00000000 1.00000000 0.00000000
v 0.06908679 -0.00749975 0.09298306 0.00000000 1.00000000 0.00000000
v 0.06792807 -0.00749975 0.09291146 0.00000000 1.00000000 0.00000000
v 0.07267721 -0.00749973 0.09567583 0.00000000 1.00000000 0.00000000
v 0.07238827 -0.00749973 0.09517126 0.00000000 1.00000000 0.00000000
v 0.06965209 -0.00749974 0.09311916 0.00000000 1.00000000 0.00000000
v 0.07019776 -0.00749974 0.09331996 0.00000000 1.00000000 0.00000000
v 0.04648083 -0.00749983 0.10119121 0.00000000 1.00000000 0.00000000
v 0.07120110 -0.00749974 0.09390398 0.00000000 1.00000000 0.00000000
v 0.07101814 0.00700026 0.09260644 0.00000000 1.00000000 0.00000000
v 0.07155645 0.00700026 0.09292992 0.00000000 1.00000000 0.00000000
v 0.07155651 -0.00699974 0.09292992 0.00000000 1.00000000 0.00000000
v 0.07101820 -0.00699974 0.09260644 0.00000000 1.00000000 0.00000000
v 0.07044896 0.00700026 0.09234100 0.00000000 1.00000000 0.00000000
v 0.07101814 0.00700026 0.09260644 0.00000000 1.00000000 0.00000000
v 0.07044902 -0.00699974 0.09234100 0.00000000 1.00000000 0.00000000
v 0.07101820 -0.00699974 0.09260644 0.00000000 1.00000000 0.00000000
v 0.07414278 -0.00699973 0.09706923 0.00000000 1.00000000 0.00000000
v 0.07402291 0.00700027 0.09645273 0.00000000 1.00000000 0.00000000
v 0.07414272 0.00700027 0.09706923 0.00000000 1.00000000 0.00000000
v 0.07402297 -0.00699973 0.09645273 0.00000000 1.00000000 0.00000000
v 0.07383932 0.00700027 0.09585213 0.00000000 1.00000000 0.00000000
v 0.07402291 0.00700027 0.09645273 0.00000000 1.00000000 0.00000000
v 0.07383938 -0.00699973 0.09585213 0.00000000 1.00000000 0.00000000
v 0.07402297 -0.00699973 0.09645273 0.00000000 1.00000000 0.00000000
v 0.07292936 -0.00699973 0.09421024 0.00000000 1.00000000 0.00000000
v 0.07251735 -0.00699973 0.09373624 0.00000000 1.00000000 0.00000000
v 0.07292930 0.00700027 0.09421024 0.00000000 1.00000000 0.00000000
v 0.07251729 0.00700027 0.09373624 0.00000000 1.00000000 0.00000000
v 0.07205800 0.00700026 0.09330790 0.00000000 1.00000000 0.00000000
v 0.07251735 -0.00699973 0.09373624 0.00000000 1.00000000 0.00000000
v 0.07205806 -0.00699974 0.09330790 0.00000000 1.00000000 0.00000000
v 0.07251729 0.00700027 0.09373624 0.00000000 1.00000000 0.00000000
v -0.04525355 0.01199983 0.10877390 0.00000000 1.00000000 0.00000000
v -0.03167476 0.01678758 0.09287520 0.00000000 1.00000000 0.00000000
v -0.04580124 0.01199983 0.10933610 0.00000000 1.00000000 0.00000000
v -0.03121166 0.01694649 0.09233300 0.00000000 1.00000000 0.00000000
v -0.03167476 0.01678758 0.09287520 0.00000000 1.00000000 0.00000000
v -0.04525355 0.01199983 0.10877390 0.00000000 1.00000000 0.00000000
v -0.05571546 -0.01200020 0.10378380 0.00000000 1.00000000 0.00000000
v -0.05226395 -0.01350019 0.10437020 0.00000000 1.00000000 0.00000000
v -0.05580766 -0.01200020 0.10456320 0.00000000 1.00000000 0.00000000
v -0.03167464 -0.01678782 0.09287520 0.00000000 1.00000000 0.00000000
v -0.04525346 -0.01200017 0.10877390 0.00000000 1.00000000 0.00000000
v -0.04580116 -0.01200017 0.10933610 0.00000000 1.00000000 0.00000000
v -0.04525346 -0.01200017 0.10877390 0.00000000 1.00000000 0.00000000
v -0.03167464 -0.01678782 0.09287520 0.00000000 1.00000000 0.00000000
v -0.03121154 -0.01694671 0.09233300 0.00000000 1.00000000 0.00000000
v -0.03323596 0.01519558 0.09470310 0.00000000 1.00000000 0.00000000
v -0.03510383 0.00739083 0.09689010 0.00000000 1.00000000 0.00000000
v -0.04923225 -0.01350018 0.10730810 0.00000000 1.00000000 0.00000000
v -0.04781305 -0.01200018 0.11053300 0.00000000 1.00000000 0.00000000
v -0.04856846 -0.01200018 0.11074610 0.00000000 1.00000000 0.00000000
v -0.03121154 -0.01694671 0.09233300 0.00000000 1.00000000 0.00000000
v -0.04781305 -0.01200018 0.11053300 0.00000000 1.00000000 0.00000000
v -0.04923225 -0.01350018 0.10730810 0.00000000 1.00000000 0.00000000
v -0.04709195 -0.01200017 0.11022320 0.00000000 1.00000000 0.00000000
v -0.04781305 -0.01200018 0.11053300 0.00000000 1.00000000 0.00000000
v -0.03121154 -0.01694671 0.09233300 0.00000000 1.00000000 0.00000000
v -0.04641745 -0.01200017 0.10982200 0.00000000 1.00000000 0.00000000
v -0.04709195 -0.01200017 0.11022320 0.00000000 1.00000000 0.00000000
v -0.03121154 -0.01694671 0.09233300 0.00000000 1.00000000 0.00000000
v -0.03167464 -0.01678782 0.09287520 0.00000000 1.00000000 0.00000000
v -0.04641745 -0.01200017 0.10982200 0.00000000 1.00000000 0.00000000
v -0.03121154 -0.01694671 0.09233300 0.00000000 1.00000000 0.00000000
v -0.03167464 -0.01678782 0.09287520 0.00000000 1.00000000 0.00000000
v -0.04580116 -0.01200017 0.10933610 0.00000000 1.00000000 0.00000000
v -0.04641745 -0.01200017 0.10982200 0.00000000 1.00000000 0.00000000
v -0.04033656 0.01694645 0.08453960 0.00000000 1.00000000 0.00000000
v -0.04079966 0.01678755 0.08508180 0.00000000 1.00000000 0.00000000
v -0.05523155 0.01199980 0.10229410 0.00000000 1.00000000 0.00000000
v -0.04033656 0.01694645 0.08453960 0.00000000 1.00000000 0.00000000
v -0.05437844 0.01199980 0.10098050 0.00000000 1.00000000 0.00000000
v -0.04079966 0.01678755 0.08508180 0.00000000 1.00000000 0.00000000
v -0.04079966 0.01678755 0.08508180 0.00000000 1.00000000 0.00000000
v -0.05484804 0.01199980 0.10160940 0.00000000 1.00000000 0.00000000
v -0.05523155 0.01199980 0.10229410 0.00000000 1.00000000 0.00000000
v -0.04079966 0.01678755 0.08508180 0.00000000 1.00000000 0.00000000
v -0.05437844 0.01199980 0.10098050 0.00000000 1.00000000 0.00000000
v -0.05484804 0.01199980 0.10160940 0.00000000 1.00000000 0.00000000
v -0.04079954 -0.01678785 0.08508180 0.00000000 1.00000000 0.00000000
v -0.05484795 -0.01200020 0.10160940 0.00000000 1.00000000 0.00000000
v -0.05437835 -0.01200020 0.10098050 0.00000000 1.00000000 0.00000000
v -0.05484795 -0.01200020 0.10160940 0.00000000 1.00000000 0.00000000
v -0.04079954 -0.01678785 0.08508180 0.00000000 1.00000000 0.00000000
v -0.05523146 -0.01200020 0.10229410 0.00000000 1.00000000 0.00000000
v -0.02195631 -0.01950008 0.06301921 0.00000000 1.00000000 0.00000000
v -0.01283143 -0.01950005 0.07081259 0.00000000 1.00000000 0.00000000
v -0.03121154 -0.01694671 0.09233300 0.00000000 1.00000000 0.00000000
v -0.03323584 -0.01519582 0.09470310 0.00000000 1.00000000 0.00000000
v -0.01516585 -0.01797565 0.07354580 0.00000000 1.00000000 0.00000000
v -0.02880917 -0.00829421 0.08952010 0.00000000 1.00000000 0.00000000
v -0.01283158 0.01949995 0.07081259 0.00000000 1.00000000 0.00000000
v -0.01368958 0.01932225 0.07181720 0.00000000 1.00000000 0.00000000
v -0.00813763 0.01949997 0.06531669 0.00000000 1.00000000 0.00000000
v -0.04923225 -0.01350018 0.10730810 0.00000000 1.00000000 0.00000000
v -0.04985515 -0.01350018 0.10737690 0.00000000 1.00000000 0.00000000
v -0.03121154 -0.01694671 0.09233300 0.00000000 1.00000000 0.00000000
v -0.03121154 -0.01694671 0.09233300 0.00000000 1.00000000 0.00000000
v -0.04985515 -0.01350018 0.10737690 0.00000000 1.00000000 0.00000000
v -0.05047555 -0.01350019 0.10728860 0.00000000 1.00000000 0.00000000
v -0.05105455 -0.01350019 0.10704880 0.00000000 1.00000000 0.00000000
v -0.05155565 -0.01350019 0.10667250 0.00000000 1.00000000 0.00000000
v -0.03121154 -0.01694671 0.09233300 0.00000000 1.00000000 0.00000000
v -0.05047555 -0.01350019 0.10728860 0.00000000 1.00000000 0.00000000
v -0.05105455 -0.01350019 0.10704880 0.00000000 1.00000000 0.00000000
v -0.03121154 -0.01694671 0.09233300 0.00000000 1.00000000 0.00000000
v -0.04985515 -0.01350018 0.10737690 0.00000000 1.00000000 0.00000000
v -0.05090936 -0.01200019 0.11077670 0.00000000 1.00000000 0.00000000
v -0.05047555 -0.01350019 0.10728860 0.00000000 1.00000000 0.00000000
v -0.05105455 -0.01350019 0.10704880 0.00000000 1.00000000 0.00000000
v -0.05371256 -0.01200020 0.10943960 0.00000000 1.00000000 0.00000000
v -0.05155565 -0.01350019 0.10667250 0.00000000 1.00000000 0.00000000
v -0.05105455 -0.01350019 0.10704880 0.00000000 1.00000000 0.00000000
v -0.05308376 -0.01200019 0.10990920 0.00000000 1.00000000 0.00000000
v -0.05371256 -0.01200020 0.10943960 0.00000000 1.00000000 0.00000000
v -0.03510377 -0.00739109 0.09689010 0.00000000 1.00000000 0.00000000
v -0.02281447 0.01932222 0.06402381 0.00000000 1.00000000 0.00000000
v -0.02195645 0.01949992 0.06301921 0.00000000 1.00000000 0.00000000
v -0.01726251 0.01949994 0.05752331 0.00000000 1.00000000 0.00000000
v -0.01283158 0.01949995 0.07081259 0.00000000 1.00000000 0.00000000
v -0.02195645 0.01949992 0.06301921 0.00000000 1.00000000 0.00000000
v -0.03121166 0.01694649 0.09233300 0.00000000 1.00000000 0.00000000
v -0.04033656 0.01694645 0.08453960 0.00000000 1.00000000 0.00000000
v -0.04033656 0.01694645 0.08453960 0.00000000 1.00000000 0.00000000
v -0.05155575 0.01349981 0.10667250 0.00000000 1.00000000 0.00000000
v -0.03121166 0.01694649 0.09233300 0.00000000 1.00000000 0.00000000
v -0.05194765 0.01349981 0.10618350 0.00000000 1.00000000 0.00000000
v -0.05155575 0.01349981 0.10667250 0.00000000 1.00000000 0.00000000
v -0.04033656 0.01694645 0.08453960 0.00000000 1.00000000 0.00000000
v -0.05194765 0.01349981 0.10618350 0.00000000 1.00000000 0.00000000
v -0.05516205 0.01199980 0.10760110 0.00000000 1.00000000 0.00000000
v -0.05476074 0.01199980 0.10827560 0.00000000 1.00000000 0.00000000
v -0.05547176 -0.01200020 0.10688000 0.00000000 1.00000000 0.00000000
v -0.05220535 -0.01350019 0.10561230 0.00000000 1.00000000 0.00000000
v -0.05516196 -0.01200020 0.10760110 0.00000000 1.00000000 0.00000000
v -0.01368944 -0.01932235 0.07181720 0.00000000 1.00000000 0.00000000
v -0.01283143 -0.01950005 0.07081259 0.00000000 1.00000000 0.00000000
v -0.00813749 -0.01950003 0.06531669 0.00000000 1.00000000 0.00000000
v -0.02880923 0.00829399 0.08952010 0.00000000 1.00000000 0.00000000
v -0.03073856 0.01699989 0.09177890 0.00000000 1.00000000 0.00000000
v -0.05552234 0.01199980 0.10302310 0.00000000 1.00000000 0.00000000
v -0.04033656 0.01694645 0.08453960 0.00000000 1.00000000 0.00000000
v -0.05523155 0.01199980 0.10229410 0.00000000 1.00000000 0.00000000
v -0.05552234 0.01199980 0.10302310 0.00000000 1.00000000 0.00000000
v -0.05571554 0.01199980 0.10378380 0.00000000 1.00000000 0.00000000
v -0.04033656 0.01694645 0.08453960 0.00000000 1.00000000 0.00000000
v -0.05090936 -0.01200019 0.11077670 0.00000000 1.00000000 0.00000000
v -0.05167006 -0.01200019 0.11058350 0.00000000 1.00000000 0.00000000
v -0.05047555 -0.01350019 0.10728860 0.00000000 1.00000000 0.00000000
v -0.04985515 -0.01350018 0.10737690 0.00000000 1.00000000 0.00000000
v -0.05012996 -0.01200018 0.11086900 0.00000000 1.00000000 0.00000000
v -0.05090936 -0.01200019 0.11077670 0.00000000 1.00000000 0.00000000
v -0.05047565 0.01349981 0.10728860 0.00000000 1.00000000 0.00000000
v -0.05167014 0.01199981 0.11058350 0.00000000 1.00000000 0.00000000
v -0.05090944 0.01199981 0.11077670 0.00000000 1.00000000 0.00000000
v -0.03167476 0.01678758 0.09287520 0.00000000 1.00000000 0.00000000
v -0.04641754 0.01199983 0.10982200 0.00000000 1.00000000 0.00000000
v -0.04580124 0.01199983 0.10933610 0.00000000 1.00000000 0.00000000
v -0.04641754 0.01199983 0.10982200 0.00000000 1.00000000 0.00000000
v -0.03167476 0.01678758 0.09287520 0.00000000 1.00000000 0.00000000
v -0.03121166 0.01694649 0.09233300 0.00000000 1.00000000 0.00000000
v -0.04856854 0.01199982 0.11074610 0.00000000 1.00000000 0.00000000
v -0.04923235 0.01349982 0.10730810 0.00000000 1.00000000 0.00000000
v -0.04934524 0.01199982 0.11085870 0.00000000 1.00000000 0.00000000
v -0.04709204 0.01199983 0.11022320 0.00000000 1.00000000 0.00000000
v -0.04641754 0.01199983 0.10982200 0.00000000 1.00000000 0.00000000
v -0.03121166 0.01694649 0.09233300 0.00000000 1.00000000 0.00000000
v -0.02195631 -0.01950008 0.06301921 0.00000000 1.00000000 0.00000000
v -0.02281433 -0.01932238 0.06402381 0.00000000 1.00000000 0.00000000
v -0.01726237 -0.01950006 0.05752331 0.00000000 1.00000000 0.00000000
v -0.03793413 0.00829396 0.08172670 0.00000000 1.00000000 0.00000000
v -0.04316825 0.01315464 0.08785510 0.00000000 1.00000000 0.00000000
v -0.05437835 -0.01200020 0.10098050 0.00000000 1.00000000 0.00000000
v -0.04329698 -0.00656290 0.08800590 0.00000000 1.00000000 0.00000000
v -0.03793407 -0.00829424 0.08172670 0.00000000 1.00000000 0.00000000
v -0.05220545 0.01349981 0.10561230 0.00000000 1.00000000 0.00000000
v -0.05194765 0.01349981 0.10618350 0.00000000 1.00000000 0.00000000
v -0.04033656 0.01694645 0.08453960 0.00000000 1.00000000 0.00000000
v -0.05231325 0.01349981 0.10499500 0.00000000 1.00000000 0.00000000
v -0.05220545 0.01349981 0.10561230 0.00000000 1.00000000 0.00000000
v -0.04033656 0.01694645 0.08453960 0.00000000 1.00000000 0.00000000
v -0.05568484 0.01199980 0.10612470 0.00000000 1.00000000 0.00000000
v -0.05220545 0.01349981 0.10561230 0.00000000 1.00000000 0.00000000
v -0.05231325 0.01349981 0.10499500 0.00000000 1.00000000 0.00000000
v -0.05194765 0.01349981 0.10618350 0.00000000 1.00000000 0.00000000
v -0.05220545 0.01349981 0.10561230 0.00000000 1.00000000 0.00000000
v -0.05516205 0.01199980 0.10760110 0.00000000 1.00000000 0.00000000
v -0.05571554 0.01199980 0.10378380 0.00000000 1.00000000 0.00000000
v -0.05226405 0.01349981 0.10437020 0.00000000 1.00000000 0.00000000
v -0.04033656 0.01694645 0.08453960 0.00000000 1.00000000 0.00000000
v -0.04033656 0.01694645 0.08453960 0.00000000 1.00000000 0.00000000
v -0.05226405 0.01349981 0.10437020 0.00000000 1.00000000 0.00000000
v -0.05231325 0.01349981 0.10499500 0.00000000 1.00000000 0.00000000
v -0.05571554 0.01199980 0.10378380 0.00000000 1.00000000 0.00000000
v -0.05580774 0.01199980 0.10456320 0.00000000 1.00000000 0.00000000
v -0.05226405 0.01349981 0.10437020 0.00000000 1.00000000 0.00000000
v -0.05231325 0.01349981 0.10499500 0.00000000 1.00000000 0.00000000
v -0.05226405 0.01349981 0.10437020 0.00000000 1.00000000 0.00000000
v -0.05580774 0.01199980 0.10456320 0.00000000 1.00000000 0.00000000
v -0.05231325 0.01349981 0.10499500 0.00000000 1.00000000 0.00000000
v -0.05579754 0.01199980 0.10534800 0.00000000 1.00000000 0.00000000
v -0.05568484 0.01199980 0.10612470 0.00000000 1.00000000 0.00000000
v -0.05579754 0.01199980 0.10534800 0.00000000 1.00000000 0.00000000
v -0.05231325 0.01349981 0.10499500 0.00000000 1.00000000 0.00000000
v -0.05580774 0.01199980 0.10456320 0.00000000 1.00000000 0.00000000
v -0.05105465 0.01349981 0.10704880 0.00000000 1.00000000 0.00000000
v -0.05047565 0.01349981 0.10728860 0.00000000 1.00000000 0.00000000
v -0.03121166 0.01694649 0.09233300 0.00000000 1.00000000 0.00000000
v -0.05155575 0.01349981 0.10667250 0.00000000 1.00000000 0.00000000
v -0.05105465 0.01349981 0.10704880 0.00000000 1.00000000 0.00000000
v -0.03121166 0.01694649 0.09233300 0.00000000 1.00000000 0.00000000
v -0.05105465 0.01349981 0.10704880 0.00000000 1.00000000 0.00000000
v -0.05371264 0.01199980 0.10943960 0.00000000 1.00000000 0.00000000
v -0.05308384 0.01199981 0.10990920 0.00000000 1.00000000 0.00000000
v -0.05155575 0.01349981 0.10667250 0.00000000 1.00000000 0.00000000
v -0.05371264 0.01199980 0.10943960 0.00000000 1.00000000 0.00000000
v -0.05105465 0.01349981 0.10704880 0.00000000 1.00000000 0.00000000
v -0.05194765 0.01349981 0.10618350 0.00000000 1.00000000 0.00000000
v -0.05476074 0.01199980 0.10827560 0.00000000 1.00000000 0.00000000
v -0.05427484 0.01199980 0.10889200 0.00000000 1.00000000 0.00000000
v -0.05427484 0.01199980 0.10889200 0.00000000 1.00000000 0.00000000
v -0.05155575 0.01349981 0.10667250 0.00000000 1.00000000 0.00000000
v -0.05194765 0.01349981 0.10618350 0.00000000 1.00000000 0.00000000
v -0.05427484 0.01199980 0.10889200 0.00000000 1.00000000 0.00000000
v -0.05371264 0.01199980 0.10943960 0.00000000 1.00000000 0.00000000
v -0.05155575 0.01349981 0.10667250 0.00000000 1.00000000 0.00000000
v -0.05547185 0.01199980 0.10688000 0.00000000 1.00000000 0.00000000
v -0.05220545 0.01349981 0.10561230 0.00000000 1.00000000 0.00000000
v -0.05568484 0.01199980 0.10612470 0.00000000 1.00000000 0.00000000
v -0.05547185 0.01199980 0.10688000 0.00000000 1.00000000 0.00000000
v -0.05580766 -0.01200020 0.10456320 0.00000000 1.00000000 0.00000000
v -0.05231315 -0.01350019 0.10499500 0.00000000 1.00000000 0.00000000
v -0.05579746 -0.01200020 0.10534800 0.00000000 1.00000000 0.00000000
v -0.05226395 -0.01350019 0.10437020 0.00000000 1.00000000 0.00000000
v -0.05231315 -0.01350019 0.10499500 0.00000000 1.00000000 0.00000000
v -0.05580766 -0.01200020 0.10456320 0.00000000 1.00000000 0.00000000
v -0.05194755 -0.01350019 0.10618350 0.00000000 1.00000000 0.00000000
v -0.05476066 -0.01200020 0.10827560 0.00000000 1.00000000 0.00000000
v -0.05516196 -0.01200020 0.10760110 0.00000000 1.00000000 0.00000000
v -0.05194755 -0.01350019 0.10618350 0.00000000 1.00000000 0.00000000
v -0.03073844 -0.01700011 0.09177890 0.00000000 1.00000000 0.00000000
v -0.01516599 0.01797554 0.07354580 0.00000000 1.00000000 0.00000000
v -0.05220535 -0.01350019 0.10561230 0.00000000 1.00000000 0.00000000
v -0.05547176 -0.01200020 0.10688000 0.00000000 1.00000000 0.00000000
v -0.05568475 -0.01200020 0.10612470 0.00000000 1.00000000 0.00000000
v -0.05220535 -0.01350019 0.10561230 0.00000000 1.00000000 0.00000000
v -0.05568475 -0.01200020 0.10612470 0.00000000 1.00000000 0.00000000
v -0.05231315 -0.01350019 0.10499500 0.00000000 1.00000000 0.00000000
v -0.05231315 -0.01350019 0.10499500 0.00000000 1.00000000 0.00000000
v -0.05568475 -0.01200020 0.10612470 0.00000000 1.00000000 0.00000000
v -0.05579746 -0.01200020 0.10534800 0.00000000 1.00000000 0.00000000
v -0.05105455 -0.01350019 0.10704880 0.00000000 1.00000000 0.00000000
v -0.05239896 -0.01200019 0.11029270 0.00000000 1.00000000 0.00000000
v -0.05308376 -0.01200019 0.10990920 0.00000000 1.00000000 0.00000000
v -0.05047555 -0.01350019 0.10728860 0.00000000 1.00000000 0.00000000
v -0.05239896 -0.01200019 0.11029270 0.00000000 1.00000000 0.00000000
v -0.05105455 -0.01350019 0.10704880 0.00000000 1.00000000 0.00000000
v -0.05167006 -0.01200019 0.11058350 0.00000000 1.00000000 0.00000000
v -0.05239896 -0.01200019 0.11029270 0.00000000 1.00000000 0.00000000
v -0.05047555 -0.01350019 0.10728860 0.00000000 1.00000000 0.00000000
v -0.04985515 -0.01350018 0.10737690 0.00000000 1.00000000 0.00000000
v -0.04934515 -0.01200018 0.11085870 0.00000000 1.00000000 0.00000000
v -0.05012996 -0.01200018 0.11086900 0.00000000 1.00000000 0.00000000
v -0.04934515 -0.01200018 0.11085870 0.00000000 1.00000000 0.00000000
v -0.04923225 -0.01350018 0.10730810 0.00000000 1.00000000 0.00000000
v -0.04856846 -0.01200018 0.11074610 0.00000000 1.00000000 0.00000000
v -0.04934515 -0.01200018 0.11085870 0.00000000 1.00000000 0.00000000
v -0.04985515 -0.01350018 0.10737690 0.00000000 1.00000000 0.00000000
v -0.04923225 -0.01350018 0.10730810 0.00000000 1.00000000 0.00000000
v -0.05371256 -0.01200020 0.10943960 0.00000000 1.00000000 0.00000000
v -0.05427475 -0.01200020 0.10889200 0.00000000 1.00000000 0.00000000
v -0.05155565 -0.01350019 0.10667250 0.00000000 1.00000000 0.00000000
v -0.05155565 -0.01350019 0.10667250 0.00000000 1.00000000 0.00000000
v -0.05427475 -0.01200020 0.10889200 0.00000000 1.00000000 0.00000000
v -0.05194755 -0.01350019 0.10618350 0.00000000 1.00000000 0.00000000
v -0.05194755 -0.01350019 0.10618350 0.00000000 1.00000000 0.00000000
v -0.05427475 -0.01200020 0.10889200 0.00000000 1.00000000 0.00000000
v -0.05476066 -0.01200020 0.10827560 0.00000000 1.00000000 0.00000000
v -0.05105465 0.01349981 0.10704880 0.00000000 1.00000000 0.00000000
v -0.05308384 0.01199981 0.10990920 0.00000000 1.00000000 0.00000000
v -0.05239905 0.01199981 0.11029270 0.00000000 1.00000000 0.00000000
v -0.05047565 0.01349981 0.10728860 0.00000000 1.00000000 0.00000000
v -0.05239905 0.01199981 0.11029270 0.00000000 1.00000000 0.00000000
v -0.05167014 0.01199981 0.11058350 0.00000000 1.00000000 0.00000000
v -0.05105465 0.01349981 0.10704880 0.00000000 1.00000000 0.00000000
v -0.05239905 0.01199981 0.11029270 0.00000000 1.00000000 0.00000000
v -0.05047565 0.01349981 0.10728860 0.00000000 1.00000000 0.00000000
v -0.05013004 0.01199982 0.11086900 0.00000000 1.00000000 0.00000000
v -0.04934524 0.01199982 0.11085870 0.00000000 1.00000000 0.00000000
v -0.04985525 0.01349982 0.10737690 0.00000000 1.00000000 0.00000000
v -0.04923235 0.01349982 0.10730810 0.00000000 1.00000000 0.00000000
v -0.04985525 0.01349982 0.10737690 0.00000000 1.00000000 0.00000000
v -0.04934524 0.01199982 0.11085870 0.00000000 1.00000000 0.00000000
v -0.05013004 0.01199982 0.11086900 0.00000000 1.00000000 0.00000000
v -0.04985525 0.01349982 0.10737690 0.00000000 1.00000000 0.00000000
v -0.05090944 0.01199981 0.11077670 0.00000000 1.00000000 0.00000000
v -0.05090944 0.01199981 0.11077670 0.00000000 1.00000000 0.00000000
v -0.04985525 0.01349982 0.10737690 0.00000000 1.00000000 0.00000000
v -0.05047565 0.01349981 0.10728860 0.00000000 1.00000000 0.00000000
v -0.05047565 0.01349981 0.10728860 0.00000000 1.00000000 0.00000000
v -0.04985525 0.01349982 0.10737690 0.00000000 1.00000000 0.00000000
v -0.03121166 0.01694649 0.09233300 0.00000000 1.00000000 0.00000000
v -0.03121166 0.01694649 0.09233300 0.00000000 1.00000000 0.00000000
v -0.04985525 0.01349982 0.10737690 0.00000000 1.00000000 0.00000000
v -0.04923235 0.01349982 0.10730810 0.00000000 1.00000000 0.00000000
v -0.04923235 0.01349982 0.10730810 0.00000000 1.00000000 0.00000000
v -0.04856854 0.01199982 0.11074610 0.00000000 1.00000000 0.00000000
v -0.04781314 0.01199982 0.11053300 0.00000000 1.00000000 0.00000000
v -0.04923235 0.01349982 0.10730810 0.00000000 1.00000000 0.00000000
v -0.04781314 0.01199982 0.11053300 0.00000000 1.00000000 0.00000000
v -0.03121166 0.01694649 0.09233300 0.00000000 1.00000000 0.00000000
v -0.04781314 0.01199982 0.11053300 0.00000000 1.00000000 0.00000000
v -0.04709204 0.01199983 0.11022320 0.00000000 1.00000000 0.00000000
v -0.03121166 0.01694649 0.09233300 0.00000000 1.00000000 0.00000000
v -0.04033644 -0.01694675 0.08453960 0.00000000 1.00000000 0.00000000
v -0.04033644 -0.01694675 0.08453960 0.00000000 1.00000000 0.00000000
v -0.05155565 -0.01350019 0.10667250 0.00000000 1.00000000 0.00000000
v -0.04033644 -0.01694675 0.08453960 0.00000000 1.00000000 0.00000000
v -0.03121154 -0.01694671 0.09233300 0.00000000 1.00000000 0.00000000
v -0.04079954 -0.01678785 0.08508180 0.00000000 1.00000000 0.00000000
v -0.05194755 -0.01350019 0.10618350 0.00000000 1.00000000 0.00000000
v -0.04033644 -0.01694675 0.08453960 0.00000000 1.00000000 0.00000000
v -0.05155565 -0.01350019 0.10667250 0.00000000 1.00000000 0.00000000
v -0.05194755 -0.01350019 0.10618350 0.00000000 1.00000000 0.00000000
v -0.05220535 -0.01350019 0.10561230 0.00000000 1.00000000 0.00000000
v -0.04033644 -0.01694675 0.08453960 0.00000000 1.00000000 0.00000000
v -0.05231315 -0.01350019 0.10499500 0.00000000 1.00000000 0.00000000
v -0.04033644 -0.01694675 0.08453960 0.00000000 1.00000000 0.00000000
v -0.05220535 -0.01350019 0.10561230 0.00000000 1.00000000 0.00000000
v -0.05231315 -0.01350019 0.10499500 0.00000000 1.00000000 0.00000000
v -0.05226395 -0.01350019 0.10437020 0.00000000 1.00000000 0.00000000
v -0.04033644 -0.01694675 0.08453960 0.00000000 1.00000000 0.00000000
v -0.05226395 -0.01350019 0.10437020 0.00000000 1.00000000 0.00000000
v -0.05571546 -0.01200020 0.10378380 0.00000000 1.00000000 0.00000000
v -0.04033644 -0.01694675 0.08453960 0.00000000 1.00000000 0.00000000
v -0.05552226 -0.01200020 0.10302310 0.00000000 1.00000000 0.00000000
v -0.04033644 -0.01694675 0.08453960 0.00000000 1.00000000 0.00000000
v -0.05571546 -0.01200020 0.10378380 0.00000000 1.00000000 0.00000000
v -0.05552226 -0.01200020 0.10302310 0.00000000 1.00000000 0.00000000
v -0.05523146 -0.01200020 0.10229410 0.00000000 1.00000000 0.00000000
v -0.04033644 -0.01694675 0.08453960 0.00000000 1.00000000 0.00000000
v -0.04079954 -0.01678785 0.08508180 0.00000000 1.00000000 0.00000000
v -0.04033644 -0.01694675 0.08453960 0.00000000 1.00000000 0.00000000
v -0.05523146 -0.01200020 0.10229410 0.00000000 1.00000000 0.00000000
v -0.04329702 0.00656258 0.08800590 0.00000000 1.00000000 0.00000000
v -0.04316815 -0.01315496 0.08785510 0.00000000 1.00000000 0.00000000
v -0.01238606 0.01949995 0.05542822 0.00000000 1.00000000 0.00000000
v -0.01238591 -0.01950005 0.05542822 0.00000000 1.00000000 0.00000000
v -0.01317083 0.01949995 0.05543850 0.00000000 1.00000000 0.00000000
v -0.01317068 -0.01950005 0.05543850 0.00000000 1.00000000 0.00000000
v -0.01317083 0.01949995 0.05543850 0.00000000 1.00000000 0.00000000
v -0.01394740 -0.01950005 0.05555111 0.00000000 1.00000000 0.00000000
v -0.01394754 0.01949995 0.05555111 0.00000000 1.00000000 0.00000000
v -0.01317068 -0.01950005 0.05543850 0.00000000 1.00000000 0.00000000
v -0.04580124 0.01199983 0.10933610 0.00000000 1.00000000 0.00000000
v -0.04525346 -0.01200017 0.10877390 0.00000000 1.00000000 0.00000000
v -0.04525355 0.01199983 0.10877390 0.00000000 1.00000000 0.00000000
v -0.04580116 -0.01200017 0.10933610 0.00000000 1.00000000 0.00000000
v -0.01726237 -0.01950006 0.05752331 0.00000000 1.00000000 0.00000000
v -0.01671485 0.01949994 0.05696113 0.00000000 1.00000000 0.00000000
v -0.01671471 -0.01950006 0.05696113 0.00000000 1.00000000 0.00000000
v -0.01726251 0.01949994 0.05752331 0.00000000 1.00000000 0.00000000
v -0.01542401 0.01949994 0.05607396 0.00000000 1.00000000 0.00000000
v -0.01609837 -0.01950006 0.05647524 0.00000000 1.00000000 0.00000000
v -0.01609851 0.01949994 0.05647524 0.00000000 1.00000000 0.00000000
v -0.01542387 -0.01950006 0.05607396 0.00000000 1.00000000 0.00000000
v -0.01671485 0.01949994 0.05696113 0.00000000 1.00000000 0.00000000
v -0.01609837 -0.01950006 0.05647524 0.00000000 1.00000000 0.00000000
v -0.01671471 -0.01950006 0.05696113 0.00000000 1.00000000 0.00000000
v -0.01609851 0.01949994 0.05647524 0.00000000 1.00000000 0.00000000
v -0.01394754 0.01949995 0.05555111 0.00000000 1.00000000 0.00000000
v -0.01470277 -0.01950005 0.05576415 0.00000000 1.00000000 0.00000000
v -0.01470291 0.01949995 0.05576415 0.00000000 1.00000000 0.00000000
v -0.01394740 -0.01950005 0.05555111 0.00000000 1.00000000 0.00000000
v -0.01470291 0.01949995 0.05576415 0.00000000 1.00000000 0.00000000
v -0.01470277 -0.01950005 0.05576415 0.00000000 1.00000000 0.00000000
v -0.01542401 0.01949994 0.05607396 0.00000000 1.00000000 0.00000000
v -0.01542387 -0.01950006 0.05607396 0.00000000 1.00000000 0.00000000
v -0.00735403 0.01949997 0.05869606 0.00000000 1.00000000 0.00000000
v -0.00704422 0.01949997 0.05941716 0.00000000 1.00000000 0.00000000
v -0.00704408 -0.01950003 0.05941716 0.00000000 1.00000000 0.00000000
v -0.00735389 -0.01950003 0.05869606 0.00000000 1.00000000 0.00000000
v -0.05523146 -0.01200020 0.10229410 0.00000000 1.00000000 0.00000000
v -0.05523155 0.01199980 0.10229410 0.00000000 1.00000000 0.00000000
v -0.05484804 0.01199980 0.10160940 0.00000000 1.00000000 0.00000000
v -0.05484795 -0.01200020 0.10160940 0.00000000 1.00000000 0.00000000
v -0.05437835 -0.01200020 0.10098050 0.00000000 1.00000000 0.00000000
v -0.05484804 0.01199980 0.10160940 0.00000000 1.00000000 0.00000000
v -0.05437844 0.01199980 0.10098050 0.00000000 1.00000000 0.00000000
v -0.05484795 -0.01200020 0.10160940 0.00000000 1.00000000 0.00000000
v -0.01084583 -0.01950004 0.05571366 0.00000000 1.00000000 0.00000000
v -0.01084597 0.01949996 0.05571366 0.00000000 1.00000000 0.00000000
v -0.01011686 -0.01950004 0.05600449 0.00000000 1.00000000 0.00000000
v -0.01011700 0.01949996 0.05600449 0.00000000 1.00000000 0.00000000
v -0.00880324 -0.01950003 0.05685756 0.00000000 1.00000000 0.00000000
v -0.00880338 0.01949997 0.05685756 0.00000000 1.00000000 0.00000000
v -0.00824106 -0.01950003 0.05740522 0.00000000 1.00000000 0.00000000
v -0.00824120 0.01949997 0.05740522 0.00000000 1.00000000 0.00000000
v -0.00680054 0.01949998 0.06251341 0.00000000 1.00000000 0.00000000
v -0.00670815 -0.01950002 0.06173402 0.00000000 1.00000000 0.00000000
v -0.00670829 0.01949998 0.06173402 0.00000000 1.00000000 0.00000000
v -0.00680040 -0.01950002 0.06251341 0.00000000 1.00000000 0.00000000
v -0.00671857 0.01949998 0.06094924 0.00000000 1.00000000 0.00000000
v -0.00670815 -0.01950002 0.06173402 0.00000000 1.00000000 0.00000000
v -0.00671843 -0.01950002 0.06094924 0.00000000 1.00000000 0.00000000
v -0.00670829 0.01949998 0.06173402 0.00000000 1.00000000 0.00000000
v -0.00704422 0.01949997 0.05941716 0.00000000 1.00000000 0.00000000
v -0.00683104 -0.01950003 0.06017253 0.00000000 1.00000000 0.00000000
v -0.00704408 -0.01950003 0.05941716 0.00000000 1.00000000 0.00000000
v -0.00683118 0.01949997 0.06017253 0.00000000 1.00000000 0.00000000
v -0.00671857 0.01949998 0.06094924 0.00000000 1.00000000 0.00000000
v -0.00671843 -0.01950002 0.06094924 0.00000000 1.00000000 0.00000000
v -0.00683104 -0.01950003 0.06017253 0.00000000 1.00000000 0.00000000
v -0.00683118 0.01949997 0.06017253 0.00000000 1.00000000 0.00000000
v -0.05571546 -0.01200020 0.10378380 0.00000000 1.00000000 0.00000000
v -0.05580766 -0.01200020 0.10456320 0.00000000 1.00000000 0.00000000
v -0.05571554 0.01199980 0.10378380 0.00000000 1.00000000 0.00000000
v -0.05580774 0.01199980 0.10456320 0.00000000 1.00000000 0.00000000
v -0.00813763 0.01949997 0.06531669 0.00000000 1.00000000 0.00000000
v -0.00766791 -0.01950003 0.06468783 0.00000000 1.00000000 0.00000000
v -0.00766805 0.01949997 0.06468783 0.00000000 1.00000000 0.00000000
v -0.00813749 -0.01950003 0.06531669 0.00000000 1.00000000 0.00000000
v -0.00766805 0.01949997 0.06468783 0.00000000 1.00000000 0.00000000
v -0.00766791 -0.01950003 0.06468783 0.00000000 1.00000000 0.00000000
v -0.00728456 0.01949997 0.06400307 0.00000000 1.00000000 0.00000000
v -0.00728442 -0.01950003 0.06400307 0.00000000 1.00000000 0.00000000
v -0.00728456 0.01949997 0.06400307 0.00000000 1.00000000 0.00000000
v -0.00699359 -0.01950003 0.06327410 0.00000000 1.00000000 0.00000000
v -0.00699373 0.01949997 0.06327410 0.00000000 1.00000000 0.00000000
v -0.00728442 -0.01950003 0.06400307 0.00000000 1.00000000 0.00000000
v -0.00699373 0.01949997 0.06327410 0.00000000 1.00000000 0.00000000
v -0.00699359 -0.01950003 0.06327410 0.00000000 1.00000000 0.00000000
v -0.00680054 0.01949998 0.06251341 0.00000000 1.00000000 0.00000000
v -0.00680040 -0.01950002 0.06251341 0.00000000 1.00000000 0.00000000
v -0.05476074 0.01199980 0.10827560 0.00000000 1.00000000 0.00000000
v -0.05516205 0.01199980 0.10760110 0.00000000 1.00000000 0.00000000
v -0.05476066 -0.01200020 0.10827560 0.00000000 1.00000000 0.00000000
v -0.05516196 -0.01200020 0.10760110 0.00000000 1.00000000 0.00000000
v -0.01238591 -0.01950005 0.05542822 0.00000000 1.00000000 0.00000000
v -0.01160666 0.01949996 0.05552047 0.00000000 1.00000000 0.00000000
v -0.01160652 -0.01950004 0.05552047 0.00000000 1.00000000 0.00000000
v -0.01238606 0.01949995 0.05542822 0.00000000 1.00000000 0.00000000
v -0.01084583 -0.01950004 0.05571366 0.00000000 1.00000000 0.00000000
v -0.01160652 -0.01950004 0.05552047 0.00000000 1.00000000 0.00000000
v -0.01160666 0.01949996 0.05552047 0.00000000 1.00000000 0.00000000
v -0.01084597 0.01949996 0.05571366 0.00000000 1.00000000 0.00000000
v -0.01011700 0.01949996 0.05600449 0.00000000 1.00000000 0.00000000
v -0.00943224 0.01949997 0.05638798 0.00000000 1.00000000 0.00000000
v -0.01011686 -0.01950004 0.05600449 0.00000000 1.00000000 0.00000000
v -0.00943210 -0.01950003 0.05638798 0.00000000 1.00000000 0.00000000
v -0.00943210 -0.01950003 0.05638798 0.00000000 1.00000000 0.00000000
v -0.00943224 0.01949997 0.05638798 0.00000000 1.00000000 0.00000000
v -0.00880324 -0.01950003 0.05685756 0.00000000 1.00000000 0.00000000
v -0.00880338 0.01949997 0.05685756 0.00000000 1.00000000 0.00000000
v -0.01609837 -0.01950006 0.05647524 0.00000000 1.00000000 0.00000000
v -0.00775517 -0.01950003 0.05802156 0.00000000 1.00000000 0.00000000
v -0.01671471 -0.01950006 0.05696113 0.00000000 1.00000000 0.00000000
v -0.01084583 -0.01950004 0.05571366 0.00000000 1.00000000 0.00000000
v -0.01160652 -0.01950004 0.05552047 0.00000000 1.00000000 0.00000000
v -0.01238591 -0.01950005 0.05542822 0.00000000 1.00000000 0.00000000
v -0.00943210 -0.01950003 0.05638798 0.00000000 1.00000000 0.00000000
v -0.00880324 -0.01950003 0.05685756 0.00000000 1.00000000 0.00000000
v -0.00766791 -0.01950003 0.06468783 0.00000000 1.00000000 0.00000000
v -0.00728442 -0.01950003 0.06400307 0.00000000 1.00000000 0.00000000
v -0.02195631 -0.01950008 0.06301921 0.00000000 1.00000000 0.00000000
v -0.01283143 -0.01950005 0.07081259 0.00000000 1.00000000 0.00000000
v -0.01317068 -0.01950005 0.05543850 0.00000000 1.00000000 0.00000000
v -0.00824106 -0.01950003 0.05740522 0.00000000 1.00000000 0.00000000
v -0.01470277 -0.01950005 0.05576415 0.00000000 1.00000000 0.00000000
v -0.01394740 -0.01950005 0.05555111 0.00000000 1.00000000 0.00000000
v -0.01726237 -0.01950006 0.05752331 0.00000000 1.00000000 0.00000000
v -0.01011686 -0.01950004 0.05600449 0.00000000 1.00000000 0.00000000
v -0.00735389 -0.01950003 0.05869606 0.00000000 1.00000000 0.00000000
v -0.00704408 -0.01950003 0.05941716 0.00000000 1.00000000 0.00000000
v -0.01542387 -0.01950006 0.05607396 0.00000000 1.00000000 0.00000000
v -0.00699359 -0.01950003 0.06327410 0.00000000 1.00000000 0.00000000
v -0.00670815 -0.01950002 0.06173402 0.00000000 1.00000000 0.00000000
v -0.00671843 -0.01950002 0.06094924 0.00000000 1.00000000 0.00000000
v -0.00683104 -0.01950003 0.06017253 0.00000000 1.00000000 0.00000000
v -0.00813749 -0.01950003 0.06531669 0.00000000 1.00000000 0.00000000
v -0.00680040 -0.01950002 0.06251341 0.00000000 1.00000000 0.00000000
v -0.01542401 0.01949994 0.05607396 0.00000000 1.00000000 0.00000000
v -0.01609851 0.01949994 0.05647524 0.00000000 1.00000000 0.00000000
v -0.00775531 0.01949997 0.05802156 0.00000000 1.00000000 0.00000000
v -0.01317083 0.01949995 0.05543850 0.00000000 1.00000000 0.00000000
v -0.01394754 0.01949995 0.05555111 0.00000000 1.00000000 0.00000000
v -0.01470291 0.01949995 0.05576415 0.00000000 1.00000000 0.00000000
v -0.00680054 0.01949998 0.06251341 0.00000000 1.00000000 0.00000000
v -0.00699373 0.01949997 0.06327410 0.00000000 1.00000000 0.00000000
v -0.00813763 0.01949997 0.06531669 0.00000000 1.00000000 0.00000000
v -0.00766805 0.01949997 0.06468783 0.00000000 1.00000000 0.00000000
v -0.00683118 0.01949997 0.06017253 0.00000000 1.00000000 0.00000000
v -0.00704422 0.01949997 0.05941716 0.00000000 1.00000000 0.00000000
v -0.00728456 0.01949997 0.06400307 0.00000000 1.00000000 0.00000000
v -0.01238606 0.01949995 0.05542822 0.00000000 1.00000000 0.00000000
v -0.01283158 0.01949995 0.07081259 0.00000000 1.00000000 0.00000000
v -0.01671485 0.01949994 0.05696113 0.00000000 1.00000000 0.00000000
v -0.00670829 0.01949998 0.06173402 0.00000000 1.00000000 0.00000000
v -0.01084597 0.01949996 0.05571366 0.00000000 1.00000000 0.00000000
v -0.01011700 0.01949996 0.05600449 0.00000000 1.00000000 0.00000000
v -0.00671857 0.01949998 0.06094924 0.00000000 1.00000000 0.00000000
v -0.01726251 0.01949994 0.05752331 0.00000000 1.00000000 0.00000000
v -0.00735403 0.01949997 0.05869606 0.00000000 1.00000000 0.00000000
v -0.01160666 0.01949996 0.05552047 0.00000000 1.00000000 0.00000000
v -0.00943224 0.01949997 0.05638798 0.00000000 1.00000000 0.00000000
v -0.00880338 0.01949997 0.05685756 0.00000000 1.00000000 0.00000000
v -0.02195645 0.01949992 0.06301921 0.00000000 1.00000000 0.00000000
v -0.00824120 0.01949997 0.05740522 0.00000000 1.00000000 0.00000000
v -0.00824120 0.01949997 0.05740522 0.00000000 1.00000000 0.00000000
v -0.00775531 0.01949997 0.05802156 0.00000000 1.00000000 0.00000000
v -0.00824106 -0.01950003 0.05740522 0.00000000 1.00000000 0.00000000
v -0.00775517 -0.01950003 0.05802156 0.00000000 1.00000000 0.00000000
v -0.00735403 0.01949997 0.05869606 0.00000000 1.00000000 0.00000000
v -0.00735389 -0.01950003 0.05869606 0.00000000 1.00000000 0.00000000
v -0.00775531 0.01949997 0.05802156 0.00000000 1.00000000 0.00000000
v -0.00775517 -0.01950003 0.05802156 0.00000000 1.00000000 0.00000000
v -0.05523146 -0.01200020 0.10229410 0.00000000 1.00000000 0.00000000
v -0.05552234 0.01199980 0.10302310 0.00000000 1.00000000 0.00000000
v -0.05523155 0.01199980 0.10229410 0.00000000 1.00000000 0.00000000
v -0.05552226 -0.01200020 0.10302310 0.00000000 1.00000000 0.00000000
v -0.05571546 -0.01200020 0.10378380 0.00000000 1.00000000 0.00000000
v -0.05552234 0.01199980 0.10302310 0.00000000 1.00000000 0.00000000
v -0.05552226 -0.01200020 0.10302310 0.00000000 1.00000000 0.00000000
v -0.05571554 0.01199980 0.10378380 0.00000000 1.00000000 0.00000000
v -0.05012996 -0.01200018 0.11086900 0.00000000 1.00000000 0.00000000
v -0.05013004 0.01199982 0.11086900 0.00000000 1.00000000 0.00000000
v -0.05090936 -0.01200019 0.11077670 0.00000000 1.00000000 0.00000000
v -0.05090944 0.01199981 0.11077670 0.00000000 1.00000000 0.00000000
v -0.05090944 0.01199981 0.11077670 0.00000000 1.00000000 0.00000000
v -0.05167014 0.01199981 0.11058350 0.00000000 1.00000000 0.00000000
v -0.05090936 -0.01200019 0.11077670 0.00000000 1.00000000 0.00000000
v -0.05167006 -0.01200019 0.11058350 0.00000000 1.00000000 0.00000000
v -0.04580116 -0.01200017 0.10933610 0.00000000 1.00000000 0.00000000
v -0.04580124 0.01199983 0.10933610 0.00000000 1.00000000 0.00000000
v -0.04641754 0.01199983 0.10982200 0.00000000 1.00000000 0.00000000
v -0.04641745 -0.01200017 0.10982200 0.00000000 1.00000000 0.00000000
v -0.04641754 0.01199983 0.10982200 0.00000000 1.00000000 0.00000000
v -0.04709204 0.01199983 0.11022320 0.00000000 1.00000000 0.00000000
v -0.04641745 -0.01200017 0.10982200 0.00000000 1.00000000 0.00000000
v -0.04709195 -0.01200017 0.11022320 0.00000000 1.00000000 0.00000000
v -0.05580766 -0.01200020 0.10456320 0.00000000 1.00000000 0.00000000
v -0.05579754 0.01199980 0.10534800 0.00000000 1.00000000 0.00000000
v -0.05580774 0.01199980 0.10456320 0.00000000 1.00000000 0.00000000
v -0.05579746 -0.01200020 0.10534800 0.00000000 1.00000000 0.00000000
v -0.05308384 0.01199981 0.10990920 0.00000000 1.00000000 0.00000000
v -0.05371264 0.01199980 0.10943960 0.00000000 1.00000000 0.00000000
v -0.05308376 -0.01200019 0.10990920 0.00000000 1.00000000 0.00000000
v -0.05371256 -0.01200020 0.10943960 0.00000000 1.00000000 0.00000000
v -0.05516205 0.01199980 0.10760110 0.00000000 1.00000000 0.00000000
v -0.05547185 0.01199980 0.10688000 0.00000000 1.00000000 0.00000000
v -0.05516196 -0.01200020 0.10760110 0.00000000 1.00000000 0.00000000
v -0.05547176 -0.01200020 0.10688000 0.00000000 1.00000000 0.00000000
v -0.05568475 -0.01200020 0.10612470 0.00000000 1.00000000 0.00000000
v -0.05547185 0.01199980 0.10688000 0.00000000 1.00000000 0.00000000
v -0.05568484 0.01199980 0.10612470 0.00000000 1.00000000 0.00000000
v -0.05547176 -0.01200020 0.10688000 0.00000000 1.00000000 0.00000000
v -0.05568475 -0.01200020 0.10612470 0.00000000 1.00000000 0.00000000
v -0.05579754 0.01199980 0.10534800 0.00000000 1.00000000 0.00000000
v -0.05579746 -0.01200020 0.10534800 0.00000000 1.00000000 0.00000000
v -0.05568484 0.01199980 0.10612470 0.00000000 1.00000000 0.00000000
v -0.04856854 0.01199982 0.11074610 0.00000000 1.00000000 0.00000000
v -0.04934515 -0.01200018 0.11085870 0.00000000 1.00000000 0.00000000
v -0.04856846 -0.01200018 0.11074610 0.00000000 1.00000000 0.00000000
v -0.04934524 0.01199982 0.11085870 0.00000000 1.00000000 0.00000000
v -0.05012996 -0.01200018 0.11086900 0.00000000 1.00000000 0.00000000
v -0.04934515 -0.01200018 0.11085870 0.00000000 1.00000000 0.00000000
v -0.05013004 0.01199982 0.11086900 0.00000000 1.00000000 0.00000000
v -0.04934524 0.01199982 0.11085870 0.00000000 1.00000000 0.00000000
v -0.05371264 0.01199980 0.10943960 0.00000000 1.00000000 0.00000000
v -0.05427475 -0.01200020 0.10889200 0.00000000 1.00000000 0.00000000
v -0.05371256 -0.01200020 0.10943960 0.00000000 1.00000000 0.00000000
v -0.05427484 0.01199980 0.10889200 0.00000000 1.00000000 0.00000000
v -0.05476074 0.01199980 0.10827560 0.00000000 1.00000000 0.00000000
v -0.05476066 -0.01200020 0.10827560 0.00000000 1.00000000 0.00000000
v -0.05427475 -0.01200020 0.10889200 0.00000000 1.00000000 0.00000000
v -0.05427484 0.01199980 0.10889200 0.00000000 1.00000000 0.00000000
v -0.05308376 -0.01200019 0.10990920 0.00000000 1.00000000 0.00000000
v -0.05239905 0.01199981 0.11029270 0.00000000 1.00000000 0.00000000
v -0.05308384 0.01199981 0.10990920 0.00000000 1.00000000 0.00000000
v -0.05239896 -0.01200019 0.11029270 0.00000000 1.00000000 0.00000000
v -0.05167014 0.01199981 0.11058350 0.00000000 1.00000000 0.00000000
v -0.05239905 0.01199981 0.11029270 0.00000000 1.00000000 0.00000000
v -0.05167006 -0.01200019 0.11058350 0.00000000 1.00000000 0.00000000
v -0.05239896 -0.01200019 0.11029270 0.00000000 1.00000000 0.00000000
v -0.04856854 0.01199982 0.11074610 0.00000000 1.00000000 0.00000000
v -0.04856846 -0.01200018 0.11074610 0.00000000 1.00000000 0.00000000
v -0.04781314 0.01199982 0.11053300 0.00000000 1.00000000 0.00000000
v -0.04781305 -0.01200018 0.11053300 0.00000000 1.00000000 0.00000000
v -0.04781305 -0.01200018 0.11053300 0.00000000 1.00000000 0.00000000
v -0.04709195 -0.01200017 0.11022320 0.00000000 1.00000000 0.00000000
v -0.04781314 0.01199982 0.11053300 0.00000000 1.00000000 0.00000000
v -0.04709204 0.01199983 0.11022320 0.00000000 1.00000000 0.00000000
v -0.04300571 -0.01100016 0.11157400 0.00000000 1.00000000 0.00000000
v -0.04300571 -0.01100016 0.14907400 0.00000000 1.00000000 0.00000000
v -0.04935571 -0.01100018 0.11157400 0.00000000 1.00000000 0.00000000
v -0.04935571 -0.01100018 0.14907400 0.00000000 1.00000000 0.00000000
v -0.04300580 0.01099984 0.11157400 0.00000000 1.00000000 0.00000000
v -0.04300580 0.01099984 0.14907400 0.00000000 1.00000000 0.00000000
v -0.04935580 0.01099982 0.11157400 0.00000000 1.00000000 0.00000000
v -0.04935580 0.01099982 0.14907400 0.00000000 1.00000000 0.00000000
v 0.04525355 -0.01199983 0.10877390 0.00000000 1.00000000 0.00000000
v 0.03167476 -0.01678758 0.09287520 0.00000000 1.00000000 0.00000000
v 0.04580124 -0.01199983 0.10933610 0.00000000 1.00000000 0.00000000
v 0.03121166 -0.01694649 0.09233300 0.00000000 1.00000000 0.00000000
v 0.03167476 -0.01678758 0.09287520 0.00000000 1.00000000 0.00000000
v 0.04525355 -0.01199983 0.10877390 0.00000000 1.00000000 0.00000000
v 0.05571546 0.01200020 0.10378380 0.00000000 1.00000000 0.00000000
v 0.05226395 0.01350019 0.10437020 0.00000000 1.00000000 0.00000000
v 0.05580766 0.01200020 0.10456320 0.00000000 1.00000000 0.00000000
v 0.03167464 0.01678782 0.09287520 0.00000000 1.00000000 0.00000000
v 0.04525346 0.01200017 0.10877390 0.00000000 1.00000000 0.00000000
v 0.04580116 0.01200017 0.10933610 0.00000000 1.00000000 0.00000000
v 0.04525346 0.01200017 0.10877390 0.00000000 1.00000000 0.00000000
v 0.03167464 0.01678782 0.09287520 0.00000000 1.00000000 0.00000000
v 0.03121154 0.01694671 0.09233300 0.00000000 1.00000000 0.00000000
v 0.03323596 -0.01519558 0.09470310 0.00000000 1.00000000 0.00000000
v 0.03510383 -0.00739083 0.09689010 0.00000000 1.00000000 0.00000000
v 0.04923225 0.01350018 0.10730810 0.00000000 1.00000000 0.00000000
v 0.04781305 0.01200018 0.11053300 0.00000000 1.00000000 0.00000000
v 0.04856846 0.01200018 0.11074610 0.00000000 1.00000000 0.00000000
v 0.03121154 0.01694671 0.09233300 0.00000000 1.00000000 0.00000000
v 0.04781305 0.01200018 0.11053300 0.00000000 1.00000000 0.00000000
v 0.04923225 0.01350018 0.10730810 0.00000000 1.00000000 0.00000000
v 0.04709195 0.01200017 0.11022320 0.00000000 1.00000000 0.00000000
v 0.04781305 0.01200018 0.11053300 0.00000000 1.00000000 0.00000000
v 0.03121154 0.01694671 0.09233300 0.00000000 1.00000000 0.00000000
v 0.04641745 0.01200017 0.10982200 0.00000000 1.00000000 0.00000000
v 0.04709195 0.01200017 0.11022320 0.00000000 1.00000000 0.00000000
v 0.03121154 0.01694671 0.09233300 0.00000000 1.00000000 0.00000000
v 0.03167464 0.01678782 0.09287520 0.00000000 1.00000000 0.00000000
v 0.04641745 0.01200017 0.10982200 0.00000000 1.00000000 0.00000000
v 0.03121154 0.01694671 0.09233300 0.00000000 1.00000000 0.00000000
v 0.03167464 0.01678782 0.09287520 0.00000000 1.00000000 0.00000000
v 0.04580116 0.01200017 0.10933610 0.00000000 1.00000000 0.00000000
v 0.04641745 0.01200017 0.10982200 0.00000000 1.00000000 0.00000000
v 0.04033656 -0.01694645 0.08453960 0.00000000 1.00000000 0.00000000
v 0.04079966 -0.01678755 0.08508180 0.00000000 1.00000000 0.00000000
v 0.05523155 -0.01199980 0.10229410 0.00000000 1.00000000 0.00000000
v 0.04033656 -0.01694645 0.08453960 0.00000000 1.00000000 0.00000000
v 0.05437844 -0.01199980 0.10098050 0.00000000 1.00000000 0.00000000
v 0.04079966 -0.01678755 0.08508180 0.00000000 1.00000000 0.00000000
v 0.04079966 -0.01678755 0.08508180 0.00000000 1.00000000 0.00000000
v 0.05484804 -0.01199980 0.10160940 0.00000000 1.00000000 0.00000000
v 0.05523155 -0.01199980 0.10229410 0.00000000 1.00000000 0.00000000
v 0.04079966 -0.01678755 0.08508180 0.00000000 1.00000000 0.00000000
v 0.05437844 -0.01199980 0.10098050 0.00000000 1.00000000 0.00000000
v 0.05484804 -0.01199980 0.10160940 0.00000000 1.00000000 0.00000000
v 0.04079954 0.01678785 0.08508180 0.00000000 1.00000000 0.00000000
v 0.05484795 0.01200020 0.10160940 0.00000000 1.00000000 0.00000000
v 0.05437835 0.01200020 0.10098050 0.00000000 1.00000000 0.00000000
v 0.05484795 0.01200020 0.10160940 0.00000000 1.00000000 0.00000000
v 0.04079954 0.01678785 0.08508180 0.00000000 1.00000000 0.00000000
v 0.05523146 0.01200020 0.10229410 0.00000000 1.00000000 0.00000000
v 0.02195631 0.01950008 0.06301921 0.00000000 1.00000000 0.00000000
v 0.01283143 0.01950005 0.07081259 0.00000000 1.00000000 0.00000000
v 0.03121154 0.01694671 0.09233300 0.00000000 1.00000000 0.00000000
v 0.03323584 0.01519582 0.09470310 0.00000000 1.00000000 0.00000000
v 0.01516585 0.01797565 0.07354580 0.00000000 1.00000000 0.00000000
v 0.02880917 0.00829421 0.08952010 0.00000000 1.00000000 0.00000000
v 0.01283158 -0.01949995 0.07081259 0.00000000 1.00000000 0.00000000
v 0.01368958 -0.01932225 0.07181720 0.00000000 1.00000000 0.00000000
v 0.00813763 -0.01949997 0.06531669 0.00000000 1.00000000 0.00000000
v 0.04923225 0.01350018 0.10730810 0.00000000 1.00000000 0.00000000
v 0.04985515 0.01350018 0.10737690 0.00000000 1.00000000 0.00000000
v 0.03121154 0.01694671 0.09233300 0.00000000 1.00000000 0.00000000
v 0.03121154 0.01694671 0.09233300 0.00000000 1.00000000 0.00000000
v 0.04985515 0.01350018 0.10737690 0.00000000 1.00000000 0.00000000
v 0.05047555 0.01350019 0.10728860 0.00000000 1.00000000 0.00000000
v 0.05105455 0.01350019 0.10704880 0.00000000 1.00000000 0.00000000
v 0.05155565 0.01350019 0.10667250 0.00000000 1.00000000 0.00000000
v 0.03121154 0.01694671 0.09233300 0.00000000 1.00000000 0.00000000
v 0.05047555 0.01350019 0.10728860 0.00000000 1.00000000 0.00000000
v 0.05105455 0.01350019 0.10704880 0.00000000 1.00000000 0.00000000
v 0.03121154 0.01694671 0.09233300 0.00000000 1.00000000 0.00000000
v 0.04985515 0.01350018 0.10737690 0.00000000 1.00000000 0.00000000
v 0.05090936 0.01200019 0.11077670 0.00000000 1.00000000 0.00000000
v 0.05047555 0.01350019 0.10728860 0.00000000 1.00000000 0.00000000
v 0.05105455 0.01350019 0.10704880 0.00000000 1.00000000 0.00000000
v 0.05371256 0.01200020 0.10943960 0.00000000 1.00000000 0.00000000
v 0.05155565 0.01350019 0.10667250 0.00000000 1.00000000 0.00000000
v 0.05105455 0.01350019 0.10704880 0.00000000 1.00000000 0.00000000
v 0.05308376 0.01200019 0.10990920 0.00000000 1.00000000 0.00000000
v 0.05371256 0.01200020 0.10943960 0.00000000 1.00000000 0.00000000
v 0.03510377 0.00739109 0.09689010 0.00000000 1.00000000 0.00000000
v 0.02281447 -0.01932222 0.06402381 0.00000000 1.00000000 0.00000000
v 0.02195645 -0.01949992 0.06301921 0.00000000 1.00000000 0.00000000
v 0.01726251 -0.01949994 0.05752331 0.00000000 1.00000000 0.00000000
v 0.01283158 -0.01949995 0.07081259 0.00000000 1.00000000 0.00000000
v 0.02195645 -0.01949992 0.06301921 0.00000000 1.00000000 0.00000000
v 0.03121166 -0.01694649 0.09233300 0.00000000 1.00000000 0.00000000
v 0.04033656 -0.01694645 0.08453960 0.00000000 1.00000000 0.00000000
v 0.04033656 -0.01694645 0.08453960 0.00000000 1.00000000 0.00000000
v 0.05155575 -0.01349981 0.10667250 0.00000000 1.00000000 0.00000000
v 0.03121166 -0.01694649 0.09233300 0.00000000 1.00000000 0.00000000
v 0.05194765 -0.01349981 0.10618350 0.00000000 1.00000000 0.00000000
v 0.05155575 -0.01349981 0.10667250 0.00000000 1.00000000 0.00000000
v 0.04033656 -0.01694645 0.08453960 0.00000000 1.00000000 0.00000000
v 0.05194765 -0.01349981 0.10618350 0.00000000 1.00000000 0.00000000
v 0.05516205 -0.01199980 0.10760110 0.00000000 1.00000000 0.00000000
v 0.05476074 -0.01199980 0.10827560 0.00000000 1.00000000 0.00000000
v 0.05547176 0.01200020 0.10688000 0.00000000 1.00000000 0.00000000
v 0.05220535 0.01350019 0.10561230 0.00000000 1.00000000 0.00000000
v 0.05516196 0.01200020 0.10760110 0.00000000 1.00000000 0.00000000
v 0.01368944 0.01932235 0.07181720 0.00000000 1.00000000 0.00000000
v 0.01283143 0.01950005 0.07081259 0.00000000 1.00000000 0.00000000
v 0.00813749 0.01950003 0.06531669 0.00000000 1.00000000 0.00000000
v 0.02880923 -0.00829399 0.08952010 0.00000000 1.00000000 0.00000000
v 0.03073856 -0.01699989 0.09177890 0.00000000 1.00000000 0.00000000
v 0.05552234 -0.01199980 0.10302310 0.00000000 1.00000000 0.00000000
v 0.04033656 -0.01694645 0.08453960 0.00000000 1.00000000 0.00000000
v 0.05523155 -0.01199980 0.10229410 0.00000000 1.00000000 0.00000000
v 0.05552234 -0.01199980 0.10302310 0.00000000 1.00000000 0.00000000
v 0.05571554 -0.01199980 0.10378380 0.00000000 1.00000000 0.00000000
v 0.04033656 -0.01694645 0.08453960 0.00000000 1.00000000 0.00000000
v 0.05090936 0.01200019 0.11077670 0.00000000 1.00000000 0.00000000
v 0.05167006 0.01200019 0.11058350 0.00000000 1.00000000 0.00000000
v 0.05047555 0.01350019 0.10728860 0.00000000 1.00000000 0.00000000
v 0.04985515 0.01350018 0.10737690 0.00000000 1.00000000 0.00000000
v 0.05012996 0.01200018 0.11086900 0.00000000 1.00000000 0.00000000
v 0.05090936 0.01200019 0.11077670 0.00000000 1.00000000 0.00000000
v 0.05047565 -0.01349981 0.10728860 0.00000000 1.00000000 0.00000000
v 0.05167014 -0.01199981 0.11058350 0.00000000 1.00000000 0.00000000
v 0.05090944 -0.01199981 0.11077670 0.00000000 1.00000000 0.00000000
v 0.03167476 -0.01678758 0.09287520 0.00000000 1.00000000 0.00000000
v 0.04641754 -0.01199983 0.10982200 0.00000000 1.00000000 0.00000000
v 0.04580124 -0.01199983 0.10933610 0.00000000 1.00000000 0.00000000
v 0.04641754 -0.01199983 0.10982200 0.00000000 1.00000000 0.00000000
v 0.03167476 -0.01678758 0.09287520 0.00000000 1.00000000 0.00000000
v 0.03121166 -0.01694649 0.09233300 0.00000000 1.00000000 0.00000000
v 0.04856854 -0.01199982 0.11074610 0.00000000 1.00000000 0.00000000
v 0.04923235 -0.01349982 0.10730810 0.00000000 1.00000000 0.00000000
v 0.04934524 -0.01199982 0.11085870 0.00000000 1.00000000 0.00000000
v 0.04709204 -0.01199983 0.11022320 0.00000000 1.00000000 0.00000000
v 0.04641754 -0.01199983 0.10982200 0.00000000 1.00000000 0.00000000
v 0.03121166 -0.01694649 0.09233300 0.00000000 1.00000000 0.00000000
v 0.02195631 0.01950008 0.06301921 0.00000000 1.00000000 0.00000000
v 0.02281433 0.01932238 0.06402381 0.00000000 1.00000000 0.00000000
v 0.01726237 0.01950006 0.05752331 0.00000000 1.00000000 0.00000000
v 0.03793413 -0.00829396 0.08172670 0.00000000 1.00000000 0.00000000
v 0.04316825 -0.01315464 0.08785510 0.00000000 1.00000000 0.00000000
v 0.05437835 0.01200020 0.10098050 0.00000000 1.00000000 0.00000000
v 0.04329698 0.00656290 0.08800590 0.00000000 1.00000000 0.00000000
v 0.03793407 0.00829424 0.08172670 0.00000000 1.00000000 0.00000000
v 0.05220545 -0.01349981 0.10561230 0.00000000 1.00000000 0.00000000
v 0.05194765 -0.01349981 0.10618350 0.00000000 1.00000000 0.00000000
v 0.04033656 -0.01694645 0.08453960 0.00000000 1.00000000 0.00000000
v 0.05231325 -0.01349981 0.10499500 0.00000000 1.00000000 0.00000000
v 0.05220545 -0.01349981 0.10561230 0.00000000 1.00000000 0.00000000
v 0.04033656 -0.01694645 0.08453960 0.00000000 1.00000000 0.00000000
v 0.05568484 -0.01199980 0.10612470 0.00000000 1.00000000 0.00000000
v 0.05220545 -0.01349981 0.10561230 0.00000000 1.00000000 0.00000000
v 0.05231325 -0.01349981 0.10499500 0.00000000 1.00000000 0.00000000
v 0.05194765 -0.01349981 0.10618350 0.00000000 1.00000000 0.00000000
v 0.05220545 -0.01349981 0.10561230 0.00000000 1.00000000 0.00000000
v 0.05516205 -0.01199980 0.10760110 0.00000000 1.00000000 0.00000000
v 0.05571554 -0.01199980 0.10378380 0.00000000 1.00000000 0.00000000
v 0.05226405 -0.01349981 0.10437020 0.00000000 1.00000000 0.00000000
v 0.04033656 -0.01694645 0.08453960 0.00000000 1.00000000 0.00000000
v 0.04033656 -0.01694645 0.08453960 0.00000000 1.00000000 0.00000000
v 0.05226405 -0.01349981 0.10437020 0.00000000 1.00000000 0.00000000
v 0.05231325 -0.01349981 0.10499500 0.00000000 1.00000000 0.00000000
v 0.05571554 -0.01199980 0.10378380 0.00000000 1.00000000 0.00000000
v 0.05580774 -0.01199980 0.10456320 0.00000000 1.00000000 0.00000000
v 0.05226405 -0.01349981 0.10437020 0.00000000 1.00000000 0.00000000
v 0.05231325 -0.01349981 0.10499500 0.00000000 1.00000000 0.00000000
v 0.05226405 -0.01349981 0.10437020 0.00000000 1.00000000 0.00000000
v 0.05580774 -0.01199980 0.10456320 0.00000000 1.00000000 0.00000000
v 0.05231325 -0.01349981 0.10499500 0.00000000 1.00000000 0.00000000
v 0.05579754 -0.01199980 0.10534800 0.00000000 1.00000000 0.00000000
v 0.05568484 -0.01199980 0.10612470 0.00000000 1.00000000 0.00000000
v 0.05579754 -0.01199980 0.10534800 0.00000000 1.00000000 0.00000000
v 0.05231325 -0.01349981 0.10499500 0.00000000 1.00000000 0.00000000
v 0.05580774 -0.01199980 0.10456320 0.00000000 1.00000000 0.00000000
v 0.05105465 -0.01349981 0.10704880 0.00000000 1.00000000 0.00000000
v 0.05047565 -0.01349981 0.10728860 0.00000000 1.00000000 0.00000000
v 0.03121166 -0.01694649 0.09233300 0.00000000 1.00000000 0.00000000
v 0.05155575 -0.01349981 0.10667250 0.00000000 1.00000000 0.00000000
v 0.05105465 -0.01349981 0.10704880 0.00000000 1.00000000 0.00000000
v 0.03121166 -0.01694649 0.09233300 0.00000000 1.00000000 0.00000000
v 0.05105465 -0.01349981 0.10704880 0.00000000 1.00000000 0.00000000
v 0.05371264 -0.01199980 0.10943960 0.00000000 1.00000000 0.00000000
v 0.05308384 -0.01199981 0.10990920 0.00000000 1.00000000 0.00000000
v 0.05155575 -0.01349981 0.10667250 0.00000000 1.00000000 0.00000000
v 0.05371264 -0.01199980 0.10943960 0.00000000 1.00000000 0.00000000
v 0.05105465 -0.01349981 0.10704880 0.00000000 1.00000000 0.00000000
v 0.05194765 -0.01349981 0.10618350 0.00000000 1.00000000 0.00000000
v 0.05476074 -0.01199980 0.10827560 0.00000000 1.00000000 0.00000000
v 0.05427484 -0.01199980 0.10889200 0.00000000 1.00000000 0.00000000
v 0.05427484 -0.01199980 0.10889200 0.00000000 1.00000000 0.00000000
v 0.05155575 -0.01349981 0.10667250 0.00000000 1.00000000 0.00000000
v 0.05194765 -0.01349981 0.10618350 0.00000000 1.00000000 0.00000000
v 0.05427484 -0.01199980 0.10889200 0.00000000 1.00000000 0.00000000
v 0.05371264 -0.01199980 0.10943960 0.00000000 1.00000000 0.00000000
v 0.05155575 -0.01349981 0.10667250 0.00000000 1.00000000 0.00000000
v 0.05547185 -0.01199980 0.10688000 0.00000000 1.00000000 0.00000000
v 0.05220545 -0.01349981 0.10561230 0.00000000 1.00000000 0.00000000
v 0.05568484 -0.01199980 0.10612470 0.00000000 1.00000000 0.00000000
v 0.05547185 -0.01199980 0.10688000 0.00000000 1.00000000 0.00000000
v 0.05580766 0.01200020 0.10456320 0.00000000 1.00000000 0.00000000
v 0.05231315 0.01350019 0.10499500 0.00000000 1.00000000 0.00000000
v 0.05579746 0.01200020 0.10534800 0.00000000 1.00000000 0.00000000
v 0.05226395 0.01350019 0.10437020 0.00000000 1.00000000 0.00000000
v 0.05231315 0.01350019 0.10499500 0.00000000 1.00000000 0.00000000
v 0.05580766 0.01200020 0.10456320 0.00000000 1.00000000 0.00000000
v 0.05194755 0.01350019 0.10618350 0.00000000 1.00000000 0.00000000
v 0.05476066 0.01200020 0.10827560 0.00000000 1.00000000 0.00000000
v 0.05516196 0.01200020 0.10760110 0.00000000 1.00000000 0.00000000
v 0.05194755 0.01350019 0.10618350 0.00000000 1.00000000 0.00000000
v 0.03073844 0.01700011 0.09177890 0.00000000 1.00000000 0.00000000
v 0.01516599 -0.01797554 0.07354580 0.00000000 1.00000000 0.00000000
v 0.05220535 0.01350019 0.10561230 0.00000000 1.00000000 0.00000000
v 0.05547176 0.01200020 0.10688000 0.00000000 1.00000000 0.00000000
v 0.05568475 0.01200020 0.10612470 0.00000000 1.00000000 0.00000000
v 0.05220535 0.01350019 0.10561230 0.00000000 1.00000000 0.00000000
v 0.05568475 0.01200020 0.10612470 0.00000000 1.00000000 0.00000000
v 0.05231315 0.01350019 0.10499500 0.00000000 1.00000000 0.00000000
v 0.05231315 0.01350019 0.10499500 0.00000000 1.00000000 0.00000000
v 0.05568475 0.01200020 0.10612470 0.00000000 1.00000000 0.00000000
v 0.05579746 0.01200020 0.10534800 0.00000000 1.00000000 0.00000000
v 0.05105455 0.01350019 0.10704880 0.00000000 1.00000000 0.00000000
v 0.05239896 0.01200019 0.11029270 0.00000000 1.00000000 0.00000000
v 0.05308376 0.01200019 0.10990920 0.00000000 1.00000000 0.00000000
v 0.05047555 0.01350019 0.10728860 0.00000000 1.00000000 0.00000000
v 0.05239896 0.01200019 0.11029270 0.00000000 1.00000000 0.00000000
v 0.05105455 0.01350019 0.10704880 0.00000000 1.00000000 0.00000000
v 0.05167006 0.01200019 0.11058350 0.00000000 1.00000000 0.00000000
v 0.05239896 0.01200019 0.11029270 0.00000000 1.00000000 0.00000000
v 0.05047555 0.01350019 0.10728860 0.00000000 1.00000000 0.00000000
v 0.04985515 0.01350018 0.10737690 0.00000000 1.00000000 0.00000000
v 0.04934515 0.01200018 0.11085870 0.00000000 1.00000000 0.00000000
v 0.05012996 0.01200018 0.11086900 0.00000000 1.00000000 0.00000000
v 0.04934515 0.01200018 0.11085870 0.00000000 1.00000000 0.00000000
v 0.04923225 0.01350018 0.10730810 0.00000000 1.00000000 0.00000000
v 0.04856846 0.01200018 0.11074610 0.00000000 1.00000000 0.00000000
v 0.04934515 0.01200018 0.11085870 0.00000000 1.00000000 0.00000000
v 0.04985515 0.01350018 0.10737690 0.00000000 1.00000000 0.00000000
v 0.04923225 0.01350018 0.10730810 0.00000000 1.00000000 0.00000000
v 0.05371256 0.01200020 0.10943960 0.00000000 1.00000000 0.00000000
v 0.05427475 0.01200020 0.10889200 0.00000000 1.00000000 0.00000000
v 0.05155565 0.01350019 0.10667250 0.00000000 1.00000000 0.00000000
v 0.05155565 0.01350019 0.10667250 0.00000000 1.00000000 0.00000000
v 0.05427475 0.01200020 0.10889200 0.00000000 1.00000000 0.00000000
v 0.05194755 0.01350019 0.10618350 0.00000000 1.00000000 0.00000000
v 0.05194755 0.01350019 0.10618350 0.00000000 1.00000000 0.00000000
v 0.05427475 0.01200020 0.10889200 0.00000000 1.00000000 0.00000000
v 0.05476066 0.01200020 0.10827560 0.00000000 1.00000000 0.00000000
v 0.05105465 -0.01349981 0.10704880 0.00000000 1.00000000 0.00000000
v 0.05308384 -0.01199981 0.10990920 0.00000000 1.00000000 0.00000000
v 0.05239905 -0.01199981 0.11029270 0.00000000 1.00000000 0.00000000
v 0.05047565 -0.01349981 0.10728860 0.00000000 1.00000000 0.00000000
v 0.05239905 -0.01199981 0.11029270 0.00000000 1.00000000 0.00000000
v 0.05167014 -0.01199981 0.11058350 0.00000000 1.00000000 0.00000000
v 0.05105465 -0.01349981 0.10704880 0.00000000 1.00000000 0.00000000
v 0.05239905 -0.01199981 0.11029270 0.00000000 1.00000000 0.00000000
v 0.05047565 -0.01349981 0.10728860 0.00000000 1.00000000 0.00000000
v 0.05013004 -0.01199982 0.11086900 0.00000000 1.00000000 0.00000000
v 0.04934524 -0.01199982 0.11085870 0.00000000 1.00000000 0.00000000
v 0.04985525 -0.01349982 0.10737690 0.00000000 1.00000000 0.00000000
v 0.04923235 -0.01349982 0.10730810 0.00000000 1.00000000 0.00000000
v 0.04985525 -0.01349982 0.10737690 0.00000000 1.00000000 0.00000000
v 0.04934524 -0.01199982 0.11085870 0.00000000 1.00000000 0.00000000
v 0.05013004 -0.01199982 0.11086900 0.00000000 1.00000000 0.00000000
v 0.04985525 -0.01349982 0.10737690 0.00000000 1.00000000 0.00000000
v 0.05090944 -0.01199981 0.11077670 0.00000000 1.00000000 0.00000000
v 0.05090944 -0.01199981 0.11077670 0.00000000 1.00000000 0.00000000
v 0.04985525 -0.01349982 0.10737690 0.00000000 1.00000000 0.00000000
v 0.05047565 -0.01349981 0.10728860 0.00000000 1.00000000 0.00000000
v 0.05047565 -0.01349981 0.10728860 0.00000000 1.00000000 0.00000000
v 0.04985525 -0.01349982 0.10737690 0.00000000 1.00000000 0.00000000
v 0.03121166 -0.01694649 0.09233300 0.00000000 1.00000000 0.00000000
v 0.03121166 -0.01694649 0.09233300 0.00000000 1.00000000 0.00000000
v 0.04985525 -0.01349982 0.10737690 0.00000000 1.00000000 0.00000000
v 0.04923235 -0.01349982 0.10730810 0.00000000 1.00000000 0.00000000
v 0.04923235 -0.01349982 0.10730810 0.00000000 1.00000000 0.00000000
v 0.04856854 -0.01199982 0.11074610 0.00000000 1.00000000 0.00000000
v 0.04781314 -0.01199982 0.11053300 0.00000000 1.00000000 0.00000000
v 0.04923235 -0.01349982 0.10730810 0.00000000 1.00000000 0.00000000
v 0.04781314 -0.01199982 0.11053300 0.00000000 1.00000000 0.00000000
v 0.03121166 -0.01694649 0.09233300 0.00000000 1.00000000 0.00000000
v 0.04781314 -0.01199982 0.11053300 0.00000000 1.00000000 0.00000000
v 0.04709204 -0.01199983 0.11022320 0.00000000 1.00000000 0.00000000
v 0.03121166 -0.01694649 0.09233300 0.00000000 1.00000000 0.00000000
v 0.04033644 0.01694675 0.08453960 0.00000000 1.00000000 0.00000000
v 0.04033644 0.01694675 0.08453960 0.00000000 1.00000000 0.00000000
v 0.05155565 0.01350019 0.10667250 0.00000000 1.00000000 0.00000000
v 0.04033644 0.01694675 0.08453960 0.00000000 1.00000000 0.00000000
v 0.03121154 0.01694671 0.09233300 0.00000000 1.00000000 0.00000000
v 0.04079954 0.01678785 0.08508180 0.00000000 1.00000000 0.00000000
v 0.05194755 0.01350019 0.10618350 0.00000000 1.00000000 0.00000000
v 0.04033644 0.01694675 0.08453960 0.00000000 1.00000000 0.00000000
v 0.05155565 0.01350019 0.10667250 0.00000000 1.00000000 0.00000000
v 0.05194755 0.01350019 0.10618350 0.00000000 1.00000000 0.00000000
v 0.05220535 0.01350019 0.10561230 0.00000000 1.00000000 0.00000000
v 0.04033644 0.01694675 0.08453960 0.00000000 1.00000000 0.00000000
v 0.05231315 0.01350019 0.10499500 0.00000000 1.00000000 0.00000000
v 0.04033644 0.01694675 0.08453960 0.00000000 1.00000000 0.00000000
v 0.05220535 0.01350019 0.10561230 0.00000000 1.00000000 0.00000000
v 0.05231315 0.01350019 0.10499500 0.00000000 1.00000000 0.00000000
v 0.05226395 0.01350019 0.10437020 0.00000000 1.00000000 0.00000000
v 0.04033644 0.01694675 0.08453960 0.00000000 1.00000000 0.00000000
v 0.05226395 0.01350019 0.10437020 0.00000000 1.00000000 0.00000000
v 0.05571546 0.01200020 0.10378380 0.00000000 1.00000000 0.00000000
v 0.04033644 0.01694675 0.08453960 0.00000000 1.00000000 0.00000000
v 0.05552226 0.01200020 0.10302310 0.00000000 1.00000000 0.00000000
v 0.04033644 0.01694675 0.08453960 0.00000000 1.00000000 0.00000000
v 0.05571546 0.01200020 0.10378380 0.00000000 1.00000000 0.00000000
v 0.05552226 0.01200020 0.10302310 0.00000000 1.00000000 0.00000000
v 0.05523146 0.01200020 0.10229410 0.00000000 1.00000000 0.00000000
v 0.04033644 0.01694675 0.08453960 0.00000000 1.00000000 0.00000000
v 0.04079954 0.01678785 0.08508180 0.00000000 1.00000000 0.00000000
v 0.04033644 0.01694675 0.08453960 0.00000000 1.00000000 0.00000000
v 0.05523146 0.01200020 0.10229410 0.00000000 1.00000000 0.00000000
v 0.04329702 -0.00656258 0.08800590 0.00000000 1.00000000 0.00000000
v 0.04316815 0.01315496 0.08785510 0.00000000 1.00000000 0.00000000
v 0.01238606 -0.01949995 0.05542822 0.00000000 1.00000000 0.00000000
v 0.01238591 0.01950005 0.05542822 0.00000000 1.00000000 0.00000000
v 0.01317083 -0.01949995 0.05543850 0.00000000 1.00000000 0.00000000
v 0.01317068 0.01950005 0.05543850 0.00000000 1.00000000 0.00000000
v 0.01317083 -0.01949995 0.05543850 0.00000000 1.00000000 0.00000000
v 0.01394740 0.01950005 0.05555111 0.00000000 1.00000000 0.00000000
v 0.01394754 -0.01949995 0.05555111 0.00000000 1.00000000 0.00000000
v 0.01317068 0.01950005 0.05543850 0.00000000 1.00000000 0.00000000
v 0.04580124 -0.01199983 0.10933610 0.00000000 1.00000000 0.00000000
v 0.04525346 0.01200017 0.10877390 0.00000000 1.00000000 0.00000000
v 0.04525355 -0.01199983 0.10877390 0.00000000 1.00000000 0.00000000
v 0.04580116 0.01200017 0.10933610 0.00000000 1.00000000 0.00000000
v 0.01726237 0.01950006 0.05752331 0.00000000 1.00000000 0.00000000
v 0.01671485 -0.01949994 0.05696113 0.00000000 1.00000000 0.00000000
v 0.01671471 0.01950006 0.05696113 0.00000000 1.00000000 0.00000000
v 0.01726251 -0.01949994 0.05752331 0.00000000 1.00000000 0.00000000
v 0.01542401 -0.01949994 0.05607396 0.00000000 1.00000000 0.00000000
v 0.01609837 0.01950006 0.05647524 0.00000000 1.00000000 0.00000000
v 0.01609851 -0.01949994 0.05647524 0.00000000 1.00000000 0.00000000
v 0.01542387 0.01950006 0.05607396 0.00000000 1.00000000 0.00000000
v 0.01671485 -0.01949994 0.05696113 0.00000000 1.00000000 0.00000000
v 0.01609837 0.01950006 0.05647524 0.00000000 1.00000000 0.00000000
v 0.01671471 0.01950006 0.05696113 0.00000000 1.00000000 0.00000000
v 0.01609851 -0.01949994 0.05647524 0.00000000 1.00000000 0.00000000
v 0.01394754 -0.01949995 0.05555111 0.00000000 1.00000000 0.00000000
v 0.01470277 0.01950005 0.05576415 0.00000000 1.00000000 0.00000000
v 0.01470291 -0.01949995 0.05576415 0.00000000 1.00000000 0.00000000
v 0.01394740 0.01950005 0.05555111 0.00000000 1.00000000 0.00000000
v 0.01470291 -0.01949995 0.05576415 0.00000000 1.00000000 0.00000000
v 0.01470277 0.01950005 0.05576415 0.00000000 1.00000000 0.00000000
v 0.01542401 -0.01949994 0.05607396 0.00000000 1.00000000 0.00000000
v 0.01542387 0.01950006 0.05607396 0.00000000 1.00000000 0.00000000
v 0.00735403 -0.01949997 0.05869606 0.00000000 1.00000000 0.00000000
v 0.00704422 -0.01949997 0.05941716 0.00000000 1.00000000 0.00000000
v 0.00704408 0.01950003 0.05941716 0.00000000 1.00000000 0.00000000
v 0.00735389 0.01950003 0.05869606 0.00000000 1.00000000 0.00000000
v 0.05523146 0.01200020 0.10229410 0.00000000 1.00000000 0.00000000
v 0.05523155 -0.01199980 0.10229410 0.00000000 1.00000000 0.00000000
v 0.05484804 -0.01199980 0.10160940 0.00000000 1.00000000 0.00000000
v 0.05484795 0.01200020 0.10160940 0.00000000 1.00000000 0.00000000
v 0.05437835 0.01200020 0.10098050 0.00000000 1.00000000 0.00000000
v 0.05484804 -0.01199980 0.10160940 0.00000000 1.00000000 0.00000000
v 0.05437844 -0.01199980 0.10098050 0.00000000 1.00000000 0.00000000
v 0.05484795 0.01200020 0.10160940 0.00000000 1.00000000 0.00000000
v 0.01084583 0.01950004 0.05571366 0.00000000 1.00000000 0.00000000
v 0.01084597 -0.01949996 0.05571366 0.00000000 1.00000000 0.00000000
v 0.01011686 0.01950004 0.05600449 0.00000000 1.00000000 0.00000000
v 0.01011700 -0.01949996 0.05600449 0.00000000 1.00000000 0.00000000
v 0.00880324 0.01950003 0.05685756 0.00000000 1.00000000 0.00000000
v 0.00880338 -0.01949997 0.05685756 0.00000000 1.00000000 0.00000000
v 0.00824106 0.01950003 0.05740522 0.00000000 1.00000000 0.00000000
v 0.00824120 -0.01949997 0.05740522 0.00000000 1.00000000 0.00000000
v 0.00680054 -0.01949998 0.06251341 0.00000000 1.00000000 0.00000000
v 0.00670815 0.01950002 0.06173402 0.00000000 1.00000000 0.00000000
v 0.00670829 -0.01949998 0.06173402 0.00000000 1.00000000 0.00000000
v 0.00680040 0.01950002 0.06251341 0.00000000 1.00000000 0.00000000
v 0.00671857 -0.01949998 0.06094924 0.00000000 1.00000000 0.00000000
v 0.00670815 0.01950002 0.06173402 0.00000000 1.00000000 0.00000000
v 0.00671843 0.01950002 0.06094924 0.00000000 1.00000000 0.00000000
v 0.00670829 -0.01949998 0.06173402 0.00000000 1.00000000 0.00000000
v 0.00704422 -0.01949997 0.05941716 0.00000000 1.00000000 0.00000000
v 0.00683104 0.01950003 0.06017253 0.00000000 1.00000000 0.00000000
v 0.00704408 0.01950003 0.05941716 0.00000000 1.00000000 0.00000000
v 0.00683118 -0.01949997 0.06017253 0.00000000 1.00000000 0.00000000
v 0.00671857 -0.01949998 0.06094924 0.00000000 1.00000000 0.00000000
v 0.00671843 0.01950002 0.06094924 0.00000000 1.00000000 0.00000000
v 0.00683104 0.01950003 0.06017253 0.00000000 1.00000000 0.00000000
v 0.00683118 -0.01949997 0.06017253 0.00000000 1.00000000 0.00000000
v 0.05571546 0.01200020 0.10378380 0.00000000 1.00000000 0.00000000
v 0.05580766 0.01200020 0.10456320 0.00000000 1.00000000 0.00000000
v 0.05571554 -0.01199980 0.10378380 0.00000000 1.00000000 0.00000000
v 0.05580774 -0.01199980 0.10456320 0.00000000 1.00000000 0.00000000
v 0.00813763 -0.01949997 0.06531669 0.00000000 1.00000000 0.00000000
v 0.00766791 0.01950003 0.06468783 0.00000000 1.00000000 0.00000000
v 0.00766805 -0.01949997 0.06468783 0.00000000 1.00000000 0.00000000
v 0.00813749 0.01950003 0.06531669 0.00000000 1.00000000 0.00000000
v 0.00766805 -0.01949997 0.06468783 0.00000000 1.00000000 0.00000000
v 0.00766791 0.01950003 0.06468783 0.00000000 1.00000000 0.00000000
v 0.00728456 -0.01949997 0.06400307 0.00000000 1.00000000 0.00000000
v 0.00728442 0.01950003 0.06400307 0.00000000 1.00000000 0.00000000
v 0.00728456 -0.01949997 0.06400307 0.00000000 1.00000000 0.00000000
v 0.00699359 0.01950003 0.06327410 0.00000000 1.00000000 0.00000000
v 0.00699373 -0.01949997 0.06327410 0.00000000 1.00000000 0.00000000
v 0.00728442 0.01950003 0.06400307 0.00000000 1.00000000 0.00000000
v 0.00699373 -0.01949997 0.06327410 0.00000000 1.00000000 0.00000000
v 0.00699359 0.01950003 0.06327410 0.00000000 1.00000000 0.00000000
v 0.00680054 -0.01949998 0.06251341 0.00000000 1.00000000 0.00000000
v 0.00680040 0.01950002 0.06251341 0.00000000 1.00000000 0.00000000
v 0.05476074 -0.01199980 0.10827560 0.00000000 1.00000000 0.00000000
v 0.05516205 -0.01199980 0.10760110 0.00000000 1.00000000 0.00000000
v 0.05476066 0.01200020 0.10827560 0.00000000 1.00000000 0.00000000
v 0.05516196 0.01200020 0.10760110 0.00000000 1.00000000 0.00000000
v 0.01238591 0.01950005 0.05542822 0.00000000 1.00000000 0.00000000
v 0.01160666 -0.01949996 0.05552047 0.00000000 1.00000000 0.00000000
v 0.01160652 0.01950004 0.05552047 0.00000000 1.00000000 0.00000000
v 0.01238606 -0.01949995 0.05542822 0.00000000 1.00000000 0.00000000
v 0.01084583 0.01950004 0.05571366 0.00000000 1.00000000 0.00000000
v 0.01160652 0.01950004 0.05552047 0.00000000 1.00000000 0.00000000
v 0.01160666 -0.01949996 0.05552047 0.00000000 1.00000000 0.00000000
v 0.01084597 -0.01949996 0.05571366 0.00000000 1.00000000 0.00000000
v 0.01011700 -0.01949996 0.05600449 0.00000000 1.00000000 0.00000000
v 0.00943224 -0.01949997 0.05638798 0.00000000 1.00000000 0.00000000
v 0.01011686 0.01950004 0.05600449 0.00000000 1.00000000 0.00000000
v 0.00943210 0.01950003 0.05638798 0.00000000 1.00000000 0.00000000
v 0.00943210 0.01950003 0.05638798 0.00000000 1.00000000 0.00000000
v 0.00943224 -0.01949997 0.05638798 0.00000000 1.00000000 0.00000000
v 0.00880324 0.01950003 0.05685756 0.00000000 1.00000000 0.00000000
v 0.00880338 -0.01949997 0.05685756 0.00000000 1.00000000 0.00000000
v 0.01609837 0.01950006 0.05647524 0.00000000 1.00000000 0.00000000
v 0.00775517 0.01950003 0.05802156 0.00000000 1.00000000 0.00000000
v 0.01671471 0.01950006 0.05696113 0.00000000 1.00000000 0.00000000
v 0.01084583 0.01950004 0.05571366 0.00000000 1.00000000 0.00000000
v 0.01160652 0.01950004 0.05552047 0.00000000 1.00000000 0.00000000
v 0.01238591 0.01950005 0.05542822 0.00000000 1.00000000 0.00000000
v 0.00943210 0.01950003 0.05638798 0.00000000 1.00000000 0.00000000
v 0.00880324 0.01950003 0.05685756 0.00000000 1.00000000 0.00000000
v 0.00766791 0.01950003 0.06468783 0.00000000 1.00000000 0.00000000
v 0.00728442 0.01950003 0.06400307 0.00000000 1.00000000 0.00000000
v 0.02195631 0.01950008 0.06301921 0.00000000 1.00000000 0.00000000
v 0.01283143 0.01950005 0.07081259 0.00000000 1.00000000 0.00000000
v 0.01317068 0.01950005 0.05543850 0.00000000 1.00000000 0.00000000
v 0.00824106 0.01950003 0.05740522 0.00000000 1.00000000 0.00000000
v 0.01470277 0.01950005 0.05576415 0.00000000 1.00000000 0.00000000
v 0.01394740 0.01950005 0.05555111 0.00000000 1.00000000 0.00000000
v 0.01726237 0.01950006 0.05752331 0.00000000 1.00000000 0.00000000
v 0.01011686 0.01950004 0.05600449 0.00000000 1.00000000 0.00000000
v 0.00735389 0.01950003 0.05869606 0.00000000 1.00000000 0.00000000
v 0.00704408 0.01950003 0.05941716 0.00000000 1.00000000 0.00000000
v 0.01542387 0.01950006 0.05607396 0.00000000 1.00000000 0.00000000
v 0.00699359 0.01950003 0.06327410 0.00000000 1.00000000 0.00000000
v 0.00670815 0.01950002 0.06173402 0.00000000 1.00000000 0.00000000
v 0.00671843 0.01950002 0.06094924 0.00000000 1.00000000 0.00000000
v 0.00683104 0.01950003 0.06017253 0.00000000 1.00000000 0.00000000
v 0.00813749 0.01950003 0.06531669 0.00000000 1.00000000 0.00000000
v 0.00680040 0.01950002 0.06251341 0.00000000 1.00000000 0.00000000
v 0.01542401 -0.01949994 0.05607396 0.00000000 1.00000000 0.00000000
v 0.01609851 -0.01949994 0.05647524 0.00000000 1.00000000 0.00000000
v 0.00775531 -0.01949997 0.05802156 0.00000000 1.00000000 0.00000000
v 0.01317083 -0.01949995 0.05543850 0.00000000 1.00000000 0.00000000
v 0.01394754 -0.01949995 0.05555111 0.00000000 1.00000000 0.00000000
v 0.01470291 -0.01949995 0.05576415 0.00000000 1.00000000 0.00000000
v 0.00680054 -0.01949998 0.06251341 0.00000000 1.00000000 0.00000000
v 0.00699373 -0.01949997 0.06327410 0.00000000 1.00000000 0.00000000
v 0.00813763 -0.01949997 0.06531669 0.00000000 1.00000000 0.00000000
v 0.00766805 -0.01949997 0.06468783 0.00000000 1.00000000 0.00000000
v 0.00683118 -0.01949997 0.06017253 0.00000000 1.00000000 0.00000000
v 0.00704422 -0.01949997 0.05941716 0.00000000 1.00000000 0.00000000
v 0.00728456 -0.01949997 0.06400307 0.00000000 1.00000000 0.00000000
v 0.01238606 -0.01949995 0.05542822 0.00000000 1.00000000 0.00000000
v 0.01283158 -0.01949995 0.07081259 0.00000000 1.00000000 0.00000000
v 0.01671485 -0.01949994 0.05696113 0.00000000 1.00000000 0.00000000
v 0.00670829 -0.01949998 0.06173402 0.00000000 1.00000000 0.00000000
v 0.01084597 -0.01949996 0.05571366 0.00000000 1.00000000 0.00000000
v 0.01011700 -0.01949996 0.05600449 0.00000000 1.00000000 0.00000000
v 0.00671857 -0.01949998 0.06094924 0.00000000 1.00000000 0.00000000
v 0.01726251 -0.01949994 0.05752331 0.00000000 1.00000000 0.00000000
v 0.00735403 -0.01949997 0.05869606 0.00000000 1.00000000 0.00000000
v 0.01160666 -0.01949996 0.05552047 0.00000000 1.00000000 0.00000000
v 0.00943224 -0.01949997 0.05638798 0.00000000 1.00000000 0.00000000
v 0.00880338 -0.01949997 0.05685756 0.00000000 1.00000000 0.00000000
v 0.02195645 -0.01949992 0.06301921 0.00000000 1.00000000 0.00000000
v 0.00824120 -0.01949997 0.05740522 0.00000000 1.00000000 0.00000000
v 0.00824120 -0.01949997 0.05740522 0.00000000 1.00000000 0.00000000
v 0.00775531 -0.01949997 0.05802156 0.00000000 1.00000000 0.00000000
v 0.00824106 0.01950003 0.05740522 0.00000000 1.00000000 0.00000000
v 0.00775517 0.01950003 0.05802156 0.00000000 1.00000000 0.00000000
v 0.00735403 -0.01949997 0.05869606 0.00000000 1.00000000 0.00000000
v 0.00735389 0.01950003 0.05869606 0.00000000 1.00000000 0.00000000
v 0.00775531 -0.01949997 0.05802156 0.00000000 1.00000000 0.00000000
v 0.00775517 0.01950003 0.05802156 0.00000000 1.00000000 0.00000000
v 0.05523146 0.01200020 0.10229410 0.00000000 1.00000000 0.00000000
v 0.05552234 -0.01199980 0.10302310 0.00000000 1.00000000 0.00000000
v 0.05523155 -0.01199980 0.10229410 0.00000000 1.00000000 0.00000000
v 0.05552226 0.01200020 0.10302310 0.00000000 1.00000000 0.00000000
v 0.05571546 0.01200020 0.10378380 0.00000000 1.00000000 0.00000000
v 0.05552234 -0.01199980 0.10302310 0.00000000 1.00000000 0.00000000
v 0.05552226 0.01200020 0.10302310 0.00000000 1.00000000 0.00000000
v 0.05571554 -0.01199980 0.10378380 0.00000000 1.00000000 0.00000000
v 0.05012996 0.01200018 0.11086900 0.00000000 1.00000000 0.00000000
v 0.05013004 -0.01199982 0.11086900 0.00000000 1.00000000 0.00000000
v 0.05090936 0.01200019 0.11077670 0.00000000 1.00000000 0.00000000
v 0.05090944 -0.01199981 0.11077670 0.00000000 1.00000000 0.00000000
v 0.05090944 -0.01199981 0.11077670 0.00000000 1.00000000 0.00000000
v 0.05167014 -0.01199981 0.11058350 0.00000000 1.00000000 0.00000000
v 0.05090936 0.01200019 0.11077670 0.00000000 1.00000000 0.00000000
v 0.05167006 0.01200019 0.11058350 0.00000000 1.00000000 0.00000000
v 0.04580116 0.01200017 0.10933610 0.00000000 1.00000000 0.00000000
v 0.04580124 -0.01199983 0.10933610 0.00000000 1.00000000 0.00000000
v 0.04641754 -0.01199983 0.10982200 0.00000000 1.00000000 0.00000000
v 0.04641745 0.01200017 0.10982200 0.00000000 1.00000000 0.00000000
v 0.04641754 -0.01199983 0.10982200 0.00000000 1.00000000 0.00000000
v 0.04709204 -0.01199983 0.11022320 0.00000000 1.00000000 0.00000000
v 0.04641745 0.01200017 0.10982200 0.00000000 1.00000000 0.00000000
v 0.04709195 0.01200017 0.11022320 0.00000000 1.00000000 0.00000000
v 0.05580766 0.01200020 0.10456320 0.00000000 1.00000000 0.00000000
v 0.05579754 -0.01199980 0.10534800 0.00000000 1.00000000 0.00000000
v 0.05580774 -0.01199980 0.10456320 0.00000000 1.00000000 0.00000000
v 0.05579746 0.01200020 0.10534800 0.00000000 1.00000000 0.00000000
v 0.05308384 -0.01199981 0.10990920 0.00000000 1.00000000 0.00000000
v 0.05371264 -0.01199980 0.10943960 0.00000000 1.00000000 0.00000000
v 0.05308376 0.01200019 0.10990920 0.00000000 1.00000000 0.00000000
v 0.05371256 0.01200020 0.10943960 0.00000000 1.00000000 0.00000000
v 0.05516205 -0.01199980 0.10760110 0.00000000 1.00000000 0.00000000
v 0.05547185 -0.01199980 0.10688000 0.00000000 1.00000000 0.00000000
v 0.05516196 0.01200020 0.10760110 0.00000000 1.00000000 0.00000000
v 0.05547176 0.01200020 0.10688000 0.00000000 1.00000000 0.00000000
v 0.05568475 0.01200020 0.10612470 0.00000000 1.00000000 0.00000000
v 0.05547185 -0.01199980 0.10688000 0.00000000 1.00000000 0.00000000
v 0.05568484 -0.01199980 0.10612470 0.00000000 1.00000000 0.00000000
v 0.05547176 0.01200020 0.10688000 0.00000000 1.00000000 0.00000000
v 0.05568475 0.01200020 0.10612470 0.00000000 1.00000000 0.00000000
v 0.05579754 -0.01199980 0.10534800 0.00000000 1.00000000 0.00000000
v 0.05579746 0.01200020 0.10534800 0.00000000 1.00000000 0.00000000
v 0.05568484 -0.01199980 0.10612470 0.00000000 1.00000000 0.00000000
v 0.04856854 -0.01199982 0.11074610 0.00000000 1.00000000 0.00000000
v 0.04934515 0.01200018 0.11085870 0.00000000 1.00000000 0.00000000
v 0.04856846 0.01200018 0.11074610 0.00000000 1.00000000 0.00000000
v 0.04934524 -0.01199982 0.11085870 0.00000000 1.00000000 0.00000000
v 0.05012996 0.01200018 0.11086900 0.00000000 1.00000000 0.00000000
v 0.04934515 0.01200018 0.11085870 0.00000000 1.00000000 0.00000000
v 0.05013004 -0.01199982 0.11086900 0.00000000 1.00000000 0.00000000
v 0.04934524 -0.01199982 0.11085870 0.00000000 1.00000000 0.00000000
v 0.05371264 -0.01199980 0.10943960 0.00000000 1.00000000 0.00000000
v 0.05427475 0.01200020 0.10889200 0.00000000 1.00000000 0.00000000
v 0.05371256 0.01200020 0.10943960 0.00000000 1.00000000 0.00000000
v 0.05427484 -0.01199980 0.10889200 0.00000000 1.00000000 0.00000000
v 0.05476074 -0.01199980 0.10827560 0.00000000 1.00000000 0.00000000
v 0.05476066 0.01200020 0.10827560 0.00000000 1.00000000 0.00000000
v 0.05427475 0.01200020 0.10889200 0.00000000 1.00000000 0.00000000
v 0.05427484 -0.01199980 0.10889200 0.00000000 1.00000000 0.00000000
v 0.05308376 0.01200019 0.10990920 0.00000000 1.00000000 0.00000000
v 0.05239905 -0.01199981 0.11029270 0.00000000 1.00000000 0.00000000
v 0.05308384 -0.01199981 0.10990920 0.00000000 1.00000000 0.00000000
v 0.05239896 0.01200019 0.11029270 0.00000000 1.00000000 0.00000000
v 0.05167014 -0.01199981 0.11058350 0.00000000 1.00000000 0.00000000
v 0.05239905 -0.01199981 0.11029270 0.00000000 1.00000000 0.00000000
v 0.05167006 0.01200019 0.11058350 0.00000000 1.00000000 0.00000000
v 0.05239896 0.01200019 0.11029270 0.00000000 1.00000000 0.00000000
v 0.04856854 -0.01199982 0.11074610 0.00000000 1.00000000 0.00000000
v 0.04856846 0.01200018 0.11074610 0.00000000 1.00000000 0.00000000
v 0.04781314 -0.01199982 0.11053300 0.00000000 1.00000000 0.00000000
v 0.04781305 0.01200018 0.11053300 0.00000000 1.00000000 0.00000000
v 0.04781305 0.01200018 0.11053300 0.00000000 1.00000000 0.00000000
v 0.04709195 0.01200017 0.11022320 0.00000000 1.00000000 0.00000000
v 0.04781314 -0.01199982 0.11053300 0.00000000 1.00000000 0.00000000
v 0.04709204 -0.01199983 0.11022320 0.00000000 1.00000000 0.00000000
v 0.04300571 0.01100016 0.11157400 0.00000000 1.00000000 0.00000000
v 0.04300571 0.01100016 0.14907400 0.00000000 1.00000000 0.00000000
v 0.04935571 0.01100018 0.11157400 0.00000000 1.00000000 0.00000000
v 0.04935571 0.01100018 0.14907400 0.00000000 1.00000000 0.00000000
v 0.04300580 -0.01099984 0.11157400 0.00000000 1.00000000 0.00000000
v 0.04300580 -0.01099984 0.14907400 0.00000000 1.00000000 0.00000000
v 0.04935580 -0.01099982 0.11157400 0.00000000 1.00000000 0.00000000
v 0.04935580 -0.01099982 0.14907400 0.00000000 1.00000000 0.00000000
f 1 2 3
f 4 5 2
f 6 7 8
f 9 10 11
f 12 13 14
f 12 4 15
f 16 17 15
f 18 15 17
f 19 20 21
f 22 23 24
f 25 26 17
f 16 25 17
f 24 27 22
f 23 28 27
f 23 27 24
f 29 30 22
f 27 29 22
f 3 31 1
f 3 32 33
f 34 35 32
f 36 32 35
f 36 33 32
f 37 38 4
f 38 39 40
f 38 37 39
f 41 42 43
f 44 45 46
f 46 47 48
f 49 50 51
f 52 53 49
f 49 53 50
f 54 55 56
f 57 58 59
f 55 54 58
f 11 60 9
f 61 62 63
f 64 65 66
f 66 65 67
f 68 69 70
f 65 71 67
f 66 72 73
f 66 67 72
f 43 74 41
f 75 76 77
f 12 78 13
f 18 13 78
f 15 78 12
f 15 18 78
f 18 79 13
f 10 79 11
f 14 80 12
f 4 80 5
f 12 80 4
f 81 15 4
f 81 38 40
f 38 81 4
f 82 83 84
f 85 83 9
f 84 83 85
f 86 87 88
f 89 90 35
f 35 90 36
f 35 91 89
f 34 91 35
f 79 92 13
f 79 10 92
f 14 13 93
f 92 93 13
f 92 94 93
f 95 96 97
f 98 96 95
f 23 99 97
f 95 97 99
f 22 99 23
f 100 101 102
f 22 103 100
f 39 104 40
f 101 104 102
f 1 105 2
f 2 105 4
f 37 4 105
f 100 106 107
f 102 108 100
f 104 108 102
f 31 109 1
f 110 109 31
f 111 112 77
f 75 112 113
f 112 75 77
f 33 114 3
f 114 31 3
f 31 114 110
f 115 116 7
f 43 117 6
f 118 119 120
f 120 119 121
f 115 119 116
f 121 119 122
f 45 123 46
f 46 123 47
f 124 125 126
f 127 128 48
f 129 130 131
f 131 132 129
f 133 134 135
f 136 137 135
f 138 139 136
f 51 140 141
f 141 142 51
f 49 142 143
f 51 142 49
f 144 145 146
f 69 146 145
f 146 69 147
f 144 146 148
f 148 146 147
f 149 150 151
f 152 153 143
f 142 152 143
f 142 141 152
f 154 56 155
f 154 155 156
f 157 158 159
f 68 70 160
f 29 161 30
f 27 28 161
f 29 27 161
f 23 162 28
f 162 161 28
f 60 11 163
f 163 162 60
f 164 165 85
f 84 85 165
f 166 65 64
f 148 166 64
f 148 147 166
f 69 167 147
f 167 69 68
f 168 167 68
f 166 147 167
f 71 169 170
f 171 123 172
f 123 171 47
f 47 173 48
f 173 134 48
f 171 173 47
f 171 174 173
f 139 175 170
f 170 175 71
f 71 175 67
f 72 67 175
f 176 138 177
f 72 176 73
f 175 176 72
f 172 178 171
f 7 179 8
f 74 180 181
f 43 6 180
f 180 74 43
f 182 183 184
f 185 186 76
f 76 186 77
f 186 187 77
f 111 77 187
f 188 187 189
f 107 190 100
f 182 184 190
f 182 190 107
f 191 192 193
f 194 195 100
f 131 196 197
f 131 198 196
f 79 199 11
f 26 199 17
f 17 199 18
f 79 18 199
f 200 199 26
f 201 11 199
f 200 201 199
f 15 202 16
f 81 202 15
f 202 81 40
f 203 202 40
f 16 202 203
f 165 204 84
f 165 63 204
f 10 205 82
f 83 82 205
f 205 10 9
f 83 205 9
f 87 206 88
f 61 207 62
f 207 208 62
f 209 207 61
f 20 210 21
f 89 21 210
f 89 210 211
f 212 211 210
f 211 213 89
f 213 90 89
f 212 213 211
f 76 75 214
f 215 216 3
f 3 216 32
f 2 217 3
f 215 3 217
f 89 218 21
f 91 218 89
f 92 219 94
f 82 219 10
f 92 10 219
f 207 220 208
f 221 220 207
f 86 88 222
f 86 222 221
f 84 223 82
f 224 225 226
f 227 228 229
f 227 229 61
f 63 227 61
f 229 230 61
f 61 230 231
f 231 230 229
f 232 233 98
f 234 235 97
f 236 237 203
f 25 16 237
f 203 237 16
f 25 237 26
f 238 101 236
f 203 40 238
f 203 238 236
f 104 238 40
f 101 238 104
f 103 239 100
f 236 239 103
f 100 239 101
f 101 239 236
f 30 240 22
f 240 103 22
f 39 37 241
f 105 241 37
f 104 39 241
f 241 105 1
f 109 241 1
f 112 242 113
f 36 242 33
f 33 242 114
f 114 242 110
f 42 243 43
f 117 43 243
f 117 244 6
f 119 245 122
f 115 245 119
f 122 245 244
f 244 245 115
f 181 246 74
f 74 246 41
f 246 45 41
f 125 247 248
f 124 247 125
f 247 128 248
f 128 247 124
f 128 249 248
f 249 128 127
f 248 249 48
f 249 127 48
f 46 48 250
f 128 250 48
f 251 252 253
f 130 254 131
f 130 255 254
f 256 131 254
f 257 254 255
f 254 257 256
f 131 258 132
f 130 259 255
f 259 260 255
f 261 258 262
f 258 261 132
f 137 263 135
f 135 263 133
f 133 263 126
f 125 248 264
f 248 48 264
f 134 264 48
f 138 265 177
f 136 265 138
f 136 135 265
f 140 266 145
f 266 267 70
f 266 69 145
f 69 266 70
f 53 268 50
f 140 269 141
f 144 269 145
f 145 269 140
f 159 270 271
f 159 272 270
f 58 273 59
f 271 274 159
f 275 274 271
f 157 276 54
f 159 276 157
f 276 274 275
f 274 276 159
f 58 54 277
f 276 277 54
f 277 276 275
f 273 58 277
f 151 278 143
f 151 150 278
f 150 52 278
f 49 278 52
f 143 278 49
f 279 151 143
f 153 279 143
f 58 57 280
f 58 280 55
f 149 281 57
f 151 281 149
f 280 57 281
f 280 281 282
f 159 283 272
f 158 283 159
f 54 284 157
f 158 157 284
f 284 54 56
f 154 284 56
f 267 285 70
f 168 68 286
f 161 287 30
f 201 288 11
f 163 11 288
f 9 289 85
f 60 289 9
f 162 289 60
f 166 290 65
f 291 167 168
f 167 291 166
f 71 65 292
f 169 71 292
f 169 292 293
f 294 265 135
f 295 177 294
f 265 294 177
f 294 296 295
f 134 296 135
f 296 294 135
f 176 297 138
f 175 297 176
f 138 297 139
f 297 175 139
f 178 172 298
f 298 246 181
f 123 298 172
f 171 299 174
f 178 299 171
f 179 300 8
f 301 179 7
f 116 301 7
f 183 302 184
f 302 303 184
f 186 304 183
f 304 186 185
f 187 305 189
f 305 106 189
f 106 305 107
f 187 183 306
f 182 107 306
f 182 306 183
f 305 306 107
f 306 305 187
f 186 183 307
f 187 307 183
f 307 187 186
f 308 309 252
f 253 252 309
f 310 194 100
f 194 311 195
f 310 311 194
f 196 312 197
f 198 312 196
f 208 313 62
f 63 62 313
f 204 63 313
f 231 314 61
f 314 209 61
f 315 314 231
f 207 316 221
f 316 207 209
f 76 317 185
f 214 317 76
f 210 317 212
f 214 212 317
f 318 75 113
f 318 214 75
f 242 318 113
f 242 36 318
f 213 319 90
f 318 319 214
f 90 319 36
f 318 36 319
f 32 320 34
f 216 320 32
f 321 322 323
f 320 216 321
f 2 5 324
f 2 324 217
f 325 326 327
f 19 328 20
f 20 328 329
f 329 328 19
f 120 330 118
f 93 331 14
f 221 332 220
f 222 332 221
f 332 333 208
f 220 332 208
f 333 334 208
f 208 334 313
f 313 334 204
f 204 334 84
f 223 84 334
f 334 333 335
f 334 335 223
f 336 337 98
f 338 337 336
f 98 337 232
f 339 256 340
f 256 339 341
f 342 343 344
f 229 345 231
f 228 345 229
f 95 346 98
f 336 98 346
f 99 346 95
f 22 347 99
f 336 347 338
f 99 347 346
f 346 347 336
f 233 348 98
f 96 348 97
f 96 98 348
f 97 348 234
f 233 234 348
f 233 349 234
f 103 350 236
f 236 350 237
f 241 109 351
f 109 110 351
f 100 351 106
f 243 352 117
f 6 353 7
f 244 353 6
f 7 353 115
f 244 115 353
f 46 354 44
f 250 354 46
f 124 355 128
f 355 250 128
f 356 357 131
f 131 357 358
f 359 357 360
f 359 358 357
f 253 361 251
f 309 361 253
f 197 362 131
f 356 363 251
f 364 251 363
f 363 356 131
f 364 363 131
f 364 365 251
f 131 365 364
f 362 365 131
f 358 366 367
f 359 366 358
f 367 368 369
f 370 126 369
f 358 371 131
f 367 371 358
f 258 371 262
f 372 371 367
f 373 374 360
f 360 374 359
f 375 374 368
f 366 374 375
f 374 366 359
f 373 360 376
f 357 376 360
f 376 357 356
f 377 376 356
f 376 377 373
f 374 378 368
f 378 369 368
f 371 379 262
f 379 371 372
f 264 380 125
f 125 380 126
f 133 126 380
f 133 380 134
f 134 380 264
f 266 381 267
f 266 140 381
f 267 382 268
f 381 382 267
f 381 140 382
f 268 382 50
f 51 50 382
f 140 51 382
f 279 383 151
f 151 383 281
f 281 383 282
f 383 279 153
f 156 384 206
f 206 384 88
f 385 386 282
f 385 155 386
f 282 386 280
f 280 386 55
f 55 386 56
f 155 56 386
f 342 387 388
f 388 387 389
f 390 391 392
f 393 394 395
f 387 394 389
f 395 396 393
f 397 396 395
f 284 398 158
f 156 399 154
f 284 154 399
f 400 401 402
f 403 401 400
f 404 277 275
f 277 404 273
f 405 402 406
f 149 407 150
f 408 407 149
f 409 408 149
f 407 409 410
f 409 407 408
f 57 409 149
f 168 411 293
f 411 412 293
f 160 413 68
f 286 68 413
f 256 414 340
f 257 414 256
f 200 415 201
f 415 287 161
f 201 415 288
f 240 30 416
f 287 416 30
f 240 416 103
f 350 103 416
f 350 416 237
f 164 85 417
f 417 235 164
f 162 23 418
f 289 162 418
f 290 166 419
f 291 419 166
f 419 291 168
f 168 293 419
f 290 419 293
f 290 420 65
f 292 65 420
f 293 420 290
f 292 420 293
f 296 421 295
f 295 421 174
f 173 174 421
f 173 421 134
f 421 296 134
f 123 422 298
f 298 422 246
f 422 123 45
f 246 422 45
f 174 423 295
f 299 423 174
f 295 423 177
f 326 424 425
f 326 425 327
f 426 427 8
f 300 426 8
f 179 428 426
f 179 426 300
f 427 429 8
f 427 180 429
f 8 429 6
f 180 6 429
f 180 430 181
f 430 427 181
f 427 430 180
f 181 431 298
f 427 431 181
f 298 431 178
f 432 433 434
f 432 435 433
f 190 184 436
f 190 436 437
f 303 436 184
f 436 303 438
f 436 438 437
f 439 440 438
f 437 438 440
f 437 441 442
f 190 443 100
f 437 443 190
f 100 444 442
f 437 442 444
f 443 444 100
f 443 437 444
f 441 445 442
f 361 446 447
f 446 361 309
f 311 310 448
f 442 449 100
f 100 449 310
f 450 451 452
f 316 209 451
f 391 453 392
f 454 392 453
f 454 453 450
f 314 455 209
f 452 455 456
f 456 455 389
f 389 455 388
f 314 315 457
f 457 224 388
f 455 457 388
f 455 314 457
f 224 457 458
f 315 458 457
f 459 317 210
f 460 459 20
f 20 459 210
f 317 459 185
f 319 213 461
f 319 461 214
f 213 212 461
f 214 461 212
f 321 462 322
f 324 462 217
f 217 462 215
f 216 215 462
f 321 216 462
f 21 463 19
f 218 463 21
f 326 463 218
f 326 218 464
f 326 464 424
f 118 465 119
f 330 465 118
f 119 465 116
f 465 301 116
f 466 467 468
f 466 330 120
f 466 120 121
f 468 469 470
f 467 471 469
f 467 469 468
f 472 473 474
f 219 82 475
f 219 475 94
f 223 475 82
f 335 475 223
f 337 476 232
f 476 337 225
f 232 476 458
f 224 458 476
f 225 224 476
f 477 225 478
f 479 480 256
f 481 482 483
f 481 484 256
f 483 484 481
f 485 486 487
f 481 486 482
f 482 486 485
f 339 488 341
f 341 488 256
f 489 224 226
f 343 489 226
f 342 489 343
f 224 489 388
f 489 342 388
f 343 490 344
f 344 490 491
f 315 231 492
f 345 492 231
f 492 345 228
f 493 494 477
f 225 494 226
f 477 494 225
f 493 495 496
f 490 496 495
f 490 343 496
f 343 226 496
f 494 496 226
f 496 494 493
f 349 497 234
f 234 497 235
f 351 108 498
f 351 498 241
f 108 104 498
f 241 498 104
f 108 499 100
f 499 351 100
f 351 499 108
f 351 110 500
f 351 500 106
f 242 500 110
f 242 112 500
f 106 500 189
f 112 111 500
f 189 500 188
f 500 187 188
f 187 500 111
f 42 501 243
f 243 501 352
f 42 41 501
f 244 117 502
f 352 502 117
f 244 502 122
f 374 503 378
f 251 504 252
f 365 504 251
f 366 375 505
f 366 505 367
f 368 505 375
f 367 505 368
f 369 126 506
f 263 506 126
f 263 137 506
f 369 506 367
f 507 508 139
f 136 139 508
f 379 508 507
f 379 372 508
f 258 131 509
f 371 509 131
f 258 509 371
f 447 510 361
f 377 510 447
f 361 510 251
f 356 251 510
f 377 356 510
f 507 139 511
f 511 379 507
f 170 511 139
f 512 511 170
f 379 511 512
f 259 513 260
f 129 513 130
f 513 259 130
f 132 513 129
f 261 513 132
f 514 515 260
f 514 169 515
f 293 515 169
f 412 515 293
f 412 260 515
f 516 405 53
f 405 516 402
f 400 402 516
f 53 52 516
f 400 516 52
f 383 153 517
f 517 385 282
f 383 517 282
f 155 518 156
f 518 384 156
f 385 518 155
f 390 519 391
f 519 390 393
f 396 519 393
f 520 394 393
f 390 520 393
f 456 389 520
f 394 520 389
f 387 521 394
f 342 344 521
f 387 342 521
f 394 521 395
f 397 522 523
f 524 522 397
f 523 522 525
f 526 525 522
f 526 522 524
f 523 527 397
f 396 397 527
f 527 523 272
f 519 527 272
f 519 396 527
f 528 524 491
f 526 529 525
f 525 529 523
f 530 531 532
f 409 533 410
f 273 533 59
f 404 533 273
f 57 59 533
f 409 57 533
f 485 534 482
f 485 535 534
f 536 535 537
f 534 535 536
f 407 538 150
f 150 538 52
f 403 538 539
f 52 538 540
f 540 538 403
f 285 267 541
f 542 541 267
f 543 268 53
f 405 543 53
f 406 543 405
f 406 544 545
f 546 545 544
f 286 547 168
f 547 411 168
f 260 548 255
f 412 548 260
f 549 414 257
f 414 549 340
f 340 550 339
f 549 550 340
f 288 551 163
f 415 551 288
f 415 161 551
f 162 551 161
f 163 551 162
f 237 552 26
f 416 552 237
f 200 26 552
f 415 200 552
f 415 552 287
f 416 287 552
f 289 553 85
f 417 85 553
f 418 553 289
f 235 554 97
f 417 554 235
f 97 554 23
f 554 418 23
f 553 554 417
f 554 553 418
f 423 555 177
f 176 555 73
f 177 555 176
f 425 556 327
f 557 556 428
f 179 558 428
f 558 557 428
f 301 559 179
f 559 558 179
f 558 559 557
f 560 559 301
f 561 559 560
f 560 562 563
f 563 562 474
f 474 562 472
f 432 192 564
f 564 435 432
f 435 565 433
f 435 439 565
f 566 567 460
f 460 567 568
f 566 470 567
f 303 569 570
f 302 569 303
f 302 183 569
f 304 569 183
f 571 438 303
f 438 571 439
f 570 571 303
f 439 571 570
f 572 437 440
f 572 441 437
f 439 572 440
f 435 572 439
f 572 445 441
f 193 573 191
f 574 575 576
f 308 574 577
f 575 574 308
f 578 448 310
f 442 578 449
f 449 578 310
f 445 578 442
f 445 579 578
f 580 581 471
f 392 582 390
f 454 582 392
f 582 520 390
f 450 452 582
f 450 582 454
f 456 582 452
f 520 582 456
f 391 583 453
f 398 284 583
f 399 583 284
f 451 450 584
f 451 584 316
f 584 87 86
f 221 584 86
f 316 584 221
f 585 451 209
f 455 585 209
f 451 585 452
f 455 452 585
f 568 586 460
f 459 460 586
f 459 586 185
f 304 185 586
f 304 586 569
f 324 5 587
f 587 462 324
f 80 587 5
f 80 14 587
f 331 587 14
f 331 322 587
f 462 587 322
f 588 326 325
f 326 588 463
f 325 19 588
f 463 588 19
f 589 590 323
f 321 323 590
f 91 34 590
f 320 590 34
f 321 590 320
f 589 424 591
f 464 591 424
f 591 590 589
f 590 591 91
f 218 91 591
f 464 218 591
f 465 592 301
f 465 330 592
f 560 301 592
f 592 562 560
f 330 472 592
f 562 592 472
f 581 593 471
f 594 593 595
f 595 593 581
f 468 596 466
f 473 472 596
f 330 596 472
f 466 596 330
f 473 597 474
f 329 597 20
f 474 597 329
f 470 598 468
f 566 598 470
f 596 468 598
f 596 598 473
f 337 599 225
f 599 478 225
f 484 600 256
f 600 479 256
f 600 484 483
f 480 600 601
f 479 600 480
f 602 22 603
f 604 347 22
f 347 604 338
f 600 605 601
f 600 483 605
f 483 482 605
f 541 606 285
f 315 607 458
f 492 607 315
f 607 492 349
f 458 607 232
f 232 607 233
f 607 349 233
f 497 608 235
f 497 349 608
f 608 492 228
f 492 608 349
f 354 609 44
f 609 45 44
f 45 609 41
f 501 41 609
f 501 610 352
f 503 373 611
f 612 374 373
f 503 612 373
f 374 612 503
f 613 124 126
f 369 613 370
f 378 613 369
f 370 613 126
f 312 614 197
f 615 504 365
f 504 615 252
f 372 367 616
f 506 616 367
f 512 617 379
f 262 617 261
f 379 617 262
f 519 618 391
f 519 272 618
f 283 158 618
f 283 618 272
f 398 618 158
f 618 583 391
f 583 618 398
f 491 619 344
f 619 521 344
f 524 619 491
f 521 619 395
f 397 395 619
f 524 397 619
f 403 400 620
f 540 403 620
f 52 620 400
f 540 620 52
f 495 621 490
f 490 621 491
f 528 491 621
f 526 524 622
f 528 622 524
f 623 622 528
f 270 624 271
f 529 624 523
f 523 624 272
f 270 272 624
f 493 625 495
f 534 626 627
f 534 536 626
f 628 626 536
f 626 628 627
f 543 406 629
f 545 629 406
f 543 629 268
f 545 542 630
f 268 630 267
f 542 267 630
f 629 630 268
f 545 630 629
f 257 255 631
f 631 549 257
f 413 632 286
f 547 286 632
f 549 632 550
f 160 633 413
f 606 488 633
f 606 633 285
f 556 634 327
f 634 556 557
f 559 634 557
f 559 561 634
f 635 560 563
f 325 635 19
f 19 635 329
f 474 635 563
f 474 329 635
f 636 637 570
f 570 637 439
f 565 439 637
f 638 637 636
f 637 638 565
f 639 567 470
f 469 639 470
f 636 570 640
f 569 640 570
f 636 640 641
f 642 643 576
f 644 572 435
f 572 644 445
f 573 644 191
f 564 644 435
f 191 644 192
f 564 192 644
f 574 576 645
f 574 645 646
f 645 647 646
f 576 192 645
f 434 648 432
f 648 649 432
f 650 648 434
f 651 648 650
f 649 652 653
f 648 652 649
f 649 654 432
f 647 654 649
f 645 654 647
f 432 654 192
f 645 192 654
f 655 649 653
f 649 655 647
f 578 656 448
f 578 579 656
f 581 580 657
f 581 657 595
f 583 658 453
f 658 659 453
f 399 658 583
f 206 87 658
f 659 658 87
f 206 658 156
f 156 658 399
f 453 660 450
f 659 660 453
f 584 450 660
f 659 87 660
f 584 660 87
f 467 661 471
f 471 661 580
f 466 661 467
f 580 661 121
f 661 466 121
f 597 473 662
f 598 662 473
f 598 566 662
f 460 662 566
f 662 460 20
f 597 662 20
f 663 664 665
f 666 667 603
f 602 668 22
f 668 604 22
f 337 338 669
f 604 669 338
f 599 337 669
f 599 669 478
f 670 478 669
f 670 669 604
f 665 671 666
f 665 664 671
f 666 671 667
f 605 482 672
f 534 672 482
f 627 672 534
f 541 542 673
f 606 541 673
f 546 673 545
f 545 673 542
f 488 673 546
f 606 673 488
f 608 674 235
f 235 674 164
f 165 164 674
f 165 674 63
f 227 63 674
f 227 674 228
f 674 608 228
f 595 675 594
f 676 675 595
f 594 675 677
f 676 678 679
f 657 580 678
f 676 595 678
f 657 678 595
f 680 609 354
f 609 680 501
f 610 501 680
f 574 681 577
f 574 646 681
f 681 682 577
f 683 377 447
f 377 683 373
f 503 684 378
f 378 684 613
f 684 355 124
f 613 684 124
f 685 615 365
f 197 685 362
f 362 685 365
f 685 614 686
f 614 685 197
f 252 687 308
f 615 687 252
f 308 687 575
f 688 687 615
f 576 687 642
f 575 687 576
f 689 508 372
f 616 689 372
f 508 689 136
f 260 690 514
f 513 690 260
f 261 690 513
f 617 690 261
f 512 690 617
f 621 691 528
f 623 691 692
f 691 623 528
f 623 693 694
f 538 695 539
f 538 407 695
f 696 695 407
f 407 410 697
f 697 696 407
f 698 699 694
f 529 526 699
f 622 699 526
f 623 694 699
f 623 699 622
f 533 700 410
f 697 410 700
f 404 700 533
f 701 702 703
f 701 275 271
f 624 701 271
f 704 705 706
f 693 707 708
f 623 692 707
f 707 693 623
f 536 709 530
f 535 710 537
f 711 710 535
f 712 537 710
f 713 485 487
f 406 714 544
f 544 714 715
f 715 714 406
f 715 716 544
f 717 716 718
f 718 716 719
f 719 716 715
f 720 632 413
f 632 720 550
f 633 720 413
f 631 721 549
f 549 721 632
f 547 721 411
f 632 721 547
f 411 721 412
f 548 412 721
f 548 721 255
f 631 255 721
f 550 722 339
f 488 339 722
f 633 488 722
f 720 722 550
f 722 720 633
f 723 633 160
f 633 723 285
f 160 70 723
f 285 723 70
f 635 325 724
f 327 724 325
f 634 724 327
f 634 561 725
f 561 560 725
f 635 725 560
f 634 725 724
f 724 725 635
f 726 727 728
f 727 726 650
f 593 726 728
f 593 594 726
f 650 726 651
f 677 651 726
f 677 726 594
f 641 729 636
f 729 638 636
f 638 729 727
f 727 729 728
f 730 638 727
f 650 434 730
f 650 730 727
f 434 433 730
f 565 730 433
f 638 730 565
f 639 731 567
f 567 731 568
f 639 469 732
f 469 471 732
f 593 732 471
f 728 732 593
f 569 733 640
f 586 568 733
f 586 733 569
f 640 733 641
f 731 641 733
f 731 733 568
f 655 734 647
f 647 734 646
f 655 653 734
f 734 681 646
f 677 735 651
f 652 735 653
f 735 648 651
f 648 735 652
f 603 22 736
f 665 736 22
f 603 736 666
f 736 665 666
f 663 737 22
f 665 22 737
f 665 737 663
f 738 532 531
f 604 739 670
f 739 668 602
f 668 739 604
f 603 739 602
f 671 740 667
f 741 742 743
f 742 741 744
f 741 743 745
f 741 745 746
f 747 748 743
f 745 743 748
f 745 748 610
f 610 748 352
f 352 748 502
f 748 747 502
f 502 749 122
f 747 749 502
f 750 747 743
f 679 750 742
f 742 750 743
f 750 749 747
f 309 751 752
f 751 308 577
f 751 309 308
f 752 751 753
f 682 751 577
f 753 751 682
f 754 755 746
f 741 746 755
f 744 741 755
f 686 756 685
f 685 756 615
f 615 756 688
f 445 757 579
f 644 757 445
f 644 573 757
f 688 758 687
f 643 642 758
f 687 758 642
f 689 759 136
f 759 689 616
f 136 759 137
f 506 137 759
f 616 506 759
f 514 760 169
f 690 760 514
f 169 760 170
f 170 760 512
f 760 690 512
f 704 706 761
f 704 761 625
f 762 763 764
f 713 765 711
f 699 766 529
f 766 699 698
f 703 767 701
f 767 700 404
f 767 404 275
f 701 767 275
f 768 769 698
f 769 766 698
f 766 769 529
f 536 537 770
f 536 770 709
f 709 770 771
f 772 770 537
f 771 770 772
f 711 535 773
f 713 711 773
f 485 773 535
f 713 773 485
f 719 774 718
f 695 774 539
f 774 719 539
f 715 775 719
f 406 402 775
f 715 406 775
f 719 775 539
f 401 775 402
f 539 775 403
f 401 403 775
f 544 776 546
f 716 776 544
f 717 546 776
f 776 716 717
f 717 777 546
f 778 546 777
f 778 777 717
f 779 488 546
f 778 779 546
f 488 779 256
f 718 780 717
f 781 780 718
f 782 783 781
f 731 639 784
f 728 784 732
f 732 784 639
f 729 784 728
f 784 729 641
f 731 784 641
f 735 677 785
f 735 785 653
f 734 653 785
f 667 786 603
f 739 603 786
f 478 787 477
f 670 788 478
f 739 788 670
f 788 787 478
f 742 789 679
f 744 789 742
f 790 789 744
f 680 791 610
f 745 610 791
f 745 791 746
f 754 746 791
f 791 680 354
f 754 791 354
f 792 793 794
f 753 793 752
f 446 795 447
f 793 795 752
f 793 792 795
f 795 446 309
f 752 795 309
f 792 794 796
f 797 709 771
f 798 797 771
f 799 761 706
f 764 800 703
f 700 800 697
f 800 767 703
f 767 800 700
f 768 762 801
f 764 801 762
f 769 768 801
f 764 703 801
f 702 801 703
f 769 801 702
f 763 696 802
f 763 802 764
f 697 802 696
f 800 802 697
f 802 800 764
f 803 763 762
f 698 804 768
f 710 711 805
f 710 805 712
f 772 806 708
f 537 806 772
f 712 806 537
f 701 807 702
f 807 769 702
f 701 624 807
f 769 807 529
f 624 529 807
f 695 696 808
f 808 774 695
f 782 808 809
f 780 781 810
f 780 810 717
f 811 781 718
f 781 811 782
f 774 811 718
f 808 811 774
f 808 782 811
f 782 812 813
f 814 813 812
f 812 815 765
f 713 812 765
f 814 812 713
f 814 816 813
f 713 487 816
f 713 816 814
f 813 817 782
f 782 817 783
f 256 818 481
f 531 819 738
f 819 740 738
f 740 819 667
f 530 819 531
f 705 819 530
f 786 820 739
f 788 739 820
f 493 477 821
f 493 821 625
f 821 704 625
f 822 790 794
f 793 822 794
f 793 753 822
f 679 823 676
f 789 823 679
f 675 676 823
f 750 824 749
f 121 122 824
f 749 824 122
f 580 121 824
f 678 580 824
f 825 796 794
f 790 825 794
f 755 825 744
f 790 744 825
f 796 826 792
f 795 792 826
f 795 826 447
f 826 683 447
f 611 373 826
f 683 826 373
f 755 754 827
f 827 825 755
f 825 827 796
f 706 828 799
f 799 828 798
f 797 798 828
f 797 828 709
f 705 828 706
f 705 530 828
f 709 828 530
f 799 829 761
f 691 829 692
f 829 707 692
f 798 771 830
f 798 830 799
f 799 830 829
f 829 830 707
f 815 831 832
f 803 831 809
f 765 833 711
f 815 833 765
f 805 711 833
f 832 833 815
f 834 804 832
f 831 834 832
f 834 831 803
f 762 834 803
f 768 834 762
f 804 834 768
f 712 835 806
f 805 835 712
f 763 836 696
f 808 696 836
f 803 836 763
f 803 809 836
f 808 836 809
f 783 837 781
f 817 837 783
f 817 813 837
f 717 838 778
f 810 838 717
f 838 779 778
f 779 839 256
f 840 256 839
f 838 839 779
f 838 810 839
f 782 809 841
f 812 782 841
f 812 841 815
f 831 841 809
f 815 841 831
f 486 842 487
f 816 487 842
f 486 481 842
f 818 842 481
f 840 843 256
f 256 843 818
f 842 843 840
f 818 843 842
f 667 844 786
f 819 844 667
f 819 705 844
f 786 844 820
f 788 845 787
f 820 845 788
f 844 845 820
f 821 845 704
f 787 845 477
f 821 477 845
f 846 682 681
f 734 846 681
f 785 846 734
f 750 679 847
f 847 824 750
f 678 847 679
f 824 847 678
f 827 754 848
f 826 848 611
f 848 826 796
f 827 848 796
f 691 621 849
f 829 691 849
f 621 495 849
f 829 849 761
f 625 849 495
f 761 849 625
f 708 850 772
f 707 850 708
f 830 850 707
f 835 851 806
f 806 851 708
f 804 852 832
f 835 805 852
f 852 833 832
f 833 852 805
f 693 853 694
f 853 698 694
f 698 853 804
f 853 852 804
f 852 853 835
f 840 854 837
f 839 854 840
f 839 810 854
f 810 781 854
f 837 854 781
f 842 855 816
f 816 855 813
f 837 813 855
f 837 855 840
f 855 842 840
f 844 705 856
f 856 845 844
f 704 856 705
f 845 856 704
f 857 846 785
f 789 858 823
f 790 858 789
f 822 858 790
f 848 754 859
f 355 859 250
f 354 250 859
f 754 354 859
f 848 860 611
f 611 860 503
f 684 503 860
f 684 860 355
f 859 355 860
f 859 860 848
f 830 771 861
f 861 850 830
f 771 772 861
f 850 861 772
f 851 862 708
f 851 835 862
f 853 862 835
f 693 708 862
f 862 853 693
f 857 863 675
f 857 785 863
f 675 863 677
f 785 677 863
f 858 864 823
f 823 864 675
f 857 675 864
f 857 864 846
f 858 822 865
f 846 865 682
f 864 865 846
f 865 864 858
f 753 682 865
f 822 753 865
f 100 256 22
f 131 256 100
f 131 100 198
f 195 198 100
f 198 195 312
f 311 312 195
f 66 73 556
f 331 556 322
f 148 556 144
f 423 299 556
f 66 556 64
f 556 589 323
f 332 222 556
f 269 144 556
f 152 556 153
f 299 178 556
f 93 94 556
f 426 556 427
f 148 64 556
f 152 141 556
f 475 335 556
f 589 556 424
f 322 556 323
f 222 88 556
f 269 556 141
f 335 333 556
f 517 556 385
f 555 423 556
f 331 93 556
f 332 556 333
f 431 427 556
f 384 556 88
f 518 556 384
f 425 424 556
f 426 428 556
f 431 556 178
f 475 556 94
f 517 153 556
f 518 385 556
f 555 556 73
f 256 663 22
f 480 663 256
f 664 663 601
f 480 601 663
f 614 312 311
f 448 614 311
f 530 628 536
f 532 628 530
f 576 643 192
f 643 193 192
f 656 614 448
f 614 656 686
f 664 601 671
f 605 671 601
f 738 628 532
f 628 738 627
f 740 671 605
f 672 740 605
f 738 740 627
f 627 740 672
f 656 756 686
f 756 656 579
f 579 757 756
f 756 757 688
f 757 758 688
f 758 757 573
f 643 758 193
f 758 573 193
f 866 867 868
f 869 870 871
f 872 873 874
f 875 876 877
f 878 879 880
f 881 882 883
f 884 885 886
f 887 888 889
f 890 891 892
f 893 894 895
f 896 897 898
f 899 900 901
f 902 903 904
f 905 906 907
f 908 909 910
f 911 912 913
f 914 915 916
f 917 918 919
f 920 921 922
f 923 924 925
f 926 927 928
f 929 930 931
f 932 933 934
f 935 936 937
f 938 939 940
f 941 942 943
f 944 945 946
f 947 948 949
f 950 951 952
f 953 954 955
f 956 947 949
f 957 868 867
f 958 942 941
f 959 960 961
f 962 963 964
f 965 966 967
f 968 969 970
f 971 972 973
f 974 975 976
f 977 978 979
f 980 981 982
f 979 983 977
f 984 985 986
f 987 988 989
f 990 991 992
f 993 994 995
f 996 997 998
f 999 1000 1001
f 1002 1003 1004
f 1005 1006 1007
f 1008 1009 1010
f 1011 1012 1013
f 1014 1015 1016
f 1017 1018 1019
f 1020 1021 1022
f 1023 1024 1025
f 1026 1027 1028
f 1026 1029 1027
f 1030 1031 1032
f 1033 1034 1035
f 1036 1037 1038
f 1039 1040 1041
f 1042 1043 1044
f 1045 1046 1047
f 1048 1049 1050
f 1051 1052 1053
f 1054 1055 1056
f 1057 1058 1059
f 1060 1061 1062
f 1063 1064 1065
f 1066 1067 1068
f 1069 1070 1071
f 1072 1073 1074
f 1075 1076 1077
f 1078 1079 1080
f 1081 1082 1083
f 1084 1085 1086
f 1087 1088 1089
f 1090 1091 1092
f 1093 1094 1095
f 1096 1097 1098
f 1099 1100 1101
f 1102 1103 1104
f 1102 1104 1105
f 1106 1107 1108
f 1109 1110 1111
f 950 1112 951
f 1113 1114 1115
f 1116 1117 1118
f 1119 1120 1121
f 1122 1123 1124
f 1125 953 955
f 1126 1127 1128
f 1129 1130 1131
f 1132 1133 1134
f 1135 1136 1137
f 1138 1139 1140
f 1141 1142 1143
f 1144 1145 1146
f 1147 1148 1149
f 1150 1151 1152
f 1153 1154 1155
f 1156 1157 1158
f 1159 1160 1161
f 1162 1163 1164
f 1165 1166 1167
f 1168 1169 1170
f 1171 1172 1173
f 1174 1175 1176
f 1177 1178 1179
f 1180 1181 1182
f 1183 1184 1185
f 1186 1187 1188
f 1003 1189 1004
f 1190 1191 1192
f 1193 1194 1195
f 1196 1197 1198
f 1199 1200 1201
f 1202 1203 1204
f 1205 1206 1207
f 1208 1209 1210
f 1211 1212 1213
f 1214 1215 1216
f 1217 1218 1219
f 1220 996 998
f 1221 1222 1223
f 1224 1225 1226
f 1227 1228 1229
f 1230 1231 1232
f 1232 1233 1230
f 1234 1235 1236
f 1237 1238 1239
f 1240 1241 1242
f 1243 1244 1245
f 1246 1247 1248
f 1246 1249 1247
f 1250 1251 1252
f 1253 1254 1255
f 1124 1123 1256
f 1257 1020 1022
f 1258 1259 1260
f 1261 1262 1263
f 1264 1265 1266
f 1267 1268 1269
f 1270 1271 1272
f 1273 1274 1275
f 1276 1277 1278
f 1279 1280 1281
f 1282 1283 1284
f 1285 1286 1287
f 1288 1289 1290
f 1291 1292 1293
f 1294 1295 1296
f 1297 1298 1299
f 1300 1301 1302
f 1303 1304 1305
f 1306 1307 1308
f 1309 1310 1311
f 1312 1313 1314
f 1315 1316 1317
f 1318 1319 1320
f 1321 1322 1323
f 1324 1325 1326
f 1327 1328 1329
f 1330 1331 1332
f 1333 1334 1335
f 1336 1098 1097
f 1337 1338 1339
f 1340 1341 1342
f 1343 1344 1345
f 1346 1347 1348
f 1349 1350 1351
f 1352 1353 1354
f 1355 1356 1357
f 1358 1359 1360
f 1361 1362 1363
f 1364 1365 1366
f 1367 1368 1369
f 1370 1371 1372
f 1373 1374 1375
f 1376 1377 1378
f 1379 1380 1381
f 1382 1383 1384
f 1385 1386 1387
f 1388 1389 1390
f 1391 1392 1393
f 1394 1395 1396
f 1397 1398 1399
f 1400 1401 1402
f 1403 1404 1405
f 1406 1407 1408
f 1409 1410 1411
f 1412 1413 1414
f 1415 1416 1417
f 1418 1419 1420
f 1421 1422 1423
f 1424 1425 1426
f 1427 1428 1429
f 1430 1431 1432
f 1433 1434 1435
f 1214 1436 1215
f 1437 1438 1439
f 1440 1441 1442
f 1443 1444 1445
f 1446 1227 1229
f 1447 1448 1449
f 1450 1451 1452
f 1453 1454 1455
f 1456 1457 1458
f 1459 1460 1461
f 1461 1462 1459
f 1463 1464 1465
f 1466 1467 1468
f 1469 1470 1471
f 1472 1473 1474
f 1475 1476 1477
f 1477 1478 1475
f 1479 1480 1481
f 1482 1424 1426
f 1483 1484 1485
f 1486 1487 1488
f 1489 1490 1491
f 1492 1493 1494
f 1495 1496 1497
f 1498 1499 1500
f 1501 1502 1503
f 1504 1505 1506
f 1507 1508 1509
f 1510 1511 1512
f 1513 1514 1515
f 1516 1517 1518
f 1519 1520 1521
f 1522 1523 1524
f 1525 1526 1527
f 1528 1529 1530
f 1531 1532 1533
f 1534 1535 1536
f 1537 1538 1539
f 1540 1541 1542
f 1543 1544 1545
f 1546 1547 1548
f 1549 1550 1551
f 1552 1553 1554
f 1555 1553 1552
f 1556 1557 1558
f 1556 1558 1559
f 1560 1561 1562
f 1560 1563 1561
f 1564 1565 1566
f 1567 1565 1564
f 1568 1569 1570
f 1569 1568 1571
f 1572 1573 1574
f 1572 1574 1575
f 1576 1577 1578
f 1578 1577 1579
f 1580 1581 1582
f 1583 1582 1581
f 1584 1585 1586
f 1586 1587 1584
f 1588 1589 1590
f 1588 1591 1589
f 1592 1593 1594
f 1595 1592 1594
f 1596 1597 1598
f 1596 1599 1597
f 1600 1601 1602
f 1603 1601 1600
f 1604 1605 1606
f 1605 1607 1606
f 1608 1609 1610
f 1610 1611 1608
f 1612 1613 1614
f 1613 1612 1615
f 1616 1617 1618
f 1616 1619 1617
f 1620 1621 1622
f 1623 1621 1620
f 1624 1625 1626
f 1624 1627 1625
f 1628 1629 1630
f 1630 1629 1631
f 1632 1633 1634
f 1633 1632 1635
f 1636 1637 1638
f 1637 1636 1639
f 1640 1641 1642
f 1640 1642 1643
f 1644 1645 1646
f 1644 1646 1647
f 1648 1649 1650
f 1648 1651 1652
f 1653 1654 1648
f 1648 1655 1656
f 1657 1653 1648
f 1658 1648 1659
f 1648 1660 1661
f 1648 1662 1659
f 1648 1663 1660
f 1648 1650 1664
f 1665 1666 1648
f 1648 1656 1665
f 1648 1661 1667
f 1668 1663 1648
f 1648 1658 1669
f 1667 1662 1648
f 1648 1670 1671
f 1648 1671 1655
f 1652 1672 1648
f 1670 1648 1669
f 1664 1651 1648
f 1648 1672 1657
f 1648 1654 1668
f 1673 1674 1675
f 1673 1675 1676
f 1677 1678 1679
f 1679 1680 1677
f 1681 1682 1683
f 1681 1684 1682
f 1685 1686 1687
f 1687 1688 1685
f 1689 1690 1691
f 1692 1689 1691
f 1693 1694 1695
f 1693 1696 1694
f 1697 1698 1699
f 1697 1699 1700
f 1701 1702 1703
f 1702 1701 1704
f 1705 1706 1707
f 1708 1706 1705
f 1709 1710 1711
f 1712 1711 1710
f 1713 1714 1715
f 1715 1716 1713
f 1717 1718 1719
f 1717 1719 1720
f 1721 1722 1723
f 1724 1721 1723
f 1725 1726 1727
f 1727 1728 1725
f 1729 1730 1731
f 1731 1732 1729
f 1733 1734 1735
f 1736 1734 1733
f 1737 1738 1739
f 1737 1739 1740
f 1741 1742 1743
f 1743 1744 1741
f 1745 1746 1747
f 1747 1748 1745
f 1749 1750 1751
f 1749 1752 1750
f 1753 1754 1755
f 1753 1755 1756
f 1757 1758 1759
f 1759 1760 1757
f 1761 1762 1763
f 1761 1763 1764
f 1765 1766 1767
f 1768 1769 1767
f 1770 1771 1767
f 1767 1772 1773
f 1767 1774 1770
f 1767 1775 1776
f 1767 1777 1778
f 1778 1779 1767
f 1767 1780 1774
f 1781 1767 1776
f 1782 1783 1767
f 1767 1771 1784
f 1767 1781 1785
f 1767 1779 1786
f 1785 1777 1767
f 1786 1768 1767
f 1787 1775 1767
f 1767 1766 1787
f 1767 1788 1765
f 1773 1780 1767
f 1767 1769 1782
f 1783 1789 1767
f 1767 1789 1772
f 1790 1791 1792
f 1793 1791 1790
f 1794 1795 1796
f 1797 1795 1794
f 1798 1799 1800
f 1798 1800 1801
f 1802 1803 1804
f 1805 1803 1802
f 1806 1807 1808
f 1808 1807 1809
f 1810 1811 1812
f 1812 1811 1813
f 1814 1815 1816
f 1816 1817 1814
f 1818 1819 1820
f 1818 1821 1819
f 1822 1823 1824
f 1822 1825 1823
f 1826 1827 1828
f 1828 1827 1829
f 1830 1831 1832
f 1831 1830 1833
f 1834 1835 1836
f 1835 1837 1836
f 1838 1839 1840
f 1839 1841 1840
f 1842 1843 1844
f 1845 1842 1844
f 1846 1847 1848
f 1848 1849 1846
f 1850 1851 1852
f 1850 1852 1853
f 1854 1855 1856
f 1854 1857 1855
f 1858 1859 1860
f 1860 1861 1858
f 1862 1863 1864
f 1864 1865 1862
f 1866 1867 1868
f 1869 1870 1871
f 1872 1873 1874
f 1875 1876 1877
f 1878 1879 1880
f 1881 1882 1883
f 1884 1885 1886
f 1887 1888 1889
f 1890 1891 1892
f 1893 1894 1895
f 1896 1897 1898
f 1899 1900 1901
f 1902 1903 1904
f 1905 1906 1907
f 1908 1909 1910
f 1911 1912 1913
f 1914 1915 1916
f 1917 1918 1919
f 1920 1921 1922
f 1923 1924 1925
f 1926 1927 1928
f 1929 1930 1931
f 1932 1933 1934
f 1935 1936 1937
f 1938 1939 1940
f 1941 1942 1943
f 1944 1945 1946
f 1947 1948 1949
f 1950 1951 1952
f 1953 1954 1955
f 1956 1947 1949
f 1957 1868 1867
f 1958 1942 1941
f 1959 1960 1961
f 1962 1963 1964
f 1965 1966 1967
f 1968 1969 1970
f 1971 1972 1973
f 1974 1975 1976
f 1977 1978 1979
f 1980 1981 1982
f 1979 1983 1977
f 1984 1985 1986
f 1987 1988 1989
f 1990 1991 1992
f 1993 1994 1995
f 1996 1997 1998
f 1999 2000 2001
f 2002 2003 2004
f 2005 2006 2007
f 2008 2009 2010
f 2011 2012 2013
f 2014 2015 2016
f 2017 2018 2019
f 2020 2021 2022
f 2023 2024 2025
f 2026 2027 2028
f 2026 2029 2027
f 2030 2031 2032
f 2033 2034 2035
f 2036 2037 2038
f 2039 2040 2041
f 2042 2043 2044
f 2045 2046 2047
f 2048 2049 2050
f 2051 2052 2053
f 2054 2055 2056
f 2057 2058 2059
f 2060 2061 2062
f 2063 2064 2065
f 2066 2067 2068
f 2069 2070 2071
f 2072 2073 2074
f 2075 2076 2077
f 2078 2079 2080
f 2081 2082 2083
f 2084 2085 2086
f 2087 2088 2089
f 2090 2091 2092
f 2093 2094 2095
f 2096 2097 2098
f 2099 2100 2101
f 2102 2103 2104
f 2102 2104 2105
f 2106 2107 2108
f 2109 2110 2111
f 1950 2112 1951
f 2113 2114 2115
f 2116 2117 2118
f 2119 2120 2121
f 2122 2123 2124
f 2125 1953 1955
f 2126 2127 2128
f 2129 2130 2131
f 2132 2133 2134
f 2135 2136 2137
f 2138 2139 2140
f 2141 2142 2143
f 2144 2145 2146
f 2147 2148 2149
f 2150 2151 2152
f 2153 2154 2155
f 2156 2157 2158
f 2159 2160 2161
f 2162 2163 2164
f 2165 2166 2167
f 2168 2169 2170
f 2171 2172 2173
f 2174 2175 2176
f 2177 2178 2179
f 2180 2181 2182
f 2183 2184 2185
f 2186 2187 2188
f 2003 2189 2004
f 2190 2191 2192
f 2193 2194 2195
f 2196 2197 2198
f 2199 2200 2201
f 2202 2203 2204
f 2205 2206 2207
f 2208 2209 2210
f 2211 2212 2213
f 2214 2215 2216
f 2217 2218 2219
f 2220 1996 1998
f 2221 2222 2223
f 2224 2225 2226
f 2227 2228 2229
f 2230 2231 2232
f 2232 2233 2230
f 2234 2235 2236
f 2237 2238 2239
f 2240 2241 2242
f 2243 2244 2245
f 2246 2247 2248
f 2246 2249 2247
f 2250 2251 2252
f 2253 2254 2255
f 2124 2123 2256
f 2257 2020 2022
f 2258 2259 2260
f 2261 2262 2263
f 2264 2265 2266
f 2267 2268 2269
f 2270 2271 2272
f 2273 2274 2275
f 2276 2277 2278
f 2279 2280 2281
f 2282 2283 2284
f 2285 2286 2287
f 2288 2289 2290
f 2291 2292 2293
f 2294 2295 2296
f 2297 2298 2299
f 2300 2301 2302
f 2303 2304 2305
f 2306 2307 2308
f 2309 2310 2311
f 2312 2313 2314
f 2315 2316 2317
f 2318 2319 2320
f 2321 2322 2323
f 2324 2325 2326
f 2327 2328 2329
f 2330 2331 2332
f 2333 2334 2335
f 2336 2098 2097
f 2337 2338 2339
f 2340 2341 2342
f 2343 2344 2345
f 2346 2347 2348
f 2349 2350 2351
f 2352 2353 2354
f 2355 2356 2357
f 2358 2359 2360
f 2361 2362 2363
f 2364 2365 2366
f 2367 2368 2369
f 2370 2371 2372
f 2373 2374 2375
f 2376 2377 2378
f 2379 2380 2381
f 2382 2383 2384
f 2385 2386 2387
f 2388 2389 2390
f 2391 2392 2393
f 2394 2395 2396
f 2397 2398 2399
f 2400 2401 2402
f 2403 2404 2405
f 2406 2407 2408
f 2409 2410 2411
f 2412 2413 2414
f 2415 2416 2417
f 2418 2419 2420
f 2421 2422 2423
f 2424 2425 2426
f 2427 2428 2429
f 2430 2431 2432
f 2433 2434 2435
f 2214 2436 2215
f 2437 2438 2439
f 2440 2441 2442
f 2443 2444 2445
f 2446 2227 2229
f 2447 2448 2449
f 2450 2451 2452
f 2453 2454 2455
f 2456 2457 2458
f 2459 2460 2461
f 2461 2462 2459
f 2463 2464 2465
f 2466 2467 2468
f 2469 2470 2471
f 2472 2473 2474
f 2475 2476 2477
f 2477 2478 2475
f 2479 2480 2481
f 2482 2424 2426
f 2483 2484 2485
f 2486 2487 2488
f 2489 2490 2491
f 2492 2493 2494
f 2495 2496 2497
f 2498 2499 2500
f 2501 2502 2503
f 2504 2505 2506
f 2507 2508 2509
f 2510 2511 2512
f 2513 2514 2515
f 2516 2517 2518
f 2519 2520 2521
f 2522 2523 2524
f 2525 2526 2527
f 2528 2529 2530
f 2531 2532 2533
f 2534 2535 2536
f 2537 2538 2539
f 2540 2541 2542
f 2543 2544 2545
f 2546 2547 2548
f 2549 2550 2551
f 2552 2553 2554
f 2555 2553 2552
f 2556 2557 2558
f 2556 2558 2559
f 2560 2561 2562
f 2560 2563 2561
f 2564 2565 2566
f 2567 2565 2564
f 2568 2569 2570
f 2569 2568 2571
f 2572 2573 2574
f 2572 2574 2575
f 2576 2577 2578
f 2578 2577 2579
f 2580 2581 2582
f 2583 2582 2581
f 2584 2585 2586
f 2586 2587 2584
f 2588 2589 2590
f 2588 2591 2589
f 2592 2593 2594
f 2595 2592 2594
f 2596 2597 2598
f 2596 2599 2597
f 2600 2601 2602
f 2603 2601 2600
f 2604 2605 2606
f 2605 2607 2606
f 2608 2609 2610
f 2610 2611 2608
f 2612 2613 2614
f 2613 2612 2615
f 2616 2617 2618
f 2616 2619 2617
f 2620 2621 2622
f 2623 2621 2620
f 2624 2625 2626
f 2624 2627 2625
f 2628 2629 2630
f 2630 2629 2631
f 2632 2633 2634
f 2633 2632 2635
f 2636 2637 2638
f 2637 2636 2639
f 2640 2641 2642
f 2640 2642 2643
f 2644 2645 2646
f 2644 2646 2647
f 2648 2649 2650
f 2648 2651 2652
f 2653 2654 2648
f 2648 2655 2656
f 2657 2653 2648
f 2658 2648 2659
f 2648 2660 2661
f 2648 2662 2659
f 2648 2663 2660
f 2648 2650 2664
f 2665 2666 2648
f 2648 2656 2665
f 2648 2661 2667
f 2668 2663 2648
f 2648 2658 2669
f 2667 2662 2648
f 2648 2670 2671
f 2648 2671 2655
f 2652 2672 2648
f 2670 2648 2669
f 2664 2651 2648
f 2648 2672 2657
f 2648 2654 2668
f 2673 2674 2675
f 2673 2675 2676
f 2677 2678 2679
f 2679 2680 2677
f 2681 2682 2683
f 2681 2684 2682
f 2685 2686 2687
f 2687 2688 2685
f 2689 2690 2691
f 2692 2689 2691
f 2693 2694 2695
f 2693 2696 2694
f 2697 2698 2699
f 2697 2699 2700
f 2701 2702 2703
f 2702 2701 2704
f 2705 2706 2707
f 2708 2706 2705
f 2709 2710 2711
f 2712 2711 2710
f 2713 2714 2715
f 2715 2716 2713
f 2717 2718 2719
f 2717 2719 2720
f 2721 2722 2723
f 2724 2721 2723
f 2725 2726 2727
f 2727 2728 2725
f 2729 2730 2731
f 2731 2732 2729
f 2733 2734 2735
f 2736 2734 2733
f 2737 2738 2739
f 2737 2739 2740
f 2741 2742 2743
f 2743 2744 2741
f 2745 2746 2747
f 2747 2748 2745
f 2749 2750 2751
f 2749 2752 2750
f 2753 2754 2755
f 2753 2755 2756
f 2757 2758 2759
f 2759 2760 2757
f 2761 2762 2763
f 2761 2763 2764
f 2765 2766 2767
f 2768 2769 2767
f 2770 2771 2767
f 2767 2772 2773
f 2767 2774 2770
f 2767 2775 2776
f 2767 2777 2778
f 2778 2779 2767
f 2767 2780 2774
f 2781 2767 2776
f 2782 2783 2767
f 2767 2771 2784
f 2767 2781 2785
f 2767 2779 2786
f 2785 2777 2767
f 2786 2768 2767
f 2787 2775 2767
f 2767 2766 2787
f 2767 2788 2765
f 2773 2780 2767
f 2767 2769 2782
f 2783 2789 2767
f 2767 2789 2772
f 2790 2791 2792
f 2793 2791 2790
f 2794 2795 2796
f 2797 2795 2794
f 2798 2799 2800
f 2798 2800 2801
f 2802 2803 2804
f 2805 2803 2802
f 2806 2807 2808
f 2808 2807 2809
f 2810 2811 2812
f 2812 2811 2813
f 2814 2815 2816
f 2816 2817 2814
f 2818 2819 2820
f 2818 2821 2819
f 2822 2823 2824
f 2822 2825 2823
f 2826 2827 2828
f 2828 2827 2829
f 2830 2831 2832
f 2831 2830 2833
f 2834 2835 2836
f 2835 2837 2836
f 2838 2839 2840
f 2839 2841 2840
f 2842 2843 2844
f 2845 2842 2844
f 2846 2847 2848
f 2848 2849 2846
f 2850 2851 2852
f 2850 2852 2853
f 2854 2855 2856
f 2854 2857 2855
f 2858 2859 2860
f 2860 2861 2858
f 2862 2863 2864
f 2864 2865 2862
f 2866 2867 2868
f 2869 2870 2871
f 2872 2873 2874
f 2875 2876 2877
f 2878 2879 2880
f 2872 2881 2873
f 2882 2883 2884
f 2885 2886 2887
f 2866 2888 2889
f 2866 2889 2867
f 2890 2891 2892
f 2883 2882 2893
f 2894 2895 2896
f 2897 2898 2899
f 2900 2901 2902
f 2903 2904 2905
f 2906 2907 2908
f 2909 2910 2911
f 2912 2913 2914
f 2915 2916 2917
f 2918 2919 2920
f 2921 2922 2923
f 2924 2925 2926
f 2927 2928 2929
f 2930 2931 2932
f 2933 2934 2935
f 2936 2937 2938
f 2939 2940 2941
f 2942 2943 2944
f 2945 2946 2947
f 2911 2948 2949
f 2911 2949 2909
f 2950 2951 2952
f 2953 2954 2955
f 2956 2957 2958
f 2959 2960 2961
f 2962 2963 2964
f 2965 2966 2967
f 2968 2969 2970
f 2971 2972 2973
f 2974 2975 2976
f 2977 2978 2979
f 2980 2981 2982
f 2983 2984 2985
f 2986 2987 2988
f 2989 2990 2991
f 2992 2993 2994
f 2995 2996 2997
f 2998 2986 2988
f 2999 3000 3001
f 3002 3003 3004
f 3005 3006 3007
f 3008 3009 3010
f 3008 3010 3011
f 3012 3013 3014
f 3015 3016 3017
f 3018 3019 3020
f 3021 3022 3023
f 3024 3025 3026
f 3027 3028 3029
f 3030 3031 3032
f 3033 3034 3035
f 3036 3037 3038
f 3039 3040 3041
f 3042 3043 3044
f 3045 3046 3047
f 3048 3049 3050
f 3050 3049 3051
f 3052 3053 3054
f 3055 3056 3057
f 3058 3056 3055
f 3059 3060 3061
f 3062 2954 2953
f 3063 3064 3065
f 3066 3067 3068
f 3069 3070 3071
f 3072 3073 3074
f 3075 3076 3077
f 3078 3079 3080
f 3081 3082 3083
f 3084 3085 3086
f 3087 3088 3089
f 3090 3091 3092
f 3093 3094 3095
f 3096 3097 3098
f 3099 3100 3101
f 3102 3103 3104
f 3105 3106 3107
f 3108 3109 3110
f 3111 3112 3113
f 3114 3115 3116
f 3115 3117 3116
f 3118 3119 3120
f 3121 3122 3123
f 3124 3125 3126
f 3127 3128 3129
f 3130 3131 3132
f 3133 3134 3135
f 3136 3137 3138
f 3139 3140 3141
f 3142 3143 3144
f 3145 3146 3147
f 3148 3149 3150
f 3151 3152 3153
f 3154 3155 3156
f 3157 3158 3159
f 3160 3161 3162
f 3163 3164 3165
f 3166 3167 3168
f 3169 3170 3171
f 3172 3173 3174
f 3175 3176 3177
f 3177 3176 3178
f 3179 3180 3181
f 3182 3183 3184
f 3182 3185 3183
f 3186 3187 3188
f 3189 3190 3191
f 3192 3193 3194
f 3195 3196 3197
f 3198 3199 3200
f 3201 3202 3203
f 3204 3205 3206
f 3207 3208 3209
f 3210 3211 3212
f 3213 3214 3215
f 3216 3214 3213
f 3217 3218 3219
f 3220 3221 3222
f 3222 3221 3223
f 3224 3225 3226
f 3227 3228 3229
f 3230 3231 3232
f 3233 3234 3235
f 3236 3152 3151
f 3237 3238 3239
f 3240 3241 3242
f 3243 3167 3166
f 3244 3245 3246
f 3247 3248 3249
f 3250 3251 3252
f 3253 3254 3255
f 3256 3257 3258
f 3259 3260 3261
f 3262 3263 3264
f 3265 3266 3267
f 3268 3269 3270
f 3271 3272 3273
f 3274 3275 3276
f 3277 3278 3279
f 3280 3281 3282
f 3283 3284 3285
f 3286 3287 3288
f 3289 3290 3291
f 3292 3293 3294
f 3295 3296 3297
f 3298 3299 3300
f 3301 3302 3303
f 3304 3305 3306
f 3307 3308 3309
f 3310 3311 3312
f 3313 3314 3315
f 3316 3317 3318
f 3319 3320 3321
f 3322 3323 3324
f 3325 3326 3327
f 3328 3329 3330
f 3331 3332 3333
f 3334 3335 3336
f 3337 3338 3339
f 3239 3340 3237
f 3341 3342 3343
f 2900 2902 3344
f 3345 3346 3347
f 3348 3349 3350
f 3351 3349 3348
f 2916 2870 2869
f 2917 2916 2869
f 3352 3353 3354
f 3355 3354 3353
f 3356 3357 3358
f 3357 3356 3359
f 2916 2915 2870
f 2870 2915 2871
f 3360 3361 3362
f 3360 3362 3363
f 3364 3365 3366
f 3364 3367 3365
f 3368 3369 3370
f 3369 3368 3371
f 3372 3373 3374
f 3375 3374 3373
f 3376 3377 3378
f 3379 3378 3377
f 3380 3381 3382
f 3380 3382 3383
f 3384 3385 3386
f 3384 3387 3385
f 3388 3389 3390
f 3388 3390 3391
f 3035 3034 2925
f 2926 2925 3034
f 3033 2924 3034
f 2926 3034 2924
f 3392 3393 3394
f 3395 3393 3392
f 3396 3397 3398
f 3399 3396 3398
f 3400 3401 3402
f 3403 3401 3400
f 3404 3405 3406
f 3405 3407 3406
f 3408 3409 3410
f 3411 3410 3409
f 3412 3413 3414
f 3415 3414 3413
f 3416 3417 3418
f 3416 3419 3417
f 3420 3421 3422
f 3423 3421 3420
f 3424 3425 3426
f 3427 3426 3425
f 3428 3429 3430
f 3430 3429 3431
f 3432 3433 3434
f 3435 3432 3434
f 3436 3437 3438
f 3439 3438 3437
f 3440 3441 3442
f 3443 3441 3440
f 3444 3445 3446
f 3447 3444 3446
f 3448 3449 3450
f 3451 3450 3449
f 3452 3453 3454
f 3455 3456 3454
f 3457 3454 3458
f 3459 3454 3453
f 3460 3461 3454
f 3462 3463 3454
f 3464 3455 3454
f 3465 3454 3461
f 3466 3454 3457
f 3467 3468 3454
f 3469 3454 3470
f 3471 3454 3459
f 3472 3458 3454
f 3462 3454 3473
f 3474 3452 3454
f 3469 3475 3454
f 3476 3464 3454
f 3472 3454 3475
f 3460 3454 3456
f 3465 3473 3454
f 3468 3477 3454
f 3474 3454 3477
f 3476 3454 3478
f 3466 3478 3454
f 3467 3454 3463
f 3479 3480 3481
f 3482 3480 3479
f 3483 3484 3485
f 3485 3484 3486
f 3487 3488 3489
f 3489 3490 3487
f 3491 3492 3493
f 3493 3492 3494
f 3495 3496 3497
f 3495 3498 3496
f 3499 3500 3501
f 3501 3500 3502
f 3503 3504 3505
f 3506 3507 3504
f 3505 3504 3507
f 3508 3504 3509
f 3510 3504 3511
f 3512 3504 3513
f 3503 3514 3504
f 3515 3504 3508
f 3516 3504 3510
f 3517 3504 3518
f 3519 3504 3516
f 3520 3504 3521
f 3506 3504 3522
f 3523 3504 3520
f 3524 3504 3525
f 3519 3521 3504
f 3515 3522 3504
f 3523 3509 3504
f 3526 3525 3504
f 3513 3504 3514
f 3524 3511 3504
f 3526 3504 3527
f 3512 3518 3504
f 3528 3504 3529
f 3517 3529 3504
f 3530 3531 3532
f 3530 3533 3531
f 3534 3535 3536
f 3534 3537 3535
f 3538 3539 3540
f 3540 3539 3541
f 3542 3543 3544
f 3542 3545 3543
f 3546 3547 3548
f 3549 3548 3547
f 3550 3551 3552
f 3553 3551 3550
f 3554 3555 3556
f 3557 3555 3554
f 3558 3559 3560
f 3561 3558 3560
f 3562 3563 3564
f 3565 3564 3563
f 3566 3567 3568
f 3569 3568 3567
f 3570 3571 3572
f 3573 3571 3570
f 3574 3575 3576
f 3577 3576 3575
f 3578 3579 3580
f 3579 3581 3580
f 3582 3583 3584
f 3585 3583 3582
f 3586 3587 3588
f 3586 3588 3589
f 3590 3591 3592
f 3593 3590 3592
f 3594 3595 3596
f 3595 3594 3597
f 3598 3599 3600
f 3601 3600 3599
f 3602 3603 3604
f 3602 3604 3605
f 3606 3607 3608
f 3609 3608 3607
f 3610 3611 3612
f 3613 3612 3611
f 3614 3615 3616
f 3614 3616 3617
f 3618 3619 3620
f 3621 3619 3618
f 3622 3623 3624
f 3625 3622 3624
f 3626 3627 3628
f 3629 3630 3631
f 3632 3633 3634
f 3635 3636 3637
f 3638 3639 3640
f 3632 3641 3633
f 3642 3643 3644
f 3645 3646 3647
f 3626 3648 3649
f 3626 3649 3627
f 3650 3651 3652
f 3643 3642 3653
f 3654 3655 3656
f 3657 3658 3659
f 3660 3661 3662
f 3663 3664 3665
f 3666 3667 3668
f 3669 3670 3671
f 3672 3673 3674
f 3675 3676 3677
f 3678 3679 3680
f 3681 3682 3683
f 3684 3685 3686
f 3687 3688 3689
f 3690 3691 3692
f 3693 3694 3695
f 3696 3697 3698
f 3699 3700 3701
f 3702 3703 3704
f 3705 3706 3707
f 3671 3708 3709
f 3671 3709 3669
f 3710 3711 3712
f 3713 3714 3715
f 3716 3717 3718
f 3719 3720 3721
f 3722 3723 3724
f 3725 3726 3727
f 3728 3729 3730
f 3731 3732 3733
f 3734 3735 3736
f 3737 3738 3739
f 3740 3741 3742
f 3743 3744 3745
f 3746 3747 3748
f 3749 3750 3751
f 3752 3753 3754
f 3755 3756 3757
f 3758 3746 3748
f 3759 3760 3761
f 3762 3763 3764
f 3765 3766 3767
f 3768 3769 3770
f 3768 3770 3771
f 3772 3773 3774
f 3775 3776 3777
f 3778 3779 3780
f 3781 3782 3783
f 3784 3785 3786
f 3787 3788 3789
f 3790 3791 3792
f 3793 3794 3795
f 3796 3797 3798
f 3799 3800 3801
f 3802 3803 3804
f 3805 3806 3807
f 3808 3809 3810
f 3810 3809 3811
f 3812 3813 3814
f 3815 3816 3817
f 3818 3816 3815
f 3819 3820 3821
f 3822 3714 3713
f 3823 3824 3825
f 3826 3827 3828
f 3829 3830 3831
f 3832 3833 3834
f 3835 3836 3837
f 3838 3839 3840
f 3841 3842 3843
f 3844 3845 3846
f 3847 3848 3849
f 3850 3851 3852
f 3853 3854 3855
f 3856 3857 3858
f 3859 3860 3861
f 3862 3863 3864
f 3865 3866 3867
f 3868 3869 3870
f 3871 3872 3873
f 3874 3875 3876
f 3875 3877 3876
f 3878 3879 3880
f 3881 3882 3883
f 3884 3885 3886
f 3887 3888 3889
f 3890 3891 3892
f 3893 3894 3895
f 3896 3897 3898
f 3899 3900 3901
f 3902 3903 3904
f 3905 3906 3907
f 3908 3909 3910
f 3911 3912 3913
f 3914 3915 3916
f 3917 3918 3919
f 3920 3921 3922
f 3923 3924 3925
f 3926 3927 3928
f 3929 3930 3931
f 3932 3933 3934
f 3935 3936 3937
f 3937 3936 3938
f 3939 3940 3941
f 3942 3943 3944
f 3942 3945 3943
f 3946 3947 3948
f 3949 3950 3951
f 3952 3953 3954
f 3955 3956 3957
f 3958 3959 3960
f 3961 3962 3963
f 3964 3965 3966
f 3967 3968 3969
f 3970 3971 3972
f 3973 3974 3975
f 3976 3974 3973
f 3977 3978 3979
f 3980 3981 3982
f 3982 3981 3983
f 3984 3985 3986
f 3987 3988 3989
f 3990 3991 3992
f 3993 3994 3995
f 3996 3912 3911
f 3997 3998 3999
f 4000 4001 4002
f 4003 3927 3926
f 4004 4005 4006
f 4007 4008 4009
f 4010 4011 4012
f 4013 4014 4015
f 4016 4017 4018
f 4019 4020 4021
f 4022 4023 4024
f 4025 4026 4027
f 4028 4029 4030
f 4031 4032 4033
f 4034 4035 4036
f 4037 4038 4039
f 4040 4041 4042
f 4043 4044 4045
f 4046 4047 4048
f 4049 4050 4051
f 4052 4053 4054
f 4055 4056 4057
f 4058 4059 4060
f 4061 4062 4063
f 4064 4065 4066
f 4067 4068 4069
f 4070 4071 4072
f 4073 4074 4075
f 4076 4077 4078
f 4079 4080 4081
f 4082 4083 4084
f 4085 4086 4087
f 4088 4089 4090
f 4091 4092 4093
f 4094 4095 4096
f 4097 4098 4099
f 3999 4100 3997
f 4101 4102 4103
f 3660 3662 4104
f 4105 4106 4107
f 4108 4109 4110
f 4111 4109 4108
f 3676 3630 3629
f 3677 3676 3629
f 4112 4113 4114
f 4115 4114 4113
f 4116 4117 4118
f 4117 4116 4119
f 3676 3675 3630
f 3630 3675 3631
f 4120 4121 4122
f 4120 4122 4123
f 4124 4125 4126
f 4124 4127 4125
f 4128 4129 4130
f 4129 4128 4131
f 4132 4133 4134
f 4135 4134 4133
f 4136 4137 4138
f 4139 4138 4137
f 4140 4141 4142
f 4140 4142 4143
f 4144 4145 4146
f 4144 4147 4145
f 4148 4149 4150
f 4148 4150 4151
f 3795 3794 3685
f 3686 3685 3794
f 3793 3684 3794
f 3686 3794 3684
f 4152 4153 4154
f 4155 4153 4152
f 4156 4157 4158
f 4159 4156 4158
f 4160 4161 4162
f 4163 4161 4160
f 4164 4165 4166
f 4165 4167 4166
f 4168 4169 4170
f 4171 4170 4169
f 4172 4173 4174
f 4175 4174 4173
f 4176 4177 4178
f 4176 4179 4177
f 4180 4181 4182
f 4183 4181 4180
f 4184 4185 4186
f 4187 4186 4185
f 4188 4189 4190
f 4190 4189 4191
f 4192 4193 4194
f 4195 4192 4194
f 4196 4197 4198
f 4199 4198 4197
f 4200 4201 4202
f 4203 4201 4200
f 4204 4205 4206
f 4207 4204 4206
f 4208 4209 4210
f 4211 4210 4209
f 4212 4213 4214
f 4215 4216 4214
f 4217 4214 4218
f 4219 4214 4213
f 4220 4221 4214
f 4222 4223 4214
f 4224 4215 4214
f 4225 4214 4221
f 4226 4214 4217
f 4227 4228 4214
f 4229 4214 4230
f 4231 4214 4219
f 4232 4218 4214
f 4222 4214 4233
f 4234 4212 4214
f 4229 4235 4214
f 4236 4224 4214
f 4232 4214 4235
f 4220 4214 4216
f 4225 4233 4214
f 4228 4237 4214
f 4234 4214 4237
f 4236 4214 4238
f 4226 4238 4214
f 4227 4214 4223
f 4239 4240 4241
f 4242 4240 4239
f 4243 4244 4245
f 4245 4244 4246
f 4247 4248 4249
f 4249 4250 4247
f 4251 4252 4253
f 4253 4252 4254
f 4255 4256 4257
f 4255 4258 4256
f 4259 4260 4261
f 4261 4260 4262
f 4263 4264 4265
f 4266 4267 4264
f 4265 4264 4267
f 4268 4264 4269
f 4270 4264 4271
f 4272 4264 4273
f 4263 4274 4264
f 4275 4264 4268
f 4276 4264 4270
f 4277 4264 4278
f 4279 4264 4276
f 4280 4264 4281
f 4266 4264 4282
f 4283 4264 4280
f 4284 4264 4285
f 4279 4281 4264
f 4275 4282 4264
f 4283 4269 4264
f 4286 4285 4264
f 4273 4264 4274
f 4284 4271 4264
f 4286 4264 4287
f 4272 4278 4264
f 4288 4264 4289
f 4277 4289 4264
f 4290 4291 4292
f 4290 4293 4291
f 4294 4295 4296
f 4294 4297 4295
f 4298 4299 4300
f 4300 4299 4301
f 4302 4303 4304
f 4302 4305 4303
f 4306 4307 4308
f 4309 4308 4307
f 4310 4311 4312
f 4313 4311 4310
f 4314 4315 4316
f 4317 4315 4314
f 4318 4319 4320
f 4321 4318 4320
f 4322 4323 4324
f 4325 4324 4323
f 4326 4327 4328
f 4329 4328 4327
f 4330 4331 4332
f 4333 4331 4330
f 4334 4335 4336
f 4337 4336 4335
f 4338 4339 4340
f 4339 4341 4340
f 4342 4343 4344
f 4345 4343 4342
f 4346 4347 4348
f 4346 4348 4349
f 4350 4351 4352
f 4353 4350 4352
f 4354 4355 4356
f 4355 4354 4357
f 4358 4359 4360
f 4361 4360 4359
f 4362 4363 4364
f 4362 4364 4365
f 4366 4367 4368
f 4369 4368 4367
f 4370 4371 4372
f 4373 4372 4371
f 4374 4375 4376
f 4374 4376 4377
f 4378 4379 4380
f 4381 4379 4378
f 4382 4383 4384
f 4385 4382 4384
f 4386 4387 4388
f 4389 4390 4391
f 4392 4393 4394
f 4395 4396 4397
f 4398 4399 4400
f 4401 4402 4403
f 4404 4402 4401
f 4405 4406 4407
f 4406 4408 4407
f 4409 4410 4411
f 4412 4411 4410
f 4413 4414 4415
f 4416 4417 4418
f 4419 4420 4421
f 4422 4423 4424
f 4425 4426 4427
f 4428 4429 4430
f 4431 4432 4433
f 4434 4435 4436
f 4437 4438 4439
f 4440 4441 4442
f 4387 4443 4388
f 4444 4445 4446
f 4447 4448 4449
f 4450 4451 4452
f 4453 4454 4455
f 4456 4457 4458
f 4459 4460 4461
f 4462 4463 4464
f 4465 4466 4467
f 4468 4469 4470
f 4471 4472 4473
f 4474 4475 4476
f 4476 4477 4474
f 4392 4478 4393
f 4479 4480 4481
f 4482 4483 4484
f 4485 4486 4487
f 4488 4489 4490
f 4491 4492 4493
f 4494 4495 4496
f 4495 4497 4496
f 4498 4499 4500
f 4501 4502 4503
f 4504 4505 4506
f 4507 4508 4509
f 4510 4511 4512
f 4386 4513 4387
f 4514 4515 4516
f 4517 4518 4519
f 4520 4437 4439
f 4518 4521 4519
f 4522 4523 4524
f 4525 4526 4527
f 4528 4529 4530
f 4531 4532 4533
f 4534 4535 4536
f 4537 4538 4539
f 4441 4540 4442
f 4541 4388 4542
f 4443 4542 4388
f 4543 4544 4446
f 4544 4444 4446
f 4545 4546 4547
f 4548 4549 4550
f 4551 4552 4553
f 4554 4555 4556
f 4557 4558 4559
f 4560 4468 4470
f 4472 4561 4473
f 4562 4563 4392
f 4563 4478 4392
f 4564 4417 4416
f 4565 4564 4416
f 4566 4567 4568
f 4569 4570 4571
f 4572 4573 4574
f 4575 4576 4577
f 4578 4579 4580
f 4581 4582 4583
f 4474 4584 4475
f 4585 4584 4474
f 4586 4587 4588
f 4587 4589 4588
f 4590 4591 4592
f 4593 4594 4595
f 4596 4597 4598
f 4599 4600 4601
f 4602 4603 4604
f 4605 4606 4607
f 4608 4609 4610
f 4610 4609 4611
f 4612 4613 4614
f 4615 4613 4612
f 4616 4617 4618
f 4619 4620 4621
f 4622 4623 4624
f 4625 4626 4627
f 4626 4628 4627
f 4629 4630 4631
f 4632 4633 4634
f 4635 4636 4637
f 4638 4639 4640
f 4641 4642 4643
f 4644 4645 4646
f 4647 4648 4649
f 4650 4651 4652
f 4653 4654 4655
f 4656 4657 4658
f 4659 4660 4661
f 4662 4663 4664
f 4665 4666 4667
f 4668 4669 4670
f 4671 4672 4673
f 4674 4672 4671
f 4675 4676 4677
f 4678 4679 4680
f 4681 4682 4683
f 4684 4685 4686
f 4687 4688 4689
f 4690 4691 4692
f 4693 4694 4695
f 4696 4697 4698
f 4699 4700 4701
f 4702 4703 4704
f 4705 4706 4707
f 4708 4709 4710
f 4711 4712 4713
f 4714 4715 4716
f 4717 4718 4719
f 4720 4721 4722
f 4723 4724 4725
f 4726 4727 4728
f 4729 4730 4731
f 4732 4733 4734
f 4735 4736 4737
f 4738 4739 4740
f 4741 4742 4743
f 4744 4745 4746
f 4747 4748 4749
f 4750 4751 4752
f 4753 4754 4755
f 4756 4757 4758
f 4759 4760 4761
f 4762 4763 4764
f 4765 4766 4767
f 4768 4769 4770
f 4771 4772 4773
f 4774 4775 4776
f 4777 4778 4779
f 4780 4781 4782
f 4783 4784 4785
f 4786 4787 4788
f 4789 4790 4791
f 4792 4793 4794
f 4795 4796 4797
f 4798 4799 4800
f 4801 4802 4803
f 4804 4805 4806
f 4807 4808 4809
f 4810 4811 4812
f 4813 4814 4815
f 4816 4817 4818
f 4819 4820 4821
f 4757 4822 4758
f 4823 4824 4825
f 4826 4827 4828
f 4829 4830 4831
f 4832 4833 4834
f 4835 4836 4837
f 4838 4839 4840
f 4841 4842 4843
f 4844 4845 4846
f 4847 4848 4849
f 4850 4851 4852
f 4853 4854 4855
f 4856 4857 4858
f 4859 4860 4861
f 4720 4862 4721
f 4863 4864 4865
f 4866 4867 4868
f 4869 4870 4871
f 4872 4873 4874
f 4875 4876 4877
f 4878 4879 4880
f 4881 4882 4883
f 4884 4885 4886
f 4886 4885 4887
f 4888 4889 4890
f 4889 4888 4891
f 4892 4893 4894
f 4895 4892 4894
f 4896 4897 4898
f 4896 4898 4899
f 4900 4901 4902
f 4901 4900 4903
f 4904 4905 4906
f 4906 4905 4907
f 4908 4909 4910
f 4911 4910 4909
f 4912 4913 4914
f 4915 4914 4913
f 4916 4917 4918
f 4917 4919 4918
f 4920 4921 4922
f 4923 4921 4920
f 4924 4925 4926
f 4925 4924 4927
f 4928 4929 4930
f 4930 4929 4931
f 4932 4933 4934
f 4935 4933 4932
f 4936 4937 4938
f 4939 4937 4936
f 4940 4941 4942
f 4943 4942 4941
f 4944 4945 4946
f 4944 4947 4945
f 4948 4949 4950
f 4951 4950 4949
f 4952 4953 4954
f 4953 4952 4955
f 4956 4957 4958
f 4956 4958 4959
f 4960 4961 4962
f 4961 4960 4963
f 4964 4965 4966
f 4967 4966 4965
f 4968 4969 4970
f 4971 4972 4969
f 4973 4974 4969
f 4975 4969 4976
f 4977 4978 4969
f 4979 4980 4969
f 4981 4969 4982
f 4983 4984 4969
f 4985 4986 4969
f 4987 4969 4974
f 4988 4989 4969
f 4990 4969 4991
f 4992 4969 4993
f 4994 4969 4995
f 4996 4969 4997
f 4998 4969 4996
f 4999 4970 4969
f 5000 4985 4969
f 5001 5000 4969
f 5002 4969 4989
f 4972 5003 4969
f 5004 4969 4990
f 4993 4969 5003
f 4980 4997 4969
f 5005 4982 4969
f 4995 4969 5006
f 4998 5006 4969
f 5007 4969 5008
f 4999 4969 4986
f 5009 4969 4968
f 5010 4969 5004
f 4987 5011 4969
f 4973 4969 4978
f 5002 5012 4969
f 4988 4969 5013
f 4971 4969 5012
f 4991 4969 5014
f 4992 5014 4969
f 4979 4969 5015
f 5016 4969 5010
f 4983 4969 5017
f 4976 4969 5018
f 5019 4969 4994
f 5009 5017 4969
f 5001 4969 5011
f 5016 4977 4969
f 5005 4969 5020
f 4981 5015 4969
f 5021 5008 4969
f 5022 4969 4984
f 5007 5013 4969
f 5021 4969 5023
f 4975 5020 4969
f 5022 5018 4969
f 5024 5025 5026
f 5026 5025 5027
f 5028 5029 5030
f 5029 5028 5031
f 5032 5033 5034
f 5035 5034 5033
f 5036 5037 5038
f 5039 5038 5037
f 5040 5041 5042
f 5043 5042 5041
f 5044 5045 5046
f 5047 5046 5045
f 5048 5049 5050
f 5050 5049 5051
f 5052 5053 5054
f 5055 5053 5052
f 5056 5057 5058
f 5057 5059 5058
f 5060 5061 5062
f 5063 5061 5060
f 5064 5065 5066
f 5067 5065 5068
f 5069 5070 5065
f 5071 5072 5065
f 5073 5065 5074
f 5075 5065 5076
f 5077 5078 5065
f 5079 5065 5080
f 5081 5082 5065
f 5067 5083 5065
f 5076 5065 5083
f 5084 5069 5065
f 5085 5086 5065
f 5087 5065 5088
f 5079 5089 5065
f 5090 5065 5091
f 5092 5065 5093
f 5094 5095 5065
f 5086 5068 5065
f 5064 5096 5065
f 5088 5065 5075
f 5097 5091 5065
f 5098 5074 5065
f 5099 5065 5100
f 5101 5065 5078
f 5081 5065 5089
f 5102 5103 5065
f 5084 5065 5104
f 5085 5065 5070
f 5087 5066 5065
f 5097 5065 5105
f 5106 5093 5065
f 5098 5065 5107
f 5073 5104 5065
f 5100 5065 5108
f 5109 5065 5072
f 5077 5065 5096
f 5101 5110 5065
f 5092 5080 5065
f 5106 5065 5110
f 5111 5112 5065
f 5113 5111 5065
f 5071 5065 5114
f 5109 5107 5065
f 5115 5065 5095
f 5116 5117 5065
f 5113 5065 5090
f 5099 5105 5065
f 5118 5065 5103
f 5116 5065 5112
f 5102 5065 5082
f 5118 5108 5065
f 5115 5114 5065
f 5094 5065 5119
f 5120 5121 5122
f 5123 5120 5122
f 5124 5125 5126
f 5126 5125 5127
f 5128 5129 5130
f 5128 5131 5129
f 5132 5133 5134
f 5134 5133 5135
f 5136 5137 5138
f 5137 5139 5138
f 5140 5141 5142
f 5143 5141 5140
f 5144 5145 5146
f 5147 5148 5149
f 5150 5151 5152
f 5153 5154 5155
f 5156 5157 5158
f 5159 5160 5161
f 5162 5160 5159
f 5163 5164 5165
f 5164 5166 5165
f 5167 5168 5169
f 5170 5169 5168
f 5171 5172 5173
f 5174 5175 5176
f 5177 5178 5179
f 5180 5181 5182
f 5183 5184 5185
f 5186 5187 5188
f 5189 5190 5191
f 5192 5193 5194
f 5195 5196 5197
f 5198 5199 5200
f 5145 5201 5146
f 5202 5203 5204
f 5205 5206 5207
f 5208 5209 5210
f 5211 5212 5213
f 5214 5215 5216
f 5217 5218 5219
f 5220 5221 5222
f 5223 5224 5225
f 5226 5227 5228
f 5229 5230 5231
f 5232 5233 5234
f 5234 5235 5232
f 5150 5236 5151
f 5237 5238 5239
f 5240 5241 5242
f 5243 5244 5245
f 5246 5247 5248
f 5249 5250 5251
f 5252 5253 5254
f 5253 5255 5254
f 5256 5257 5258
f 5259 5260 5261
f 5262 5263 5264
f 5265 5266 5267
f 5268 5269 5270
f 5144 5271 5145
f 5272 5273 5274
f 5275 5276 5277
f 5278 5195 5197
f 5276 5279 5277
f 5280 5281 5282
f 5283 5284 5285
f 5286 5287 5288
f 5289 5290 5291
f 5292 5293 5294
f 5295 5296 5297
f 5199 5298 5200
f 5299 5146 5300
f 5201 5300 5146
f 5301 5302 5204
f 5302 5202 5204
f 5303 5304 5305
f 5306 5307 5308
f 5309 5310 5311
f 5312 5313 5314
f 5315 5316 5317
f 5318 5226 5228
f 5230 5319 5231
f 5320 5321 5150
f 5321 5236 5150
f 5322 5175 5174
f 5323 5322 5174
f 5324 5325 5326
f 5327 5328 5329
f 5330 5331 5332
f 5333 5334 5335
f 5336 5337 5338
f 5339 5340 5341
f 5232 5342 5233
f 5343 5342 5232
f 5344 5345 5346
f 5345 5347 5346
f 5348 5349 5350
f 5351 5352 5353
f 5354 5355 5356
f 5357 5358 5359
f 5360 5361 5362
f 5363 5364 5365
f 5366 5367 5368
f 5368 5367 5369
f 5370 5371 5372
f 5373 5371 5370
f 5374 5375 5376
f 5377 5378 5379
f 5380 5381 5382
f 5383 5384 5385
f 5384 5386 5385
f 5387 5388 5389
f 5390 5391 5392
f 5393 5394 5395
f 5396 5397 5398
f 5399 5400 5401
f 5402 5403 5404
f 5405 5406 5407
f 5408 5409 5410
f 5411 5412 5413
f 5414 5415 5416
f 5417 5418 5419
f 5420 5421 5422
f 5423 5424 5425
f 5426 5427 5428
f 5429 5430 5431
f 5432 5430 5429
f 5433 5434 5435
f 5436 5437 5438
f 5439 5440 5441
f 5442 5443 5444
f 5445 5446 5447
f 5448 5449 5450
f 5451 5452 5453
f 5454 5455 5456
f 5457 5458 5459
f 5460 5461 5462
f 5463 5464 5465
f 5466 5467 5468
f 5469 5470 5471
f 5472 5473 5474
f 5475 5476 5477
f 5478 5479 5480
f 5481 5482 5483
f 5484 5485 5486
f 5487 5488 5489
f 5490 5491 5492
f 5493 5494 5495
f 5496 5497 5498
f 5499 5500 5501
f 5502 5503 5504
f 5505 5506 5507
f 5508 5509 5510
f 5511 5512 5513
f 5514 5515 5516
f 5517 5518 5519
f 5520 5521 5522
f 5523 5524 5525
f 5526 5527 5528
f 5529 5530 5531
f 5532 5533 5534
f 5535 5536 5537
f 5538 5539 5540
f 5541 5542 5543
f 5544 5545 5546
f 5547 5548 5549
f 5550 5551 5552
f 5553 5554 5555
f 5556 5557 5558
f 5559 5560 5561
f 5562 5563 5564
f 5565 5566 5567
f 5568 5569 5570
f 5571 5572 5573
f 5574 5575 5576
f 5577 5578 5579
f 5515 5580 5516
f 5581 5582 5583
f 5584 5585 5586
f 5587 5588 5589
f 5590 5591 5592
f 5593 5594 5595
f 5596 5597 5598
f 5599 5600 5601
f 5602 5603 5604
f 5605 5606 5607
f 5608 5609 5610
f 5611 5612 5613
f 5614 5615 5616
f 5617 5618 5619
f 5478 5620 5479
f 5621 5622 5623
f 5624 5625 5626
f 5627 5628 5629
f 5630 5631 5632
f 5633 5634 5635
f 5636 5637 5638
f 5639 5640 5641
f 5642 5643 5644
f 5644 5643 5645
f 5646 5647 5648
f 5647 5646 5649
f 5650 5651 5652
f 5653 5650 5652
f 5654 5655 5656
f 5654 5656 5657
f 5658 5659 5660
f 5659 5658 5661
f 5662 5663 5664
f 5664 5663 5665
f 5666 5667 5668
f 5669 5668 5667
f 5670 5671 5672
f 5673 5672 5671
f 5674 5675 5676
f 5675 5677 5676
f 5678 5679 5680
f 5681 5679 5678
f 5682 5683 5684
f 5683 5682 5685
f 5686 5687 5688
f 5688 5687 5689
f 5690 5691 5692
f 5693 5691 5690
f 5694 5695 5696
f 5697 5695 5694
f 5698 5699 5700
f 5701 5700 5699
f 5702 5703 5704
f 5702 5705 5703
f 5706 5707 5708
f 5709 5708 5707
f 5710 5711 5712
f 5711 5710 5713
f 5714 5715 5716
f 5714 5716 5717
f 5718 5719 5720
f 5719 5718 5721
f 5722 5723 5724
f 5725 5724 5723
f 5726 5727 5728
f 5729 5730 5727
f 5731 5732 5727
f 5733 5727 5734
f 5735 5736 5727
f 5737 5738 5727
f 5739 5727 5740
f 5741 5742 5727
f 5743 5744 5727
f 5745 5727 5732
f 5746 5747 5727
f 5748 5727 5749
f 5750 5727 5751
f 5752 5727 5753
f 5754 5727 5755
f 5756 5727 5754
f 5757 5728 5727
f 5758 5743 5727
f 5759 5758 5727
f 5760 5727 5747
f 5730 5761 5727
f 5762 5727 5748
f 5751 5727 5761
f 5738 5755 5727
f 5763 5740 5727
f 5753 5727 5764
f 5756 5764 5727
f 5765 5727 5766
f 5757 5727 5744
f 5767 5727 5726
f 5768 5727 5762
f 5745 5769 5727
f 5731 5727 5736
f 5760 5770 5727
f 5746 5727 5771
f 5729 5727 5770
f 5749 5727 5772
f 5750 5772 5727
f 5737 5727 5773
f 5774 5727 5768
f 5741 5727 5775
f 5734 5727 5776
f 5777 5727 5752
f 5767 5775 5727
f 5759 5727 5769
f 5774 5735 5727
f 5763 5727 5778
f 5739 5773 5727
f 5779 5766 5727
f 5780 5727 5742
f 5765 5771 5727
f 5779 5727 5781
f 5733 5778 5727
f 5780 5776 5727
f 5782 5783 5784
f 5784 5783 5785
f 5786 5787 5788
f 5787 5786 5789
f 5790 5791 5792
f 5793 5792 5791
f 5794 5795 5796
f 5797 5796 5795
f 5798 5799 5800
f 5801 5800 5799
f 5802 5803 5804
f 5805 5804 5803
f 5806 5807 5808
f 5808 5807 5809
f 5810 5811 5812
f 5813 5811 5810
f 5814 5815 5816
f 5815 5817 5816
f 5818 5819 5820
f 5821 5819 5818
f 5822 5823 5824
f 5825 5823 5826
f 5827 5828 5823
f 5829 5830 5823
f 5831 5823 5832
f 5833 5823 5834
f 5835 5836 5823
f 5837 5823 5838
f 5839 5840 5823
f 5825 5841 5823
f 5834 5823 5841
f 5842 5827 5823
f 5843 5844 5823
f 5845 5823 5846
f 5837 5847 5823
f 5848 5823 5849
f 5850 5823 5851
f 5852 5853 5823
f 5844 5826 5823
f 5822 5854 5823
f 5846 5823 5833
f 5855 5849 5823
f 5856 5832 5823
f 5857 5823 5858
f 5859 5823 5836
f 5839 5823 5847
f 5860 5861 5823
f 5842 5823 5862
f 5843 5823 5828
f 5845 5824 5823
f 5855 5823 5863
f 5864 5851 5823
f 5856 5823 5865
f 5831 5862 5823
f 5858 5823 5866
f 5867 5823 5830
f 5835 5823 5854
f 5859 5868 5823
f 5850 5838 5823
f 5864 5823 5868
f 5869 5870 5823
f 5871 5869 5823
f 5829 5823 5872
f 5867 5865 5823
f 5873 5823 5853
f 5874 5875 5823
f 5871 5823 5848
f 5857 5863 5823
f 5876 5823 5861
f 5874 5823 5870
f 5860 5823 5840
f 5876 5866 5823
f 5873 5872 5823
f 5852 5823 5877
f 5878 5879 5880
f 5881 5878 5880
f 5882 5883 5884
f 5884 5883 5885
f 5886 5887 5888
f 5886 5889 5887
f 5890 5891 5892
f 5892 5891 5893
f 5894 5895 5896
f 5895 5897 5896
f 5898 5899 5900
f 5901 5899 5898
f 5902 5903 5904
f 5905 5906 5907
f 5908 5909 5910
f 5911 5912 5913
f 5914 5915 5916
f 5917 5907 5918
f 5919 5920 5921
f 5922 5923 5924
f 5925 5926 5927
f 5928 5929 5930
f 5931 5932 5933
f 5934 5935 5936
f 5937 5938 5939
f 5940 5941 5942
f 5943 5944 5945
f 5946 5947 5948
f 5949 5950 5951
f 5952 5953 5954
f 5955 5956 5957
f 5958 5959 5960
f 5961 5962 5963
f 5964 5965 5966
f 5967 5968 5969
f 5970 5971 5972
f 5973 5974 5975
f 5976 5977 5978
f 5979 5980 5981
f 5982 5983 5984
f 5985 5958 5960
f 5958 5985 5914
f 5986 5987 5988
f 5986 5940 5987
f 5989 5990 5991
f 5991 5990 5992
f 5993 5994 5995
f 5996 5997 5998
f 5999 6000 6001
f 6002 6003 6004
f 5958 6005 5959
f 6006 6007 6005
f 5918 6008 5917
f 5961 5905 6009
f 5961 6009 5962
f 5962 6009 5917
f 5905 5907 6009
f 5917 6009 5907
f 6010 6011 6012
f 6013 6014 6015
f 6016 6017 6018
f 6019 6020 6021
f 6022 6023 6024
f 6025 6026 6027
f 6028 6029 6030
f 6031 6032 6033
f 6034 6035 6036
f 6037 6038 6039
f 6040 6041 5986
f 5986 6041 5940
f 5941 6041 6040
f 5940 6041 5941
f 6042 6043 6044
f 6045 6046 6047
f 6048 6049 6050
f 6051 6052 6053
f 6054 6055 6056
f 6057 6058 6059
f 6060 6061 6062
f 6063 6064 6065
f 6066 6067 6068
f 6069 6070 6071
f 6072 6073 6074
f 6075 6076 6077
f 6078 6079 6080
f 6081 6082 6083
f 6084 6085 6086
f 6087 6088 6089
f 6090 6091 6092
f 6093 6094 6095
f 6096 6097 6098
f 6055 6099 6056
f 6100 6101 6102
f 6103 6104 6105
f 6106 6107 6108
f 6003 6109 6004
f 6006 6110 5916
f 6005 6110 6006
f 6110 6005 5958
f 5914 5916 6110
f 5958 5914 6110
f 5962 5917 6111
f 6008 6111 5917
f 6112 6113 6114
f 6115 6116 6117
f 6118 6119 6120
f 6121 6122 6123
f 6124 6125 6126
f 6127 6128 6129
f 6130 6131 6132
f 6133 6134 6135
f 6136 6137 6138
f 6139 6140 6141
f 6142 6143 6144
f 6145 6146 6147
f 6148 6149 6150
f 6151 6152 6153
f 6154 6155 6156
f 6157 6158 6159
f 6160 6161 6162
f 6163 6164 6165
f 6166 6167 6168
f 6169 6170 6171
f 6172 6173 6174
f 6175 6176 6177
f 6178 6179 6180
f 6181 6182 6183
f 6038 6037 6184
f 5957 6185 5955
f 6186 6187 6188
f 6184 6189 6042
f 6190 6191 6192
f 6193 6194 6195
f 6196 6197 6198
f 6199 6200 6201
f 6202 6203 6204
f 6205 6206 6207
f 6208 6209 6210
f 6211 6212 6213
f 6040 6214 5941
f 6038 6215 6044
f 6184 6215 6038
f 6044 6215 6042
f 6215 6184 6042
f 6216 6217 6218
f 6218 6217 6219
f 6220 6221 6222
f 6220 6223 6221
f 6224 6225 6226
f 6227 6225 6224
f 6228 6229 6230
f 6228 6231 6229
f 6232 6233 6234
f 6232 6235 6233
f 6236 6237 6238
f 6239 6237 6236
f 6240 6241 6242
f 6243 6241 6240
f 6244 6245 6246
f 6246 6245 6247
f 6248 6249 6250
f 6251 6248 6250
f 6252 6253 6254
f 6255 6252 6254
f 6256 6257 6258
f 6259 6257 6256
f 6260 6261 6262
f 6261 6263 6262
f 6264 6265 6266
f 6265 6267 6266
f 6268 6269 6270
f 6271 6269 6268
f 6272 6273 6274
f 6275 6273 6272
f 6276 6277 6278
f 6279 6277 6276
f 6280 6281 6282
f 6280 6282 6283
f 6284 6285 6286
f 6287 6286 6285
f 6288 6289 6290
f 6291 6289 6288
f 6292 6293 6294
f 6293 6295 6294
f 6296 6297 6298
f 6299 6297 6296
f 6300 6301 6302
f 6301 6303 6302
f 5914 5985 5907
f 5918 5907 5985
f 6304 6305 6306
f 6306 6305 6307
f 6007 5963 6005
f 5962 6005 5963
f 6308 6309 6310
f 6308 6311 6309
f 6312 6313 6314
f 6314 6315 6312
f 6316 6317 6318
f 6318 6317 6319
f 6320 6321 6322
f 6321 6323 6322
f 6324 6325 6326
f 6327 6325 6328
f 6325 6329 6328
f 6325 6330 6331
f 6332 6325 6333
f 6334 6325 6335
f 6329 6325 6336
f 6331 6337 6325
f 6325 6338 6339
f 6326 6325 6340
f 6325 6339 6336
f 6325 6327 6341
f 6330 6325 6341
f 6325 6342 6343
f 6325 6324 6344
f 6338 6325 6344
f 6340 6325 6334
f 6345 6333 6325
f 6346 6325 6347
f 6348 6347 6325
f 6335 6325 6349
f 6346 6350 6325
f 6348 6325 6343
f 6332 6349 6325
f 6345 6325 6350
f 6351 6352 6353
f 6354 6355 6353
f 6355 6356 6353
f 6357 6353 6358
f 6359 6360 6353
f 6361 6362 6353
f 6363 6358 6353
f 6354 6353 6364
f 6365 6359 6353
f 6366 6353 6352
f 6357 6367 6353
f 6351 6353 6356
f 6368 6353 6369
f 6363 6353 6360
f 6370 6361 6353
f 6366 6371 6353
f 6372 6353 6362
f 6373 6353 6368
f 6374 6353 6375
f 6353 6376 6365
f 6375 6353 6377
f 6370 6353 6367
f 6376 6353 6371
f 6373 6364 6353
f 6374 6369 6353
f 6378 6379 6380
f 6381 6380 6379
f 6382 6383 6384
f 6385 6384 6383
f 5985 6008 5918
f 6008 5985 5960
f 6386 6387 6388
f 6389 6387 6386
f 6390 6391 6392
f 6393 6391 6390
f 6394 6395 6396
f 6395 6397 6396
f 6398 6399 6400
f 6401 6400 6399
f 6402 6403 6404
f 6405 6402 6404
f 6406 6407 6408
f 6408 6407 6409
f 6039 6038 5988
f 5988 6038 5986
f 6040 6038 6044
f 5986 6038 6040
f 6410 6411 6412
f 6413 6411 6410
f 6414 6415 6416
f 6415 6417 6416
f 6418 6419 6420
f 6421 6420 6419
f 5962 6111 6005
f 6005 6111 5959
f 6111 6008 5960
f 5959 6111 5960
f 6422 6423 6424
f 6423 6422 6425
f 6426 6427 6428
f 6427 6426 6429
f 6430 6431 6432
f 6430 6433 6431
f 6434 6435 6436
f 6436 6435 6437
f 6438 6439 6440
f 6441 6439 6438
f 6442 6443 6444
f 6445 6442 6444
f 6446 6447 6448
f 6449 6447 6446
f 6450 6451 6452
f 6453 6452 6451
f 6454 6455 6456
f 6457 6456 6455
f 6458 6459 6460
f 6461 6460 6459
f 5941 6214 6042
f 6042 6214 6043
f 6040 6044 6214
f 6043 6214 6044
f 6463 6465 6462
f 6466 6463 6462
f 6462 6465 6464
f 6464 6466 6462
f 6463 6469 6465
f 6467 6463 6466
f 6467 6469 6463
f 6465 6469 6464
f 6468 6466 6464
f 6464 6469 6468
f 6468 6467 6466
f 6469 6467 6468
f 6470 6471 6472
f 6473 6474 6475
f 6476 6477 6478
f 6479 6480 6481
f 6482 6483 6484
f 6485 6475 6486
f 6487 6488 6489
f 6490 6491 6492
f 6493 6494 6495
f 6496 6497 6498
f 6499 6500 6501
f 6502 6503 6504
f 6505 6506 6507
f 6508 6509 6510
f 6511 6512 6513
f 6514 6515 6516
f 6517 6518 6519
f 6520 6521 6522
f 6523 6524 6525
f 6526 6527 6528
f 6529 6530 6531
f 6532 6533 6534
f 6535 6536 6537
f 6538 6539 6540
f 6541 6542 6543
f 6544 6545 6546
f 6547 6548 6549
f 6550 6551 6552
f 6553 6526 6528
f 6526 6553 6482
f 6554 6555 6556
f 6554 6508 6555
f 6557 6558 6559
f 6559 6558 6560
f 6561 6562 6563
f 6564 6565 6566
f 6567 6568 6569
f 6570 6571 6572
f 6526 6573 6527
f 6574 6575 6573
f 6486 6576 6485
f 6529 6473 6577
f 6529 6577 6530
f 6530 6577 6485
f 6473 6475 6577
f 6485 6577 6475
f 6578 6579 6580
f 6581 6582 6583
f 6584 6585 6586
f 6587 6588 6589
f 6590 6591 6592
f 6593 6594 6595
f 6596 6597 6598
f 6599 6600 6601
f 6602 6603 6604
f 6605 6606 6607
f 6608 6609 6554
f 6554 6609 6508
f 6509 6609 6608
f 6508 6609 6509
f 6610 6611 6612
f 6613 6614 6615
f 6616 6617 6618
f 6619 6620 6621
f 6622 6623 6624
f 6625 6626 6627
f 6628 6629 6630
f 6631 6632 6633
f 6634 6635 6636
f 6637 6638 6639
f 6640 6641 6642
f 6643 6644 6645
f 6646 6647 6648
f 6649 6650 6651
f 6652 6653 6654
f 6655 6656 6657
f 6658 6659 6660
f 6661 6662 6663
f 6664 6665 6666
f 6623 6667 6624
f 6668 6669 6670
f 6671 6672 6673
f 6674 6675 6676
f 6571 6677 6572
f 6574 6678 6484
f 6573 6678 6574
f 6678 6573 6526
f 6482 6484 6678
f 6526 6482 6678
f 6530 6485 6679
f 6576 6679 6485
f 6680 6681 6682
f 6683 6684 6685
f 6686 6687 6688
f 6689 6690 6691
f 6692 6693 6694
f 6695 6696 6697
f 6698 6699 6700
f 6701 6702 6703
f 6704 6705 6706
f 6707 6708 6709
f 6710 6711 6712
f 6713 6714 6715
f 6716 6717 6718
f 6719 6720 6721
f 6722 6723 6724
f 6725 6726 6727
f 6728 6729 6730
f 6731 6732 6733
f 6734 6735 6736
f 6737 6738 6739
f 6740 6741 6742
f 6743 6744 6745
f 6746 6747 6748
f 6749 6750 6751
f 6606 6605 6752
f 6525 6753 6523
f 6754 6755 6756
f 6752 6757 6610
f 6758 6759 6760
f 6761 6762 6763
f 6764 6765 6766
f 6767 6768 6769
f 6770 6771 6772
f 6773 6774 6775
f 6776 6777 6778
f 6779 6780 6781
f 6608 6782 6509
f 6606 6783 6612
f 6752 6783 6606
f 6612 6783 6610
f 6783 6752 6610
f 6784 6785 6786
f 6786 6785 6787
f 6788 6789 6790
f 6788 6791 6789
f 6792 6793 6794
f 6795 6793 6792
f 6796 6797 6798
f 6796 6799 6797
f 6800 6801 6802
f 6800 6803 6801
f 6804 6805 6806
f 6807 6805 6804
f 6808 6809 6810
f 6811 6809 6808
f 6812 6813 6814
f 6814 6813 6815
f 6816 6817 6818
f 6819 6816 6818
f 6820 6821 6822
f 6823 6820 6822
f 6824 6825 6826
f 6827 6825 6824
f 6828 6829 6830
f 6829 6831 6830
f 6832 6833 6834
f 6833 6835 6834
f 6836 6837 6838
f 6839 6837 6836
f 6840 6841 6842
f 6843 6841 6840
f 6844 6845 6846
f 6847 6845 6844
f 6848 6849 6850
f 6848 6850 6851
f 6852 6853 6854
f 6855 6854 6853
f 6856 6857 6858
f 6859 6857 6856
f 6860 6861 6862
f 6861 6863 6862
f 6864 6865 6866
f 6867 6865 6864
f 6868 6869 6870
f 6869 6871 6870
f 6482 6553 6475
f 6486 6475 6553
f 6872 6873 6874
f 6874 6873 6875
f 6575 6531 6573
f 6530 6573 6531
f 6876 6877 6878
f 6876 6879 6877
f 6880 6881 6882
f 6882 6883 6880
f 6884 6885 6886
f 6886 6885 6887
f 6888 6889 6890
f 6889 6891 6890
f 6892 6893 6894
f 6895 6893 6896
f 6893 6897 6896
f 6893 6898 6899
f 6900 6893 6901
f 6902 6893 6903
f 6897 6893 6904
f 6899 6905 6893
f 6893 6906 6907
f 6894 6893 6908
f 6893 6907 6904
f 6893 6895 6909
f 6898 6893 6909
f 6893 6910 6911
f 6893 6892 6912
f 6906 6893 6912
f 6908 6893 6902
f 6913 6901 6893
f 6914 6893 6915
f 6916 6915 6893
f 6903 6893 6917
f 6914 6918 6893
f 6916 6893 6911
f 6900 6917 6893
f 6913 6893 6918
f 6919 6920 6921
f 6922 6923 6921
f 6923 6924 6921
f 6925 6921 6926
f 6927 6928 6921
f 6929 6930 6921
f 6931 6926 6921
f 6922 6921 6932
f 6933 6927 6921
f 6934 6921 6920
f 6925 6935 6921
f 6919 6921 6924
f 6936 6921 6937
f 6931 6921 6928
f 6938 6929 6921
f 6934 6939 6921
f 6940 6921 6930
f 6941 6921 6936
f 6942 6921 6943
f 6921 6944 6933
f 6943 6921 6945
f 6938 6921 6935
f 6944 6921 6939
f 6941 6932 6921
f 6942 6937 6921
f 6946 6947 6948
f 6949 6948 6947
f 6950 6951 6952
f 6953 6952 6951
f 6553 6576 6486
f 6576 6553 6528
f 6954 6955 6956
f 6957 6955 6954
f 6958 6959 6960
f 6961 6959 6958
f 6962 6963 6964
f 6963 6965 6964
f 6966 6967 6968
f 6969 6968 6967
f 6970 6971 6972
f 6973 6970 6972
f 6974 6975 6976
f 6976 6975 6977
f 6607 6606 6556
f 6556 6606 6554
f 6608 6606 6612
f 6554 6606 6608
f 6978 6979 6980
f 6981 6979 6978
f 6982 6983 6984
f 6983 6985 6984
f 6986 6987 6988
f 6989 6988 6987
f 6530 6679 6573
f 6573 6679 6527
f 6679 6576 6528
f 6527 6679 6528
f 6990 6991 6992
f 6991 6990 6993
f 6994 6995 6996
f 6995 6994 6997
f 6998 6999 7000
f 6998 7001 6999
f 7002 7003 7004
f 7004 7003 7005
f 7006 7007 7008
f 7009 7007 7006
f 7010 7011 7012
f 7013 7010 7012
f 7014 7015 7016
f 7017 7015 7014
f 7018 7019 7020
f 7021 7020 7019
f 7022 7023 7024
f 7025 7024 7023
f 7026 7027 7028
f 7029 7028 7027
f 6509 6782 6610
f 6610 6782 6611
f 6608 6612 6782
f 6611 6782 6612
f 7031 7033 7030
f 7034 7031 7030
f 7030 7033 7032
f 7032 7034 7030
f 7031 7037 7033
f 7035 7031 7034
f 7035 7037 7031
f 7033 7037 7032
f 7036 7034 7032
f 7032 7037 7036
f 7036 7035 7034
f 7037 7035 7036

